Time,V1,V2,V3,V4,V5,V6,V7,V8,V9,V10,V11,V12,V13,V14,V15,V16,V17,V18,V19,V20,V21,V22,V23,V24,V25,V26,V27,V28,Amount
164687.0,2.0623892607475,-0.0748279468641196,-1.0679462674787,0.421705994447866,-0.180511771206806,-1.22799519328663,0.159369548305901,-0.314644414039459,0.596466766967639,0.0842850249291349,-0.795646741471638,0.246646356158232,-0.304052155550572,0.348766590102676,0.0794988856894411,-0.0906766463075568,-0.263903021551057,-0.827690289757944,0.145401196864516,-0.249205760008219,-0.293200501940769,-0.727193406475232,0.346161211632096,0.0362512273817572,-0.31178726499175,0.196664534035215,-0.0730215217218241,-0.0607214897362646,1.29
137136.0,-0.0197295568239621,0.930149930463191,-1.27469471762962,-0.209003289937964,3.57685029786783,3.63301501775168,0.962946445939309,0.58743952075533,-0.657712574279327,0.244661283208536,-0.287910110908604,-0.221678314579204,-0.499263163124323,0.483104057988907,0.0888839467232296,-1.31081437522669,-0.0482801570344236,-0.423293973449892,0.707609242232867,0.191569735732804,0.0494083557276533,0.538608966554287,-0.315019071005433,0.718839562629194,0.0469674954519537,-0.385407559325681,0.29494955408067,0.0134225276632136,1.99
32996.0,1.52678852662769,-1.12003076112185,0.0457349461853059,-1.48674183914517,-1.25486925802915,-0.565387561527119,-0.955024919630561,-0.151736302461135,-1.64999223560335,1.45731005935656,-1.38505737946211,-1.64910213055233,-0.283418780730888,-0.16593472071346,0.733472445175218,-0.110283688351993,0.258700774453385,0.350766813555362,0.0688485607920262,-0.307832987789105,-0.264145615849017,-0.467253868801076,-0.08109348401904,-0.502381777677656,0.457829425648521,-0.15387255073448,0.0178258280824162,0.0150499764356604,40.0
14472.0,1.18849570327072,-0.188308775652989,0.703471180182526,0.0919731877982158,-0.53498292818399,0.118450573202481,-0.713938717931878,0.176942052187451,1.68645020251609,-0.356603444022403,2.05310227727122,-2.37127856555292,0.484216439138318,1.92992599787686,0.293427016577525,0.545738831993043,0.274249164877865,0.462974564669977,-0.338873420736899,-0.177479696062276,-0.025103061870805,0.133514886857478,-0.020769892324562,-0.313189548562504,0.106512807901194,1.06782639082274,-0.0849035238815349,-0.0142164648180831,12.95
78573.0,1.43276238021902,-1.00294454985252,-0.105299607631934,-1.55386606394808,-0.868180380514106,-0.226849432640065,-0.742239744016697,-0.079407938490535,-2.36774615832754,1.57427220983798,1.22099185577374,-0.0334987467981727,0.759148092961243,-0.0019757607188192,-0.102282372684597,-0.659302963450638,0.502772886532154,-0.0858654451512159,-0.109886968109072,-0.271863365895934,-0.128049341717942,-0.0081292431173959,-0.0788749839030251,-0.295794416798739,0.505490133436569,-0.116835452771561,0.0191575538924794,0.0005816859664633,39.2
3958.0,-2.0224133872729,-0.713973714847131,1.35266694429619,-1.01876006907,1.69901071920198,0.553540761202326,-0.470510803561763,-1.95742031587501,0.432965515561155,0.46596659251259,0.99209596487196,-1.89829574501471,2.4690390759534,0.709234021808852,-2.16743218209735,-1.59906287185995,0.221164883640912,1.26308527578154,-0.957477885267864,-1.23171351730077,0.674486048001528,-1.2939845448985,-0.123082562778103,-1.18874043806997,0.286539793354777,0.225608380998704,-0.180097353674867,-0.244599965651483,28.0
27146.0,0.0962901484974556,0.649109014658111,0.306261595113973,0.377864067621663,0.337841447353117,0.119738502169867,0.151469407411342,0.325955622343487,0.251448471475073,-0.653139357751221,1.0919595863453,0.664064736727926,-0.301584564289424,-1.53289649444068,-0.94892804088431,0.0874072243023956,0.979621022012757,0.317749203420799,-0.0341758055142596,0.0465201462613194,-0.076428926278912,0.114429698909847,0.0135066584545474,-0.379197966751836,-0.344007145062224,0.320200010161785,0.236549536222524,0.0031319537012904,12.31
153061.0,-0.391963751791068,1.41917052885712,-0.844605416946981,-0.563525165009226,0.553757433306801,-0.918027107378125,0.725225976299568,0.146908559955104,-0.0237100640531864,-0.209107942290338,-1.59057718708356,0.161936912681677,0.687463453248608,0.52790285859982,0.425200280136107,-0.166740879311882,-0.59335057257328,0.34405237306448,0.26026699162404,0.046569400488229,0.341402454036394,1.22396348747415,-0.16407863819903,-0.60550185718632,-0.606682782732714,-0.174000969900418,0.493240876696142,0.313968124973216,0.76
26169.0,-0.777675029838828,0.997944026190798,1.20773050416042,-0.267942943591064,0.430434682274146,-0.233915935644105,0.789600765947979,-0.0861981145702534,-0.228017861815287,0.529381714247376,1.46324760724765,0.383044288793788,-0.49212108410375,0.198267309564711,0.312626884192316,-0.197696792703638,-0.429591730137541,-0.113722954928937,-0.156010930801945,0.210953297239245,0.0809312380286962,0.547857160064504,-0.156493256475734,0.0384316755044778,-0.372359055948045,0.285368385348624,0.159971237521834,0.0499303005497616,9.35
39055.0,-1.01219511793225,0.754735029192523,1.35512583255969,-0.0002324263079218,0.120654442100832,1.5692811661204,0.932275959091134,0.0953946173187886,0.383837008294907,-0.0257074312030545,0.614049804657032,0.603128209179048,-0.112246578227484,-0.4766868685932,0.71911721693779,-1.82105020653485,1.20313758399671,-2.68853369428994,-1.33703896099054,-0.190284502188788,-0.103115698348441,0.263047286083729,0.011440071289203,-0.600974697072567,-0.361787374169647,0.276709768761727,-0.303514359718007,-0.176236034959119,114.32
76368.0,-1.6640826940889,-2.07552877597203,-0.019805822026106,-0.774786709728325,-2.76803842321914,0.808134100600187,3.61437426482547,-0.539538888384703,-2.06965124485234,-0.634151173145566,-0.844468364359731,-0.0176564761025986,2.00854085673358,-0.192385183237162,0.529835888214665,-1.11274831752498,-0.355359191818124,1.22032909001212,-0.537098347377456,1.69892217594876,0.047756249044448,-0.976536081076876,2.15282809496061,-0.193979185383746,-0.187158467242523,0.72795038370481,-0.244752783364398,0.198465513224186,924.27
149148.0,-1.50288873203388,-0.887739931693246,0.585543711986008,-0.752828324815095,2.47422614876654,-1.77096215372199,0.0324026332913449,-0.0115437200523746,-0.0531381003940893,-0.764978320309254,-1.82291648504073,-0.437192803350135,-0.605570663177263,0.315793508452282,-0.499940589174575,0.28154285127364,-0.769633500718992,-0.394368330343023,-0.188429787392463,0.216058128654082,-0.137966333902607,-0.911843426618155,0.12362642565628,-0.744836160797249,-0.0825012560293404,0.138790052163593,-0.0203473116975251,0.15277149731716,1.98
169571.0,-0.122589944963508,0.69332897905299,0.788121663223159,-0.31463301744203,0.722696879572622,0.694257599514453,0.215075252994566,0.115073162067128,0.346022068696172,-0.52669431956834,-1.78820642239384,0.0191064929779876,0.882479932061347,-0.269054427865556,0.963040752980499,-0.0248496569350565,-0.626702853939487,0.332086340378726,1.29468091408607,0.0473111551525366,-0.122013948957989,-0.246066841416296,-0.0512290551222149,-0.389139382237912,-0.771994300672481,-0.502356856141824,0.122094156139141,0.203217229652039,2.49
51796.0,1.25364836888699,-0.501206709916265,0.990728954884651,-1.18112160518168,-1.50364714666766,-1.11499423058755,-0.659762723351632,-0.0821438665078673,1.91515339534235,-1.15882248697579,-0.104276508983952,0.852527173323576,0.0252213702646886,-0.22012165673023,1.30327438612022,-0.5200304870168,0.0398447007984711,0.0826553164667074,0.552376414106692,-0.0964204166259868,0.133782138830741,0.662137567922485,-0.0627623708711861,0.787195479108055,0.444006799210288,0.0944288655133928,0.0467274388988417,0.0262437036688982,1.0
60750.0,-1.14470332929196,0.986126745166907,0.517553932900747,-1.84534896241002,0.0066999256638924,-0.36416169695771,2.51369718569889,-0.571189615761935,-0.73598900871839,-1.13611567347189,-1.0913052371061,0.033798791867965,0.95975429897478,-0.0859306870553463,-0.401924527673611,0.725096635439361,-1.16980449906412,-0.571165469499846,-1.07851364256029,-0.256001428386125,-0.0803174961481105,-0.201454301897744,-0.45915667499253,-0.354274072207171,0.839529124428901,0.859385136026561,-0.245773655564967,-0.0556963388050013,237.9
140536.0,0.0086583372507798,1.35027068123946,0.812989303764801,2.86914431833139,0.897271056962196,-0.0799429344140766,1.03395924889218,-0.0765819071381872,-1.59736096642494,0.771679306311354,-1.4229778699644,-0.420812911573649,0.22110080750788,-0.0092947213128181,-1.28322799564559,0.655656122810892,-0.827774040307662,-0.195771142447448,-1.91341732761508,-0.232998361415854,0.37474645244602,1.14114786023966,-0.258326656320139,0.0033734047313186,-0.0389990526212654,0.170994247405847,0.0443836431585605,0.0432665138709039,10.62
43672.0,-1.56764681224619,-2.77730057891286,-0.0286861433824385,-1.12543338795975,-3.68096125174271,0.491667385124257,3.42401132886301,-0.647189839833122,-2.99617244066873,0.0501545521844109,-0.339213577407894,-0.460011614065806,1.80469960715062,-0.641480690571482,-0.71595982208331,-1.02836551597773,0.848732406097259,-0.0529777400618713,-0.178927524298037,1.90262476605452,0.470332412266793,0.19688580282775,2.09991621913331,0.647337393138643,0.650718700262847,-0.159545383831755,-0.286988481111995,0.090750144036299,982.11
60066.0,-1.85949952984276,-0.543435491263689,1.26067832283092,1.60178034736239,-0.943178358386017,-0.896316501176099,0.673119942406909,0.359735169342647,-0.720969994383308,-0.675625475017079,-0.310975450607912,-0.188236829805941,-0.590328495212588,0.754313497912984,1.29250017536176,0.0522167857618689,0.107629811713276,0.262858210853994,0.07335014436095,0.758243041347945,0.356612324334158,0.0195812206790517,0.706609714895059,0.846093141432162,-0.272066912827948,-0.491546827963707,-0.0488434892499487,-0.0377379620111617,298.0
85705.0,0.0878316284595885,-0.114745094763208,1.56950666847368,-0.94769004032875,-1.27212001178193,-0.383765226705115,-0.237865156858998,0.099735973249367,1.08760196310645,-0.955257637446981,1.49567962997022,1.3240807285193,0.299172420410801,-0.0530317571552498,1.25456094303251,-1.05107623891365,0.303420447795907,1.00360357468177,2.59773760272276,0.285083213382812,0.360120392342336,1.25767671580411,0.0813688190489741,0.620437101225,-0.769037620576824,0.0847108999027202,0.19313305995955,0.122537939955592,58.05
106889.0,2.04992575498578,-0.336742303249198,-1.04839170985672,-1.57209451876988,-0.111211543900696,-0.797466086261325,-0.233239633120126,-0.207112833201237,2.5598835511692,-1.1145946837572,2.4951966491356,-0.738550360211718,2.20301931850507,1.946764840307,0.114123626780242,-0.272090185946225,0.128384227088957,0.0932303332220231,0.859922135401005,-0.160853794804588,-0.508386948237762,-1.17849591945747,0.513628550431142,0.602750835852185,-0.524353616454202,-0.876331649235707,-0.0310065045098182,-0.0499949876230012,9.83
148613.0,2.03760658984154,0.0190374353183722,-1.3196187693896,0.330858604379044,0.133901882818787,-1.04928907098361,0.247530628487677,-0.346220691586991,0.458601641813057,-0.0235220029770549,-0.23365822597871,0.740411726574945,0.67485712234884,0.371379927719851,0.735559132511051,-0.380711969707317,-0.37916994029672,-0.311987349666939,-0.431857284929203,-0.176971488519214,0.280131887915692,0.957578554180769,0.0723668173621105,1.14120684239715,0.244270034507809,-0.164627659976474,-0.0179742808652187,-0.0459520384656233,8.49
38330.0,-0.73077876703322,-0.0750125358917537,2.31603175250962,-1.90274517811491,-0.551712544720433,-0.0374567519020557,0.541981180381934,-0.058827992445685,-1.58070793046553,0.0681310956316412,1.82513869015958,-0.0027583704557211,0.23045464523493,-0.397032783911445,-0.135917270748214,1.23017394081012,-0.0711062573683233,-1.38305403325609,-0.13428588053495,0.338117105609476,0.136743264821984,0.217508165672872,0.0001214500899882,0.195499501922002,0.143696426940822,-0.527853346471462,-0.145275846022198,-0.162601786722767,96.0
56945.0,1.48620423837153,-1.11388134220422,0.707313563250705,-1.5141667463103,-1.60669283030475,-0.286748625343505,-1.35979365367187,0.0218413548321287,-1.8508208957484,1.59450213360739,0.90601648160114,-0.26336807276713,0.683494540588195,-0.346838150140682,0.150242323947323,0.137828995059533,-0.0056674540540621,0.895506926057033,-0.0260371468997306,-0.296738201798813,-0.0315714893881282,0.303554215084834,-0.0521496616854184,0.0055482481449124,0.360517842922226,-0.10053019810723,0.0490901277140385,0.0134510709649589,8.7
165337.0,1.71868540561967,-0.230762313088181,-1.86021725613694,0.665097632157024,0.1183656706146,-1.43064738146508,0.614810610037873,-0.532205196591934,0.330841673383612,-0.599934440964163,-0.0696035644712037,0.913491082807866,1.60475535045819,-1.00251738665578,0.745980819448042,0.148978960494682,0.31484146366551,0.338993440958393,-0.502642404129702,0.251829726234056,0.320684102819858,0.779747826951689,-0.192996626451431,0.0348179021639518,0.241044224481804,-0.128023283278303,-0.025195142163279,0.0029311481946014,179.0
64829.0,-2.13085444559033,-2.33724562103127,1.51322994732639,-1.6031840050413,-0.189340882527016,-0.154974702036323,0.933018445288306,0.0202601887401616,1.2177192045795,-1.70939918641645,0.324457094021521,0.453562171842365,-0.618961632429119,-0.168058107401565,0.0932456620712561,0.145212119509526,-1.02589125691137,1.40803638937163,0.274895843088611,1.21178189655341,0.52717374243302,0.663329396343477,0.775082923516306,-0.393337762566526,0.581453077534856,-0.708273691088029,-0.220865742132434,-0.0741680582327477,443.0
64734.0,-1.00739267550661,-0.165398857749862,0.68868191121309,-1.97367508809026,-0.889859137559201,-0.602386875559563,-0.28837137838293,0.292658789213799,-3.04482202452579,1.13438547238548,1.41924057792452,-0.218614781237292,0.151056798370123,0.332882875603382,-0.355407309708149,-0.774547511603996,0.916016975943874,-0.372601830573534,0.0955458437769939,-0.64103956516682,-0.330981080045437,-0.642449225521996,0.389396611196231,0.154101660756782,-0.178099532171106,-0.494654965309042,-0.216550849615442,-0.0938231261418395,40.72
122536.0,1.96757354599413,-0.477625934024505,-0.431299226062108,-0.0454637834525853,-0.524692837846892,-0.0297787303356909,-0.728711589959372,0.220480045990522,1.19691830604501,-0.0240299886500475,0.81763498641921,0.693869851560365,-0.91943814910942,0.318670336117007,0.172075703538286,0.413376389884129,-0.65524619861245,0.274133335214983,0.259546372736345,-0.249754160807083,-0.154798857780859,-0.396728567395489,0.43870259824864,0.651200086035597,-0.561314068323661,-0.330384220886838,-0.0011833604749439,-0.0424770631126413,0.77
38958.0,-2.09089563130921,1.44375741565926,1.2141772644463,0.14829497239643,-1.24415990926285,-0.190354530758778,0.562739151495042,0.727264072670974,-0.972634751391433,-0.803701448432079,1.02931014000249,0.906470530583548,-0.0392747042905679,0.797207164795459,-0.208046145582204,0.946039704294214,-0.651209602202116,0.477595948421309,-0.758697315396407,-0.507535776400441,0.11452069089479,-0.0641672676033685,-0.278039616977437,0.516173071935073,0.351606014070231,-0.625615871958831,-0.474534815851123,-0.170198668474073,150.0
142421.0,0.138652368099807,0.315119584003622,1.13575394927867,-0.464239017461355,-0.185422310072974,-0.204253030112642,0.0951623723162537,0.110973959493897,0.539018252996625,-0.669972484056558,-0.790849055612177,0.254314694186015,0.228439906740479,-0.425208694501154,-0.0553298428074583,0.213117620856305,-0.456029467399297,-0.0767115688489787,-0.689937277825689,-0.126270098207423,0.256237713982377,0.861205600389302,0.0205017375178965,1.14155044571355,-0.531308041828722,0.44173695755738,0.0203278531642275,0.0159780270644873,11.5
72420.0,-0.429524146710859,0.221469640202005,-0.0084041044110866,-1.94573163541803,2.21919900540326,3.54504071611349,0.218529387380851,0.932642765817114,-0.0022947480086731,-0.915568216371027,-0.65895259495921,-0.0321564996979423,-0.280781478145709,-0.123968033233203,-0.611886995051388,0.359062166478216,-0.708971017938477,-0.303251641481049,0.182390495593632,0.0831763712795713,-0.231640118431444,-0.80296108152949,0.0783439522310301,1.03447537603253,-0.387246257658509,0.608816377704663,0.0396979862201821,0.133074194664676,53.24
36818.0,-2.80214938462224,-2.00336884424449,1.93454186624799,0.719987228594993,2.99943322337802,-2.05721309923648,-1.10029704828995,0.345933484196185,-0.627798533624599,-0.293705228127465,0.690472466307956,0.441970533976436,-0.387004224869105,0.536330390475194,-0.0948407812129611,0.571641685235632,-0.97983380187125,0.766404313329221,-0.467257549882458,0.684865871143126,0.361281266786008,0.032626528066496,0.172866422274646,-0.022279997418216,0.747145342168642,-0.399514367724583,-0.0781102715609491,0.111295389759756,30.0
141952.0,1.88550143438415,0.365525409586616,-2.33104213375375,1.40964185957588,1.05148174362631,-0.626258783127154,0.682517022766414,-0.240095536114013,-0.243399202297327,-0.235985750315232,1.29930328306122,1.06710407652011,0.290295287825165,-0.916036324385354,-1.09358223267379,-0.0665756097613184,0.729543066385354,0.445399338979354,-0.17681226386877,-0.0691955420284036,0.0540045949061066,0.242276429725296,-0.0519377536441036,0.601841400514953,0.449193909053048,-0.549769255482681,-0.0103395293175601,-0.0215805535796754,59.15
1041.0,0.892379086306247,-0.345990825122737,0.0512796641809886,0.741072106485362,-0.452616389360558,-0.724437378286128,0.41593207014189,-0.215841660634644,-0.235291966589961,-0.0458162302119724,1.45234145592535,1.45389813093945,0.542250123939358,0.296938567046057,-0.716972880216792,-0.202751651160983,-0.225315381924178,-0.256772465378347,0.2825811298325,0.271976221640929,0.108916120971431,0.0804484466086322,-0.254845806159858,0.63883132973019,0.568468713019937,0.503576422694093,-0.0837775822211714,0.0241839992285879,173.0
149792.0,-1.27030453545922,-0.197521799286588,1.94608789078419,-0.668328740701809,0.77782571471715,-0.133728122816529,-0.179700823164677,0.372233855135159,0.120051761249311,-0.895627069216738,0.489695033044421,0.240141908664377,-0.802023870401349,0.143955900246961,-0.132299561157033,0.302252800442239,-0.763189941838737,1.10194052268343,0.0056006959891773,0.148688654628676,0.388988374225979,0.876317798396023,-0.354844316364426,0.777272139624542,0.761001090002568,-0.0629927477978791,0.0181180028762961,0.0734868348942117,22.0
35138.0,1.12571101047455,0.234986958615978,1.52503504237227,2.71626009803041,-0.832367882759346,0.13471645944959,-0.57947422094821,0.182346498018806,0.161605134987253,0.503663299980422,-1.01047026836071,-0.0115349279887687,-0.29829357983864,-0.347294226497857,-0.267070734995616,0.635701429869348,-0.395031132687369,-0.160297559095377,-0.840530616379813,-0.186032848811871,-0.0902722503583405,-0.120622695836261,0.0495784751675583,0.36512257682414,0.285938041227394,-0.0419285273844104,0.0408352394261485,0.0348977488068507,0.0
2423.0,-0.323034653728129,0.706652343048545,0.895411868036496,-2.15205958630296,0.423785100248149,-1.21712987756288,1.17027442074347,-0.417092382940878,0.852196213464595,-1.15201709839809,-0.769283022316395,0.114535710119928,-0.0266387557552148,0.0294075376480129,0.908748944215807,-0.440510312373912,-0.757403607994815,0.19233214638371,0.0858140995129313,0.052831164846135,0.0288555060921838,0.47134845537365,-0.358870908734488,-0.10617794595666,0.143148634136286,-0.808874282534371,0.238886507686924,-0.0185155660060175,1.0
38895.0,-0.881080744099799,0.219706371430921,1.61992403656166,-0.545692148731825,1.35376364895268,-0.886283975126944,0.632756924949248,-0.261068793587562,-0.353389437376989,-0.514330067425637,-1.05181795849977,0.0010756958146582,0.790327178537494,-0.222095437126654,0.448074222913303,0.578383510933168,-1.09252812814689,-0.238872953808322,-0.334027921134686,0.194461069513364,-0.217760354143019,-0.712650522400861,-0.103660004652416,-0.46092204608885,-0.0319955067805479,-0.0379136872725371,-0.146680087310257,-0.112007642539295,1.98
52037.0,0.911221185517161,-0.258174506047429,1.09619352843074,1.35906731781047,-0.966773384458639,-0.361620123058526,-0.268380236920028,-0.0566200733266011,0.309678011895548,-0.0885685755269012,-0.281097548061665,0.706856025287801,1.16964346622893,-0.197838762609471,1.31639893773279,0.64838666655264,-0.76004010515262,0.239387048959624,-0.753512507775059,0.224881912447075,0.197879810853612,0.342579437116703,-0.13840489524311,0.419168588825028,0.321457452824022,-0.379438392042965,0.0425086853678295,0.0667195140851121,144.0
6672.0,-1.73805904100638,-0.979683225663965,2.14850305216251,-0.744642181003835,-1.01351412830545,-0.329355341614604,-1.22502077036471,0.53343823116452,1.05885964101853,-0.892852208816723,0.319394008073122,-2.20981220489393,2.00817593917125,0.392431758296017,-2.45458763952291,0.4013991793268,1.90719914009677,-1.74080281098878,-0.515873552031905,-0.230857187360069,0.199716269989958,0.881333838798747,-0.508521717187833,0.663110882952789,0.174252031823417,-0.205664068077496,0.0023723621905906,-0.35871475254938,67.43
18895.0,1.24533658991321,-0.273575908149224,0.683713454365785,-0.766522857532907,-0.472246046876152,0.190399197200019,-0.682181602700452,0.0208461968816207,3.01757857184735,-1.52566215217805,0.140249922603644,-1.45914023576534,2.66174744665277,1.08069754352832,0.745962928289283,-0.56257863513495,0.508369384008138,0.172654155074422,0.300443135359576,-0.0922082397281619,-0.172926799385213,0.0598865595477234,-0.119483106014346,-0.790592369297953,0.543437384365016,-0.647129812397719,0.0864504717479027,0.0207318264007353,11.85
62610.0,-0.644249049199074,0.692861666481621,1.42837319095929,1.37805776134329,0.385872914039468,-0.0921063230810841,0.481888837334188,0.130659719859745,-0.26758021611313,-0.0938627570650673,-0.640518374394693,0.127400819487591,-0.22898028658003,0.0481838042137344,0.238731192402773,-1.21938470368059,0.638968284641882,-0.653403032922573,0.721645842187869,0.247209370826683,-0.0006201055699993,0.244644303738979,-0.0490364961442639,0.0928547838202476,-0.0724499534283075,-0.2239115907769,0.411894265094742,0.211386598051594,29.0
163300.0,2.05521648152278,-0.828343115726232,-2.85725217548907,-0.644722955986725,0.492604347796769,-0.782742202593682,0.482505618892342,-0.389004118333771,-1.21607173042497,1.19233634809624,-0.0155010017610304,-0.405873037369235,-1.18803516201045,1.11294597930933,-0.856360041182577,-1.84037181880282,-0.200015969730299,1.47582148053635,-0.190301792193716,-0.448565292613394,-0.0435007628959906,0.149512698929488,-0.211610646074196,0.2382075624536,0.482471618782178,0.99191814938871,-0.159419908298028,-0.0847317553768429,114.98
80597.0,1.2408543505346,0.694392716075617,-0.213788982323854,1.3005237084552,0.063789332510308,-1.17710871903872,0.326624450518573,-0.270599852502263,-0.150876382892696,-0.56283095653249,0.104884576691827,0.201963568490929,0.443475466408747,-1.10535234000566,1.0034030258026,0.470274854528802,0.61259552767795,0.391799550955512,-0.578052154017736,-0.0764444489316723,-0.0446475130283054,-0.0349463590522271,-0.124859477623074,0.287817740405407,0.708010783246743,-0.328839187483842,0.034472039900625,0.0513086171706493,1.0
149761.0,2.06341947800095,-0.0334811963087025,-1.08552485000428,0.400240305783867,-0.0861387390020827,-1.17023191870867,0.208278014054599,-0.350386850041051,0.495325454253172,0.06281373617567,-0.739583561691863,0.594752266353552,0.40677345251483,0.206135090731169,0.0083493632221751,-0.102570792565627,-0.329339553643867,-0.889877411903345,0.166508522899536,-0.197512702548758,-0.28841311770224,-0.684211786363203,0.327045427986366,-0.0150832826678984,-0.279609076771423,0.198449129516871,-0.0689849561501771,-0.0595362947217709,3.59
155711.0,2.11790457410343,-0.0928897829271759,-1.60393786670205,-0.0271776307541429,0.632960941305552,-0.0927978885190341,0.0902930511067612,-0.132675615305009,0.288732881408305,0.227711323426943,-0.168025567648779,0.981266148184631,0.793202334467726,0.275430005615636,-0.623553159830619,0.463106051993244,-1.0689733649527,0.0013920771780321,0.947641021583651,-0.13404134526287,-0.321452614100069,-0.791025522131718,0.152573946107537,-1.37029018470124,-0.126163360010588,0.261476211042084,-0.0724182053697602,-0.0829114352717661,0.89
42604.0,1.13371297688795,-0.101927112311967,-0.370354048320296,0.921122341180581,0.658397802432507,1.14423438626449,-0.0262889715384851,0.252986479914524,0.209542893282574,0.0331806377530883,-0.458122610319464,0.416356362908656,-0.342393273605864,0.258958287255626,-0.612648358210463,0.0055394736896253,-0.588813733524581,0.146729366562202,0.558222447662438,-0.0357988092825381,-0.134462769778644,-0.328214458377925,-0.332812291139969,-1.69893445651572,0.828126660094645,-0.227644717787004,0.0202041155399474,-0.0027365423661848,65.11
79009.0,-0.605505124832374,1.28268425363383,1.21954444707485,-0.113742138086609,0.0778685326868142,-0.669448789692816,0.617042481603268,0.0655154223689488,-0.516968413807503,-0.0438059996080356,1.56751193854897,0.804984831185058,0.383972649135448,-0.373100247282567,0.169752347638983,0.541630903815869,-0.271872141430034,0.297841250607045,0.167109761462261,0.272886230882905,-0.238818409977188,-0.57006226734614,-0.0216749408990078,0.283769447961726,-0.127102126048733,0.0580628145586267,0.349769424180029,0.150013280255918,1.79
100490.0,-0.522716333759345,0.910470222118529,0.147740150103929,0.152009698697091,0.520530752140383,-0.113212159410765,0.346485476495666,0.374764236095076,0.49645208129392,-0.841984073551778,1.53242610553157,-1.8473077528769,1.26254927654423,2.26317840615114,-1.36931394146408,-0.457490343721484,0.852014618558366,0.212119774048892,1.2220032425455,-0.052791190585409,-0.165669170238298,-0.394791465207043,0.130092109141864,0.66094771475034,-0.727687948011323,0.284773531657033,-0.0262909493542415,0.0819379061439383,28.91
144986.0,0.0469220946380581,0.892028891689254,0.303854465778366,-0.586845902213159,0.425458548342777,-1.12279787224629,1.03245324730747,-0.224383411842624,-0.0879255914129152,-0.419106887675061,-0.870394277640792,0.291020929530857,0.291601493574925,0.0562915017522666,-0.435182322677114,-0.109156404741237,-0.421556335944311,-0.786389361119276,-0.0890948314882217,-0.0227915305412797,-0.257248000399236,-0.546293141893427,0.0656121080157937,0.0472250873862024,-0.481209302148349,0.136802252055498,0.24932478709447,0.0980137013038571,2.69
2927.0,-0.42118466417176,0.566109596701097,0.944037742949938,-2.27298670861401,0.531675037453154,-0.531562907257668,0.950070074521677,-0.105967552515261,0.673323148277735,-1.00892800041155,1.19031423351667,0.606196072891763,-0.793038758280155,0.390210509593983,0.517601398739619,-0.554994019837794,-0.633596763837185,0.262586151189023,-0.0409867053762102,-0.0137508057346442,0.111757259488421,0.676770259919282,-0.313789272162967,-0.322596623594634,-0.0032399922770587,-0.804754346399422,0.24762992879561,-0.0317899441388134,1.0
167347.0,-0.161044542666906,1.98528439842869,0.867568184683018,4.04356459010131,1.29441331551109,0.862331143092353,1.22138183859334,-0.395320561349748,-1.48831804245113,2.68067143386242,-0.996057844808388,-0.403251742530517,1.14145112162342,-0.445551621791729,0.356561542565039,-0.49190825267208,-0.177619443355094,-0.396457038949162,1.42338847402224,0.761872990838855,-0.380285126687266,-0.3874527712944,0.0297813209519876,0.443840318647344,-0.790467438883271,-0.0306604588484793,0.363713920276419,-0.0431360967492446,5.67
48092.0,1.17793337226677,0.331123353282228,0.41041495282459,1.14708535547816,-0.241888336276447,-0.690829021487574,0.153498026325438,-0.121458181559129,-0.0539104845514265,-0.0315297090021672,0.132844718518039,0.419681569477841,-0.0097689025458911,0.42346217489017,1.1390668925706,-0.342831555181476,-0.0322780660351387,-0.716783126098039,-0.853105792580229,-0.182321592588107,0.0775592250319184,0.308125111819639,-0.0305557816944335,0.401838074061929,0.573161320628239,-0.318588673297067,0.031197509781695,0.0202962203833686,4.4
150220.0,-0.20247290434045,1.25936652429766,-0.963798696897649,-0.748043724155546,0.965891437386715,-0.240280302222012,0.553243935926997,0.462511301865536,-0.532169236992145,-0.908347531694183,0.480357389397298,0.878359141772678,0.692776133329482,-0.65903798145659,-1.00636736641114,0.779743036264996,0.0516485437616514,0.420246207213038,0.255279915260399,-0.0152186260868838,-0.274222287093206,-0.7831581741846,0.071796647301365,0.0030673105588582,-0.332426564569198,0.128620173649005,0.095398570955006,0.0073118448352002,6.96
141283.0,-1.4585460133014,0.214807150577892,1.53410618563268,-0.557367999972265,0.495511184843075,1.66851608646851,-0.434771518075025,1.09114286532528,-0.43690781971814,-1.09052409849875,0.938952441916565,1.19618781893171,0.678043864163393,0.150171702527036,0.429452147191962,-0.460159654054335,0.352831015920639,-0.631432912549434,-0.498104865974401,0.0711385453061249,0.387729809879562,1.00877359289437,-0.295931624525236,-1.33141563359337,0.293394582117181,0.870295082882337,-0.0556997492970562,-0.0890740498969893,46.0
167338.0,-1.37442438802593,2.79318461104641,-4.34657205544607,2.40073141993213,-1.68843271426041,0.111136092520939,-0.922037621262745,-2.14992997529601,-2.02747375610927,-4.39084192218279,1.24195817554592,-3.91052150018815,-1.22563629923953,-4.69799687128777,0.676108304106939,-2.07706554161602,-2.68352089790884,-0.525949332550218,0.42234244481934,0.650195855719888,-0.870778521555015,0.50484915999462,0.13799426850986,0.36827456897565,0.103136654803567,-0.414208828090744,0.454981584858352,0.0967109642319915,349.08
29531.0,-1.06067628419757,2.60857946990866,-2.97167900258071,4.36008935234848,3.73885304346426,-2.72839507263672,1.98761635466291,-0.357344707416169,-2.75753451251209,-2.33593332652232,2.11151686706104,-2.59194964968951,-1.9505893546741,-7.31157981735935,0.0777527657738322,2.29060783198994,6.50927165018434,2.56997142628646,-3.28615008214787,-0.0890615369649179,-0.0631678773494982,-0.207385284031508,-0.183260817119722,-0.103679373403096,0.896178353364318,0.407386872028391,-0.130918311231478,0.192177382137495,0.68
160450.0,0.0134752103667968,-0.013389233887684,-0.481293088859002,-2.57091829451039,0.661262018444236,-0.532810561967461,0.384005294934124,0.0093156717912827,-1.09733511899335,0.475062798264947,0.0459453378918381,-1.01620262178021,-1.00292170664752,0.263931408387344,-1.07481050450597,1.48800715233668,-0.626208853206788,-0.362982070843455,0.144038493148874,0.0767135634969185,0.559232772933414,1.53400160272508,-0.139059053338569,0.211902097453943,-0.67610044660137,-0.225662301849351,0.4361122827594,0.295480099534365,15.0
7610.0,0.725645739819857,2.30089443776603,-5.32997618300917,4.007682804682,-1.73041059025206,-1.73219256822244,-3.96859261813707,1.06372815344105,-0.486096552344833,-4.62498495406596,5.5887239146762,-7.14824263637845,1.68045074096412,-6.21025774661028,0.495282117814298,-3.5995402092184,-4.83032424210571,-0.649090120211694,2.2501232487881,0.504646226103286,0.589669127323198,0.109541319229913,0.601045276521079,-0.364700278220039,-1.84307769215194,0.351909298434892,0.594549978086464,0.0993722360416487,1.0
25899.0,1.04357491333643,-0.918705306928291,0.146292142631703,-0.188940654821673,-1.2854709466488,-1.30295431904871,0.0490449618221033,-0.406314399547914,-0.937103647681961,0.528470837595048,-0.166737147921685,0.439092469310605,0.63169244386015,-0.0181285380018081,-0.12174851972781,-1.95671675176317,0.48226846378333,0.387857198929329,-0.721703768278524,-0.140935120785061,-0.306046525489777,-0.631542925942325,-0.0941432093607367,0.988330741351017,0.318932945150137,1.03934509535447,-0.0962256973277767,0.0337800818064081,174.98
93081.0,-0.947770869616522,1.15049022310099,-1.0710513715286,-0.772602229009907,4.34771148418175,3.12683145906952,0.904930354540705,0.738577842634258,0.220991306931677,-1.83880649610974,0.9128175936621,-2.95425024543391,0.883079109299179,0.536632066497874,-1.30630168192341,-0.137233927325195,1.42097154449296,0.346132722615172,-1.24126763308293,-0.0816951591636958,-0.174816231835716,-0.375805772318648,-0.595504417040942,0.512291597844312,1.36816071692825,-0.470047266603641,-0.0067918722435098,0.0585915749987981,1.0
83033.0,1.30237796508637,-0.606529308236609,-0.681986192919261,-1.90460339622212,1.32662310684685,3.43631244725031,-1.14512682747431,0.959147262092341,1.67130156362918,-1.02294602983554,-0.191422972651615,0.631027341487108,0.0319072703534055,-0.0314253812628428,1.44662697638966,-0.121820378583087,-0.651405237009102,0.617970476528782,0.927600044556072,0.0057566554189328,-0.0642082814806287,-0.0805870774450856,-0.0729910792746877,1.01813597043583,0.663574772480488,-0.671322844293718,0.0968009452278396,0.0286968782920849,1.0
90434.0,1.84843255870069,0.373363986127128,0.269271959391459,3.8664379415194,0.0880619529195074,0.970447127520637,-0.721945223774171,0.235983234601773,0.68349097039929,1.16633490493514,1.29753126342192,-1.92096557218829,1.88504688159055,1.32322534924524,-2.04448189781674,1.31765504618758,-0.441075927559015,0.804104385470907,-1.65833855716456,-0.282777066493116,0.103562657365634,0.620953629260106,0.197076838828891,0.69239236422978,-0.206530110838823,-0.021327853364964,-0.019822802502992,-0.0426818320481336,0.0
83561.0,1.23768908498792,0.318780203225806,0.196235964829573,0.496997889087613,-0.125903238150204,-0.553357805248651,-0.0030797566444768,-0.0529790056685483,-0.251037789085822,-0.12210025674997,1.39116291471137,0.978258375440046,0.505139147620451,-0.171716374838895,0.383811404413994,0.756257875072621,-0.392906012879438,0.265601910671459,0.212948198070038,-0.0404094849973794,-0.25426843917147,-0.752553866577198,0.0730821739047823,-0.0285642591519296,0.240354878012315,0.096338839137933,-0.0252241232785973,0.0178873906898547,1.29
122147.0,1.90697007378961,-0.277454844803671,-1.97727870404992,0.224739126486483,0.512067052710473,-0.762420499085501,0.563661145178316,-0.361050559378471,0.60187522455202,-0.177440145464754,-0.963902444345168,0.369962435072514,0.152599096521756,0.553141647537454,0.495652917626341,-0.545289549088406,-0.405479974547381,-0.249662481531174,0.0711645634857395,-0.0178800595931624,0.1482881287575,0.370618031614684,-0.0723213519109804,0.434484525034214,0.387871873140502,-0.541424100610141,-0.0283184639058305,-0.037725540930266,104.99
36299.0,-2.40834210069197,-2.26068973304809,2.09941380330686,0.375427362120295,1.39541916076202,-0.30813474548906,-0.890927259930693,-0.240880388849862,0.752416275106582,0.528991707137438,1.18365340620815,0.487831612355502,-0.0248202011767789,-0.661256034304272,0.735539841628532,-0.0341485113995453,-0.330870569169062,0.157993729005824,0.99105408496212,-0.673104224290154,-0.142076277501849,0.765844041061355,-0.848440399397489,-0.0868859067553461,-0.735010088630202,1.13477680096683,0.0750007606850255,-0.45653807640513,186.0
163632.0,0.124060996200916,1.02544373056539,-0.298769900201263,-0.539988365321322,0.98172724894702,-0.642383608050603,1.08961200441228,-0.243904562718284,-0.197675236022436,-0.332177879757382,-0.819008141086938,0.499957743713168,1.19423926640125,0.177899850834161,0.429784239660913,-0.49157191258955,-0.55413470465653,0.0073359208285,0.0186356753547208,0.0790819981061746,0.374104226921925,1.37981386065888,-0.121767049647232,0.673432584711101,-0.730732891293461,-0.247201007431766,0.51614109588758,0.329817934146954,2.99
44010.0,-0.37130965779387,1.12549270554371,1.38251024500632,-0.161941626302635,0.272970214141157,-0.585435817946655,0.769999436571689,-0.0993717472808125,-0.533876639958435,-0.343832538532596,-0.650202629978449,0.393066440882398,1.25956870931448,-0.115282631820588,0.758922105258265,0.289961351724978,-0.639499837453555,-0.330660570815394,0.194268089588148,0.181658643356006,-0.248893399518505,-0.592555171567311,-0.101757177566767,-0.102464119246837,-0.0897714812689429,0.0983544633654266,0.272811343475361,0.118189983917791,1.29
19975.0,-1.61824331710293,-0.569680562400522,1.73938434218233,2.74240372185281,2.15413268727014,-0.277123922059663,-0.225092211124982,0.130079891710852,0.411715060541913,-0.31650408806928,2.10829807433593,-1.89469801232089,1.64519594397894,0.0697487342129933,-2.18895937896431,0.0808568231701112,1.38315153627105,0.487885478240817,-0.894940862980635,0.507273485444889,0.0374399516143535,0.124660461930132,0.272494345812184,-0.135200705214201,-0.279862078260931,-0.0862562124695892,-0.0939085859892899,-0.0227699833783717,75.08
78271.0,0.323701940972641,-2.4522076361641,-0.88430875834207,-0.0102073312881514,0.575348266206899,4.36767479840189,-0.8373518736164,0.954459113356487,-0.235813522170885,0.36625345038706,-0.937473861880661,0.139321897514785,0.251633919473723,-0.356892002243048,-0.318067142326953,-1.31372510968464,-0.255752302629111,1.58524034778271,-0.530112660323474,0.612043045906139,-0.283215777498301,-1.39010927548007,-0.389623760614467,0.981680032908697,0.298997143732849,-0.494221094955883,0.0042364966240021,0.123386793841219,521.99
35198.0,0.822034540361863,-1.42621603445082,0.116200396648299,-0.527142506240464,-1.31273537349666,-0.66224886599818,-0.248711343752947,-0.141968577963264,-1.03255200359111,0.680322716403096,1.3937122882836,-0.0683265057823266,-0.180371358193012,0.175955611259497,0.0924717608355558,1.35322892969753,0.0302170919534404,-0.789417814384812,0.718988224308605,0.638239433648655,0.365713880195604,0.286182425858816,-0.303831510393692,0.35451170559855,0.35260812891985,-0.253984361425467,-0.0552406144913389,0.0542063209579984,294.54
149167.0,-0.0012563472582398,0.938109123239064,-0.412720962210175,-0.767413658230035,1.4498385900016,-0.340376593148528,0.987783991565217,-0.0585220806854767,-0.599728579371623,-0.892555446259253,0.731217109117466,0.88508546851499,0.844168940263014,-0.908101040248338,-1.11928690930042,0.51719940160636,-0.0715517759756826,0.347916759576769,0.287362690727354,-0.023274271939958,-0.158559705257999,-0.411085688663274,0.101227459371861,0.211198878764885,-1.12139896257446,-0.0080046955893276,0.188210255341685,0.257197657983748,1.98
140347.0,1.99591746060885,-0.330792086531277,-0.232106748061441,0.495906748033511,-0.713802018459852,-0.616041806557788,-0.517634998375666,-0.15619170254362,1.03160212168376,-0.0217390186834449,-0.754711264578051,1.05687965150784,1.45644371358577,-0.499798765332799,0.1637393102861,0.201709446068407,-0.5352768689663,-0.167519487042227,-0.281358009189345,-0.11319654171287,0.209968367560238,0.908063444901376,0.119167134153255,0.148554465021815,-0.178195668552888,0.606478682400448,-0.0136400871036686,-0.0461881918905258,7.94
158280.0,2.12164105220396,-1.14210563883967,-1.04404180881707,-1.21030846748227,-0.380587339771389,0.57628681641724,-1.09428560167846,0.136647745038471,-0.143359692443331,0.865213723997101,0.0630880152656928,0.102357617266405,0.811794481015207,-0.447208212909322,-0.410462671711972,1.597159232454,-0.483751155873947,-0.424511566031337,1.0470440793908,0.143032512706992,0.334970160486993,0.93238940459871,-0.0007899660029827,-0.305706617325338,-0.0362976012620355,-0.0778680634010655,-0.0003949975181517,-0.0544206720697729,49.98
22473.0,-1.99631391409871,-0.376285663929776,2.09657523785943,-0.488127927714524,-0.417407678091274,-0.52311709029522,-0.460096790996256,0.644481933487707,1.47308092381196,-1.50930783697546,1.77832506799055,-0.818137482042907,2.29472110833394,1.12106659479056,-2.54068204796951,0.282987293842822,0.542967697994459,0.133446394399938,-0.258113813544303,0.416273658524524,-0.0985813750880323,-0.373716727355844,0.133479362863908,0.552084344829642,-0.093635561025998,0.71700410218443,0.100927971801152,-0.0691330587642337,97.55
141693.0,-1.50498250633957,-0.075018505727461,2.04148449081658,-0.194838797047813,-0.47267829488935,0.111899241527069,0.57065879655108,0.16285543625863,0.754941647109446,-0.849787858816207,-1.61363144007944,-0.325679459093892,-0.874079530104641,-0.569835928271881,-0.749908107379525,0.0186264369129379,-0.170931433613574,-0.204152104027005,0.275925466326979,0.0566003781088344,-0.308115543835564,-0.633223635999991,0.0701786390777697,-0.126908072096327,0.4433645588178,0.216572615036796,0.191397055942592,0.137069185412617,150.0
56424.0,0.319006820503564,-1.0728670072348,-0.216145740024953,1.49470922314813,-0.627062594882979,-0.761866912491026,0.941686710124471,-0.430271817765345,-0.267430647891258,-0.245992183077833,-0.172332406706652,0.887634977155275,1.364419397941,0.242645628708038,0.839773450106636,0.0534245445957735,-0.486721361365818,-0.209113201786056,-0.530747123182899,0.914994982322065,0.332521013030335,-0.022461179975265,-0.537690680486558,0.452072379579545,0.555495485671103,-0.383542535849336,-0.0685200301072035,0.106578220291139,484.0
46087.0,-0.099650298486597,-2.00710180769145,-0.795650133319114,0.760267945303591,0.129867699806399,1.75805058167877,0.603698736411672,0.340854956214972,-0.171150618690473,-0.420655275967719,1.83253678961555,1.3307672948645,-0.0003510211218519,0.611296763415996,0.53626488813383,-1.226337320524,0.834761631732315,-1.85983152848772,-1.20291289128456,0.99944440415077,0.450429371067356,0.19595571685008,-0.569689663634763,-1.23653402082576,0.142994219478655,0.620778193863587,-0.0996096683845409,0.0785801035201033,609.0
141320.0,-6.35233691096656,-2.37033515007664,-4.87539667887196,2.33504453116197,-0.809554897212021,-0.413647316208307,-4.08230817063438,2.23908947335972,-1.98635950470675,-5.16533081830893,2.94293916487767,-4.12572224190365,-0.433094395260294,-3.5181311704857,0.420777387095712,-5.10447983930312,-7.9253889983055,-3.41570671508705,0.71833237368083,0.186898304507656,1.32521840044042,1.22674487561089,-1.4852168616857,-1.47073226048821,-0.240053392971609,0.112972036960476,0.910590643802817,-0.650943712766886,195.66
126107.0,2.09759156752621,0.467218162542712,-2.07126121461417,1.1204385942941,0.993114169089932,-1.08554371586843,0.896140733811694,-0.519398662785961,-0.344760457966646,0.356332442736753,-0.680243323557349,0.557287592731397,0.775830554077465,0.655823985608695,0.0759846606432628,-0.488104902374047,-0.503517750179088,-0.470032185107816,-0.360529152672126,-0.205698050296849,0.172429975004147,0.63579808691788,-0.0417111462145149,0.767258516893846,0.620462954765208,-0.45142497733474,-0.0363130357887613,-0.0586976798525062,2.0
34028.0,0.295196086305255,-0.665059273937085,-0.166118013513726,2.98010606483303,-0.450200439372844,-0.96107168419065,1.24013325497375,-0.475644951328226,-1.24950996210951,0.499925298518344,0.0658918798374247,0.436760446119611,0.635163324639112,0.520711175244281,0.151019279417567,0.203267198712757,-0.30888720870119,-0.663256419984904,-1.24031611667953,0.806711310664039,0.309111528222736,-0.154699193640012,-0.455862023915464,0.971883362217155,0.511751386316293,-0.0166236105795848,-0.122368964275281,0.0978831132471657,467.5
62267.0,-0.524644711704365,0.939884800464863,-0.514706188290515,0.493439792310409,1.51527342076874,5.27717703968728,-3.02404972166581,-4.13045759738343,-0.202492313090629,-1.28955388327804,-1.014527274295,0.736741918559345,-0.709035041472406,0.622979655621997,-0.648550436259459,-0.1222549064623,0.159146131575337,0.189165442774269,0.728965589037017,1.34528235764959,-2.66770247984426,0.51850920886987,-0.0168388888466288,1.00825961295036,0.963935174792111,-0.166563326460005,0.12459211587975,0.280230017650519,17.0
44022.0,0.647704399569957,-2.5039052592163,-0.0607408974917158,-1.31233274747936,-1.61972941755861,0.400628125844156,-0.759467727577713,0.0829589148703388,-1.89799298413344,1.36407332433048,0.763015267801218,-0.655567622812896,-0.0891766754690501,0.0403210183123199,0.486711000608025,0.0044425628807575,0.256679362129882,0.359766129719439,-0.17958432093937,0.492383394337229,-0.0868082471170271,-0.89061775766822,-0.252644474975439,-0.724637465707285,-0.0591996524567579,-0.397580911300275,-0.0296023647053546,0.0812544816593942,435.7
607.0,1.03826115397494,-0.3014148540157,0.910166866391778,0.86387191254094,-0.741702147357194,0.0901250849892798,-0.409753476588576,0.0767225223243765,0.684989858653557,-0.30622553751677,-0.402137315767588,0.924803646578995,0.836034970850575,-0.450041762574791,0.242099718003608,-0.337570274140416,0.119844839829695,-0.716553826785727,-0.447644612653237,0.0400559285181011,0.134996237347928,0.554309191852417,-0.138944369793223,0.168499662960642,0.423858806377557,0.530611285392211,0.0149796563582453,0.0280409233918118,69.99
52222.0,-0.82015895242394,1.5338162913775,0.34826800223488,0.959055981911671,-0.803733819954847,-0.505717647111305,0.229738803509968,0.679652914275893,-1.25365269681248,-0.38942344175954,1.28973337150272,1.54678039765312,1.13043010002686,0.89326123082119,0.122459578492314,0.0718233406556833,-0.126968707745992,0.452459395459543,0.539769826766716,-0.189845269070848,0.304264778988978,0.64976655068413,0.0373228240072749,0.576146694305845,-0.134947963212036,-0.370888270968927,-0.273767722294868,-0.104778520535664,70.65
163666.0,-0.569109959069524,0.838593851401969,2.18002799394516,-0.367731153604115,-0.0628912809131972,-0.32313788284751,0.600887530676693,-0.0911942399228259,0.442460779905264,-0.561562735961612,-0.728700032526902,-0.403547389836925,-0.609708871595435,-0.0928065203526396,1.45877620745002,-0.282693764792744,-0.34585647988225,0.223818015622635,0.644125010449375,0.180389352477583,-0.214514123650307,-0.292508309337328,-0.309340867595024,-0.0755484380505545,0.312510819129413,-0.666343359387668,0.191996401211231,-0.0808535511855785,1.0
171211.0,-0.948819127161902,3.01063253290686,-1.78499854020217,4.90989166756206,-0.124091382094737,-0.260745880883649,-0.486861244768421,1.44798248999937,-2.08725462382589,0.85870995354284,1.02097619356727,-0.330577308355453,-0.855726079001551,-1.31002296467419,-0.0775585792247038,1.19582707205986,2.65690183771231,1.48625802965129,0.947496225933554,0.157398496177692,-0.299527419576245,-0.971992240749923,0.360956904336101,-0.254898457522759,-0.620193166500914,0.0432756048806149,0.150002317381775,-0.013614218267776,12.11
77322.0,0.120192920077828,0.498115563124,0.114990445137411,0.312321415342786,0.339024987195369,0.279214518300158,0.0113873388008105,0.459867640545699,0.571589594897382,-0.595295954979568,0.4373985949537,-0.492540531253323,-2.19007499244288,-1.16610454784118,-0.708509708937356,0.283863219902958,0.960357335525411,0.674544629185442,0.114587549913013,-0.0668557962231317,-0.122519194147036,-0.111643977949052,-0.0075400201764134,-0.792927967984817,-0.362026618672535,0.349048338037819,0.223320608656575,-0.0047074962339806,12.31
57125.0,-1.07625862120894,0.766171571682222,-0.563092498975668,-0.760819984922698,3.60628645710908,3.02313136908989,0.746074642735437,0.0407229278427883,-0.212736086215244,0.841357776182686,-0.105769491143614,-0.473153633765351,-0.232961099084869,0.0017015497408757,0.759046163622198,-0.236132395112261,-1.05298812069805,0.144132768720502,0.349500734279425,-0.134184878618554,-0.0004511267832301,0.0946312729793936,-0.506359741319534,1.02462944763219,0.0748955559029613,-0.503189699985943,-0.971028784032716,-0.236783258779175,1.0
63372.0,1.0044831147764,-0.298622228215029,1.20916317672906,0.561569653147656,-0.396480914917324,1.43749107454659,-0.939765788361358,0.592545122172221,0.726027464442554,-0.391118297313332,0.69930565924306,1.03724363603181,0.430656134284403,-0.264406857366096,1.6655407157039,-1.05098186603388,0.97725758646045,-2.09777678029491,-1.90269293669704,-0.222590506077998,0.234347955360848,1.02731842843672,0.116265381597115,-0.562493569818798,-0.0119217217147199,0.680692150604929,0.0815234728140368,0.0117525858889553,0.01
56965.0,1.25624763603062,0.387589030101398,0.315620179897057,0.689161316508638,-0.330496560333005,-1.06222911110477,0.118628805625943,-0.230364761569112,-0.0380578848186049,-0.296438584733183,0.0134828465129468,0.48273404637743,0.691634630842129,-0.380133367863954,1.04286130197654,0.45665325404658,-0.0318104499057731,-0.356349623592534,-0.201683833906562,-0.0505282269717214,-0.282120928584553,-0.791846758379798,0.123614487109076,0.358130770469642,0.231757997707797,0.0928215552515745,-0.0200647926270513,0.0318587419851067,1.98
51446.0,1.2575806385974,0.389791734946323,0.316393883370203,0.688600824257651,-0.329816050193317,-1.06247741927303,0.117713188822624,-0.230185669393566,-0.0379766123752516,-0.296117207618063,0.013472960782108,0.482705626160378,0.691511613074332,-0.380289581114424,1.04277450035199,0.456562246814742,-0.0318309064020449,-0.3564909958075,-0.20146345464206,-0.0519333845602493,-0.282539020865143,-0.791482584615057,0.12422265276508,0.358095364860228,0.232011348786733,0.0928951453297479,-0.0199344192313635,0.0317386007474445,1.29
30229.0,-0.719449219574317,-0.0367227384497214,2.43652502101546,-0.87797768192896,-0.423311510194825,0.178915543087716,0.428676119409388,0.0718972039835033,0.832211249487303,-1.02765096224378,-0.835164093234971,-0.0620368491565317,-0.790299643852596,-0.746916789454508,-0.597536405988953,-0.303574775076062,0.102280616326962,-0.918490658481058,-0.436457074613859,0.0652117004538996,-0.135854801927161,-0.164841814747033,0.0407216587694925,0.124724356976441,-0.328918042029666,0.789251744611278,-0.142227818141991,-0.121860380729921,71.38
129454.0,2.07372622144241,-0.629482918258993,-1.41712278643833,-1.5210590847287,-0.314009823091943,-1.01481780673383,-0.149493334950892,-0.212611730287179,1.912780641635,-0.898196974823122,-0.72642847182582,0.43530172411266,-0.532098433510684,0.347077409068513,1.0502253092981,-0.75830794323107,-0.101889082581193,-0.196034703686509,0.758200387120669,-0.184623990605417,0.0078694910350829,0.196471202291071,0.163281698195152,0.697287675009861,0.0143681973979227,-0.264619203199307,-0.0109255946570422,-0.0475346477867724,22.09
163394.0,-1.04722821051786,-0.449880370075869,1.43544902074355,-1.36557648260091,-0.873832580706527,0.980446431978796,-1.08700291773903,1.00506588265937,-0.23532286621003,-0.127131214470613,-0.759186587592084,0.372104911054962,-0.194261863969197,-0.513911371930061,-1.91282579421777,-0.98220872093231,-0.188088644367071,2.00190783571273,-0.307857185923985,-0.276228664211987,-0.299950366564491,-0.394963629435542,0.106765186221351,0.268213940484172,-0.526994515770468,0.486537042712414,0.269527662447195,0.107414025786992,55.0
57318.0,-0.833780770365779,0.555927911936912,0.376922617041931,-0.814204229927351,-0.683483109514348,0.266157344633438,-0.0439496238413287,0.414710597487038,-1.64360837736984,-0.0586854939825643,1.33384195276072,0.198268807310657,0.699419922052816,-1.07985528125436,-0.335004921942027,0.853353819693656,1.5597369876192,-0.889782981346093,1.52070629883797,0.0292799197736376,0.152280152447916,0.371749439764681,-0.0988166071366753,-0.336002822370485,-0.514888485771162,-0.298047050885486,-0.106999072444249,0.0307722657852037,99.99
162369.0,1.78928162214857,-0.44909233448232,-1.38223285495863,1.34976763403647,0.117340914376146,-0.138540763778315,0.117519935065103,-0.031563408704841,0.617811268755123,0.33346534127267,-0.104928995282363,0.320631787919685,-1.348427638081,0.565217738549923,-1.23120305865101,-0.243613571889058,-0.469695462306636,0.436810335293721,0.156472852706864,-0.144306128491734,0.243424441352687,0.714110827062806,-0.190195601077714,-0.550092949786391,0.383608220816906,-0.364878999129984,-0.0128492293830945,-0.0551395022807533,106.7
61756.0,1.11200138091465,0.203803406944711,0.625003890480196,1.52555060411233,-0.411191586990015,-0.487767969025482,0.0971279752579034,-0.0581876929779097,0.240016547162624,-0.131641855245262,-0.0442257242342781,0.754544071460552,-0.13306370886503,0.0817895522681627,-0.142653129915214,-0.882190829113504,0.45275052104838,-1.16212837904944,-0.571790736970968,-0.186324557829122,-0.0608999113632321,0.0460159948620022,-0.0047709651993863,0.617385448937623,0.591968131991028,-0.346343105684177,0.0397780188408736,0.0228704036907006,16.23
61112.0,-0.817836912666622,0.859583978811558,1.71541978735947,-0.536329508854947,0.456756522555013,-0.931950155003347,1.00167427089222,-0.398503219093417,-0.0422055106977803,0.11993363485756,1.57563496617451,-0.0548926962161365,-1.18884061763238,-0.51078901833308,-0.0668743362047171,0.614899625197599,-0.591916719044328,0.284902535315091,-0.517093152467177,0.0513279713197895,-0.259052407299744,-0.527169036139306,-0.0998633936974024,0.45403854099405,-0.464156722327639,-0.17906517965582,-0.287557752457523,-0.240537105514759,3.59
56703.0,1.19704827379311,-0.516516872267276,0.445304982112958,-0.260483755061885,-0.645503946197992,0.126350851501844,-0.509841837284006,0.080491811686955,-1.26200804692374,0.817987332213451,1.25433044430322,0.970095219782201,0.980227335428427,0.184030205990991,0.45450882174139,-1.15045007307155,-0.300066524447989,0.906310411328659,-0.83866347704525,-0.371207559025782,-0.572872789666697,-1.29654730338537,0.188383280966876,-0.340980840875313,-0.0403203488640702,0.0586746808532907,0.0067453855218606,0.0203075527661847,56.19
4526.0,-0.626409796561317,0.632560099740918,1.31690383053507,-0.0415720435686002,1.62009998266048,4.35340908288087,-0.964568183151952,1.00905654270967,1.08647834058435,-0.30034822168087,0.803613949607189,-2.94524938238793,1.98038095026664,1.2808900586678,1.85332227398102,0.369865133433568,0.183910120833902,1.49895496653026,1.41706066072131,0.272791998067337,0.11054872891064,0.423075114746642,-0.252885711000852,1.00749216139743,0.0377541520427846,0.708637164906716,-0.183620669153459,0.0875724070852349,11.72
49702.0,-1.42615290337022,0.172888633758884,2.83073815380558,-0.115988116052163,-0.0590846689685846,0.403970586084502,-0.702913936789638,-0.451965195260593,0.250799693332101,0.0319548730463359,1.32019453762135,0.131027734328032,-0.794928461922806,-0.132013611435957,1.16045228923423,0.585260845157024,-0.596720303938694,0.722984103557907,-0.448070171382881,-0.0904153201115024,0.974597550818131,0.665521563885895,-0.300448862454201,0.0412842919136608,0.0449912213984403,0.52285019395229,0.273910235377736,-0.124693738943676,24.4
49681.0,-0.798190359731182,0.642563215140944,1.4597678596101,0.140179780015606,0.449406343906548,0.415548451046511,0.912283954137028,0.268461855506424,-0.416582705098943,-0.692001350738748,0.458062818413442,0.289496152471174,-1.22457066297505,0.296871743384017,-1.30914524642583,-0.222477397742097,-0.30345489043398,-0.139745184009367,-0.497124210439952,-0.111153850156032,0.0377606323656738,0.0733363859463732,-0.167479373537638,-0.332374702228805,0.309320009429038,-0.460135605108269,0.0736931587760232,0.0888830918968164,65.86
67382.0,0.896175168197314,-0.156826804234517,0.39262717282401,1.29690127474275,-0.272419698622181,-0.16287258751783,0.25953113924503,-0.10180431505479,0.0945374960125753,-0.249947314780944,-0.162096334015934,1.12016006552649,1.11952438180921,-0.0556420236056994,0.361486454490462,-0.487210263249922,0.0218660572054097,-1.02576132516715,-0.483409485890928,0.181283313464473,-0.0820307637232802,-0.345152837409243,-0.0908195310583643,0.104006795294007,0.447164826181207,-0.502986277168106,0.0267393267017603,0.0495805302368003,148.1
76322.0,1.24827915668336,0.219090047755908,-0.188031037057072,0.442604401904294,0.0245664467898382,-0.962153173613169,0.467880940221437,-0.307698264096525,-0.171937633791925,-0.0741849616031198,-0.635692152591053,0.171882583258973,0.21884574958773,0.440819199685675,0.79056448104918,0.171982066634204,-0.43472226157376,-0.72377392933184,0.283969197465337,-0.0072048656800016,-0.393450117732069,-1.24374517623755,0.0519981165834578,-0.122740640874146,0.342160765015446,0.165322379753391,-0.0707720075323405,0.0109149861746707,42.9
131074.0,2.12600775727348,0.0436761040302635,-1.50633350114798,0.111125725572977,0.63525443313879,-0.323345940807503,0.22753416457248,-0.287876900458509,0.321501019288115,0.016536226549228,-1.13783570924055,1.05801351993293,1.92488343779,-0.12430959656143,-0.0482296968757595,0.0608984914702029,-0.682522988060818,-0.798363877712783,0.428922639097052,-0.0592848313052851,-0.324524136066154,-0.754374341188073,0.262635955319226,0.077447274622097,-0.121852767514888,0.202439864385953,-0.0655933540378003,-0.056763662915451,2.13
57259.0,-0.196986412314072,0.634904532584051,0.766273182642391,-0.0849906718708842,0.912610320530705,0.0789134330535433,1.09247875699142,-0.530009051674154,-0.0267515279936789,0.379918986230029,-1.01923652640965,-1.05501420453461,-0.757746327823543,0.0490501348960465,1.63045687921476,-0.651953331684839,-0.149532833330133,-0.311246476952563,1.16426779606785,0.115189165472049,-0.0578942996491646,0.155060376106528,-0.254113850633744,-0.898811335956054,-0.533794588217087,0.64955377854865,-0.487628480156454,-0.279547904812587,27.0
84996.0,-0.683185113376984,0.318044002870874,1.25357169775451,-0.619177429141098,-0.117376731243242,1.42185492617833,-1.18225448904607,-2.28784490344283,-0.488406687403083,-1.21359201149416,0.475189829972901,1.00498669654362,0.546970190902345,0.425940174128406,0.493851059518306,1.31336191620058,-1.10042637112372,0.357848921599062,-0.911619698739964,0.864636645371816,-1.22573649309483,0.14758668289461,-0.383489703711231,-1.1209987607593,1.15032560969391,0.478094351917152,-0.0427029246507978,0.168681134016807,127.48
110048.0,-1.0946694572669,1.51056889775272,0.62485254941863,-0.959884765029534,0.225158298863987,-0.0625486688517169,0.111407774181547,0.273221595102624,2.3165686378053,-0.488306264259963,2.06830563393449,-2.32476120078631,0.669180696611633,0.0827848362056997,-0.786918137089193,0.71453137608164,0.897442065717506,1.13658532515905,-0.427764000563496,0.352156254384473,-0.454083331305452,-0.855474048317224,0.0408467067799514,0.468593371098893,-0.107939443272124,-0.339692572180388,0.425187806592114,0.273601411588388,0.77
168682.0,-1.36974093168758,0.599437606476377,-0.806910339374596,-0.149228454083978,3.09421966260132,-1.92575952393652,1.05227562559171,-0.237399344984272,-1.05251906851225,-1.9470010867738,-0.15107817131742,-0.660489574508293,-0.148479154548377,-2.50269106310255,-0.151997797219421,0.200538981154298,2.22218940343052,0.680702301612047,-0.248703826818978,0.339219076673631,0.0255126896447602,-0.178496013700851,-0.494648514257543,0.439421792114466,1.24398983683017,0.826417572047802,-0.0903439505486628,0.110409111050098,0.76
118902.0,-0.525979858082261,-0.696263404715377,-0.62321181084554,0.982110416689635,1.59060968547481,-0.404957172696216,0.0354108323317102,-0.115051411054108,-0.685148538136403,0.708667333920498,0.603986381971831,0.497563494664253,0.799993482225686,0.594966965866694,1.09996791085675,-0.707476916242225,-0.0794504510767245,0.896340659928918,2.91840820352213,0.43306440853999,0.477277682213114,1.34799149478656,0.273872311995413,0.317125219353808,-1.31221379825895,0.976306403523274,0.062457062632709,0.498305233782481,79.95
119625.0,-1.71415142669576,2.23664828911051,0.212919050625177,-0.592087993117743,0.859413386535113,0.525303753721962,-0.212788870671612,-4.51014642626194,-0.278279591390566,-0.596288097827759,-0.837991055297629,0.643008603775475,0.405874467961879,0.400291493881609,0.338759304508247,-0.964684169505365,0.14651911729709,-0.340123804456742,0.864847141443134,0.719826036931893,0.0292893517920212,-0.346897878076018,-0.0433052387302412,0.477080199298749,0.976685178302863,-0.502012419655287,0.27390872483327,0.0135635951002359,3.05
48008.0,1.00115603232453,-0.118181444550379,0.361123105237955,0.68670302586685,-0.298137968198804,-0.226417716857266,0.0452688671462708,-0.0079212623327127,-0.0029179701513105,-0.165575001193237,0.459984660070714,0.622111827490156,0.310902220826181,0.310560015431743,1.45127888811099,-0.500582365939536,0.281420541503417,-1.27512589322789,-1.12620782181739,0.0037267627820975,0.17228733786801,0.443544277687081,-0.0503027810227876,0.152127813438159,0.310406318220825,0.45854751087237,-0.0150815646539422,0.022130208338485,84.1
103855.0,-0.926735332691333,1.25695302179887,0.616385713885236,-0.619484928577875,1.16409441952672,-0.494535222571892,0.893858029824656,-0.0284474946516424,1.15851448966521,-1.39457095459633,-0.197061673484902,-3.94701471441834,-0.446186630659358,0.814169334817616,-0.516321314931149,0.321599732155042,1.29377748985381,0.316370540265129,-0.194895390113096,-0.0756313361589688,-0.579229082611096,-1.46786437348589,-0.305995790817787,0.207312929432222,0.504284392475093,0.281233780475564,0.0500149943847389,0.110505508818701,4.49
153876.0,-0.696715351555286,0.804657893608783,-0.322602722791315,-1.19732491249632,0.865163380974746,0.304818644859511,0.378991950991013,0.603187768422569,0.0642637319285842,-0.85746389281768,-0.535079238747049,0.593063943298826,-0.281101990115806,0.428701486251764,-1.47392614835234,-0.127833259551117,-0.516725832963344,0.50957635153119,0.644925005476206,-0.0579590027800992,0.181292091411656,0.646681140454341,-0.311965345588292,-0.154987828118042,0.0405568890583786,0.136053463455598,0.259723423329469,0.13755153712199,10.0
154199.0,2.25673217669296,-0.588982045310055,-1.57396452783828,-1.06594550672878,-0.0831828178519488,-0.809650381192959,-0.263420904421542,-0.405068036103851,-0.750912135404039,0.828944405885446,-0.6619346254895,0.0339849788200688,1.77491255814455,-0.302225300532665,0.227889123350694,0.927619540655846,-0.0732348487280038,-1.35095155527803,0.540861407965013,0.104436413113942,0.424606812191729,1.28257174155709,-0.0345175693075613,0.574734446978733,0.314461635311958,0.0463908036289523,-0.0347787853634415,-0.0582516776126534,15.0
54169.0,-1.19817612537141,0.515787811204516,1.181008840288,0.0478356175528726,0.207589843660645,-0.817203210770149,1.16308217200383,-0.256694020239142,-0.935280491410545,-0.147685552858287,1.50094525009304,0.819076188720308,0.308093459460505,0.354134134273491,-0.120558516568179,0.021612759852164,-0.502450452875296,0.0766392471211407,0.348346815329146,-0.17397448936732,0.071357440766726,0.318030881599006,0.181721023588246,0.578461515178844,0.103826900848418,0.286085303138322,-0.157004994540904,0.121556019907977,78.73
71528.0,-1.88303835758279,-2.74678797888393,0.946775782540257,-0.165024162914873,1.20963195693107,-1.73728959186166,-1.05981313543024,0.158823239050203,-1.03096121830033,0.515527332037086,-0.909768992393152,-1.11042049497901,-1.52506893074483,0.474833008334493,0.813372846371941,-2.50153874218565,1.13275079335486,0.697718509954277,0.409131852648181,0.449432573130997,-0.0630687472119284,-0.532201010990686,0.748395468041871,0.0894045902961233,-0.545874215134012,1.55691010130583,-0.0620714762287103,0.179902368507343,139.98
132946.0,-8.67881698365828,7.57078022732701,-6.94735246296088,-2.13720885691265,-3.0220152443825,-2.09884317571517,-2.28868414584103,4.30418619917409,2.4218518137756,4.77490889169526,-0.720423161780908,1.39792561555659,-1.30377050728358,2.67090557468975,-0.66337834220815,0.34467176591887,0.801048006974005,0.348629853657134,-0.504992307145162,1.77694139562641,-0.0474180157733156,0.280372311754812,0.51171856148112,-0.560822966876589,1.03874577507304,0.175572740113744,1.07669147174244,0.512776086336917,1.46
137957.0,2.02560457244748,-0.150530011237232,-1.25679538761073,0.199065325950366,0.142307574694653,-0.608814063388075,0.0981699999555005,-0.16760551531855,0.295446687958608,0.232882719391141,0.551525423985986,1.0317086785597,0.179888536595286,0.423854503475249,-0.63642813720463,0.226545498517124,-0.718003797985648,-0.230103934593501,0.609760258447202,-0.161672817918627,-0.258952716099098,-0.672389219660058,0.255048942858949,-0.488805459408806,-0.266294765170278,0.206097104672817,-0.0771061385685846,-0.0722262628648064,15.98
861.0,-0.94598740166318,1.23275335769919,0.820312643931454,0.311063570020599,0.981736280083421,0.935187763291649,0.566925625459443,-0.0086035520117534,-0.621911711489819,0.380949147356357,0.45499762543172,0.813051961669976,1.3485357185858,0.0126363998282984,0.71473490717118,-0.0071531546695598,-0.796041544806961,0.403173695485294,0.913516182367469,-0.0440426587665725,0.124922284918563,0.284644067910303,-0.197950685535595,-1.32606087074801,-0.161714668544043,-0.382919123145688,-0.488499599183705,0.144470379707012,10.0
46275.0,-0.413594909582404,0.929969240188276,1.17970086599898,0.847257589311734,0.132546471805245,-0.296949348181954,0.696491590447967,-0.0071514570567865,-0.390042542451105,-0.122719804065054,-0.529524471946625,-0.782567747214016,-1.36978389444214,0.610813788544692,1.42822058219232,-0.556343782758204,0.159325530282555,-0.176694529148126,0.0861864243180769,-0.155297557186151,0.180008152929276,0.509107612488591,-0.120947888826453,0.0564769019629131,-0.390090753352009,-0.31270640434233,0.066722616957598,0.145014653223713,30.15
130078.0,2.04076176342245,0.268534089586106,-1.60775549236825,1.36826057969969,0.498023858432199,-1.10174316908998,0.663967334512106,-0.435855224084072,0.149472294682069,0.248696223729901,-0.970509524315134,0.503093753296108,0.128697311046001,0.453132902192796,-0.555687522166185,-0.737189806280041,-0.174066640127721,-0.684991370789419,-0.198541079682018,-0.282405341026245,0.0475341513591661,0.394326253422164,-0.0119725018745866,-0.0680041531269473,0.481632566678168,-0.485998628110895,-0.0115925757507856,-0.062537307065621,5.05
163497.0,-0.314893141745404,1.04920873213403,-0.23008546203429,-0.998469121063832,1.19091040461966,-0.30353177236644,1.12250027034199,-0.296264700717435,0.447417585221771,0.403857248774845,-1.38012803359947,0.0818411124083516,0.704326381335532,-0.409347891522414,-0.298365057821526,0.0060106189198046,-0.86000448409138,-0.598867135773202,0.154392644381277,0.359373275627971,-0.428753020389195,-0.741881147307256,-0.0229822826373489,0.0345268599623233,-0.27530524437749,0.13041162764046,0.302295061451423,0.0053723917817051,9.12
36677.0,1.02070548031973,0.0683566795247687,0.510018504105156,1.16815850608777,-0.287810224647801,-0.141280006680566,-0.0210026381952424,0.080077930545834,-0.263028216100797,0.155231062393752,1.69300656595809,1.02885717294366,-0.0703640853379053,0.548887910937439,0.518616004002453,0.0538384748069541,-0.389425160480407,-0.0858071179073147,-0.636787975744903,-0.0531106993244221,0.160473365278568,0.37558092549421,-0.0810689606366192,0.235503985937965,0.459887485823471,-0.335725097900033,0.0245483870682922,0.022646602865314,60.0
117207.0,2.05839373627445,-0.0455522371682352,-1.07059434873141,0.41298035896877,-0.121866910792858,-1.19918547207897,0.200692260404437,-0.345354552309596,0.513871369761904,0.0665471266659959,-0.723655206165458,0.533309821009181,0.255386438243286,0.237634156783164,0.020917962050912,-0.108890978897468,-0.304679984122974,-0.886811530086908,0.150162142125613,-0.206346699051281,-0.28654863217901,-0.688129602063845,0.33356132116898,0.0262809833874175,-0.290829201994738,0.196032679916074,-0.0700347628256029,-0.0592298775349117,4.49
45254.0,1.01657424575826,-0.906096122457025,1.23219365330472,0.61679214090249,-1.65302107388008,-0.0467876796600035,-0.945155747627551,0.196162363407492,-0.471975030564217,0.805486680098188,0.857543547551691,0.41927582541473,-0.549904072632968,0.0162276515753599,-0.155775221220922,-1.05816058809164,-0.266870433406248,1.93776436526684,-0.924861792907977,-0.37104528500168,-0.26601332160702,-0.465112791116561,0.0147603437321736,0.46706178496019,0.153253617222837,-0.450465267165634,0.065089691634149,0.0516400681366269,112.61
71297.0,0.728819923291873,-1.29045441781482,0.901193990622512,0.0810283928447685,-1.70665750742492,-0.346693418939448,-0.63835924039553,0.191727593508498,0.963102130611505,-0.194773480836026,1.01330067606316,0.0116781998155557,-1.92242041518928,0.28439562218058,0.258905250903047,0.64816226025938,-0.262201961160946,0.514825913507818,0.213415766048879,0.313205719773856,0.240786707654716,0.18063592864211,-0.180767180333264,0.606430860652604,-0.0805204976041689,1.44103595543217,-0.125399549507592,0.0377480767145596,241.98
157163.0,2.01104408317429,-0.240698812682206,-1.0457112349577,0.341544138621913,-0.306228173817439,-0.988962065618379,-0.048798877765963,-0.082746331260166,0.571752766718856,0.299415353478996,0.707189633704019,0.117244174845077,-1.99390532583693,0.867106604859935,-0.452525274062706,0.15585710145057,-0.393093133417247,-0.164537098965192,0.413666439658546,-0.341358177305332,-0.253826280100802,-0.729825420222072,0.362623123277618,0.0238904570148985,-0.407218990548059,0.179231318492119,-0.0872572982404827,-0.0733400801520908,1.98
65608.0,-2.06070486312779,1.37624513930586,0.550921747337153,0.99939175061714,0.0155646030800164,0.389334553935154,0.249100194090549,0.517108305081766,0.51751996292609,1.46293760736998,0.628259937812445,0.161945632268356,-1.39183585134482,0.208101612570674,-0.212052607075548,-0.876460884358511,0.331743686698676,0.0058025813764356,1.07337168474001,0.280489596138416,-0.229637197820883,0.176123946268749,0.0511966856038453,-0.326481405624445,0.139102297445696,-0.220725888578974,0.482447622722066,0.202289327160363,24.81
117731.0,2.01667400750823,-0.258647648553981,-1.22501209743123,0.237780841750239,-0.0427613065314176,-0.650656789779012,-0.0357258935781193,-0.05375568681561,0.540048490219492,0.276532041349322,0.446053359788177,0.202545010989477,-1.53861814061763,0.772885553865138,-0.415419836590896,0.203311524119451,-0.511727909443243,-0.161332359781293,0.495573038843922,-0.293052261171799,-0.266404484029304,-0.756649850525096,0.305546016940065,-0.43816915483383,-0.355950766628366,0.208369232133026,-0.0836401795785485,-0.0759573362791789,9.99
85540.0,-3.85295536722075,4.37220756419528,-2.2580641572597,0.87437854997395,-1.71002261274215,-0.137290038824258,-3.27815820787257,-5.81255038559873,-0.502819621330196,0.170330381738267,-0.908318578292793,1.36386757161972,-0.190273167780655,2.1360147688974,0.338667425831371,-0.0362227091598701,1.14164408289707,0.0056805376672934,-0.11260905129303,-0.33343102363589,3.57496518705929,-0.602642439366489,1.24257438968553,0.601173445287641,-0.455145337180935,-0.392396611704139,0.411787983872265,0.255964111467459,0.89
163016.0,1.97370142593809,-0.437342220967739,-0.466013887954489,0.141490084918359,-0.57658897260277,-0.24558879754369,-0.680047200503014,0.186633595049383,1.34089154337635,-0.01579860457616,0.391065431151575,0.204065579812676,-1.58161366909266,0.579933045436333,0.621710569564113,0.552433815082205,-0.901788125551722,0.750221853873227,0.232243940527866,-0.334733139773871,-0.106265501417471,-0.272780484988932,0.318541279610955,-0.570540214723269,-0.414875470708067,-0.908180352921641,0.0474869474690444,-0.0452407550243174,1.0
84738.0,-2.50194254322007,1.5803870008489,1.50631465877682,0.959037539393333,-1.86224647566502,0.0510507236279529,-1.18122498469507,1.65131367552115,-0.076228966330722,-0.361451401738496,-0.496798495685072,0.248837926816852,-0.120489037777195,0.701843286291172,2.03832429928488,0.367780698694768,0.441428883013586,0.439091417142512,-0.490262731266135,0.0938998613650808,0.36787524376243,0.933886258721737,-0.187107177651737,0.415634717009538,0.280213620854732,-0.0817670730135468,0.267655914277784,0.0257301505537265,45.81
37122.0,1.00938758043359,-0.0014323925659526,1.16660942788251,2.78258059959359,-0.80810043623428,0.0425179795216891,-0.386716286425821,0.140241851383159,0.161639209256015,0.524735859914873,-1.18254076263735,-0.469890161105911,-1.08806726660164,-0.0983823573873265,-0.297437288485581,0.507365378240452,-0.290940752275515,0.0103277438744126,-0.877805569838055,-0.0983058439379084,0.0947283860805589,0.250208997980138,-0.13818363873008,0.387351751780953,0.472525235108053,0.146291676594667,0.01019512187893,0.0371934266067116,69.35
61600.0,1.15467021915157,-0.158840816518539,0.65359015247975,0.408599714916729,-0.518939089808299,-0.136887491401985,-0.328911593195648,-0.061966795937734,0.367292390953358,-0.165986818047163,-0.880669864499018,0.560166524945463,1.54902751195177,-0.299369032303949,1.33945579067527,0.854271995132408,-0.942831739074532,0.141282452119032,-0.0864392538737509,0.157734907729018,-0.0057018950154168,-0.0830308758905732,-0.113571106259956,-0.395753767546299,0.279484736225856,0.433003474902184,-0.0121632936543989,0.0318456888258262,71.21
39411.0,1.32197869570702,-0.575195465659831,0.395503410710055,-0.551812648075679,-1.17234488601789,-1.03615163993916,-0.417695816571423,-0.228769752797668,-0.819610105594849,0.664582858885129,-0.508754125710815,-0.234832219022152,0.160393724037626,0.126382810115988,0.994191659189235,-1.16302302287649,-0.0649714223609736,0.886025666644818,-0.768040506226172,-0.410389489652245,-0.468704866684149,-0.977936022323078,0.113434525485654,0.396269278978682,0.0775036838145536,0.901030068656141,-0.0630111192738049,0.0171331292367211,43.89
155170.0,-0.289312575511741,1.30419694725517,-0.420008754547012,1.12885288548967,0.506308846077809,-0.316533426586082,0.283804242567568,0.255210369545978,-0.799186176662234,-0.457493303941846,-0.551887379835792,-0.0691021021914103,0.473610917394524,-0.492431465106615,1.40027320822778,-0.767262321994801,1.65236800170949,0.112785025961861,2.7002239892344,0.141356143959351,-0.182104065117188,-0.478015040667648,0.24608822939891,0.548025741556453,-0.941698888672782,0.536034968334572,-0.040388397106412,0.150374836403272,1.29
131821.0,-0.715161695027552,0.36732510027014,1.78226839231312,-2.61512028374756,0.385968647550149,-0.215298085475848,0.961412787101755,-0.710488185901109,1.79214227512135,-0.715320757385672,-0.832014274865792,-0.630871766560598,-1.05723523271197,-0.62656969159228,1.51076696299747,-0.759574508818968,-0.517795145681682,0.124913433497303,1.46734903265839,0.139912022403274,-0.347895001977496,-0.655711450478066,-0.330476064144352,0.43601722728134,0.218108933252778,-0.505005837089444,-0.991993894179102,-0.582697484543543,4.43
169142.0,-1.92788332105459,1.12565266367046,-4.51833064132991,1.74929253346589,-1.56648729197754,-2.01049423115212,-0.882849830858081,0.697211109261327,-2.0649452874475,-5.58779378195338,2.1157951772133,-5.4174240819973,-1.23512263142388,-6.66517689463338,0.401700686738171,-2.89782511671737,-4.57052943365069,-1.31514721385427,0.391167040935071,1.25296673470361,0.778583978950071,-0.319188818860513,0.639418961153121,-0.294885040380029,0.537502535542985,0.788395056528708,0.292679966295281,0.147967928722538,390.0
149829.0,-0.707811560219556,1.49688531862058,-1.22525206924111,-0.580504070905456,0.703234578229353,-0.201345567688337,0.437035645598624,0.502897574095366,0.0255844621468677,-0.172370369403752,0.231285761783465,-0.245629018198135,-1.43969846974639,-0.260282920201211,-0.550479983790159,0.488941191144314,0.396192506944846,0.639950952631972,0.668366970918987,-0.027811568174836,-0.180086141299313,-0.568096053726503,0.258502537664024,-0.0038915177279442,-1.30547229279272,0.058637242276184,0.167858161264945,0.325919923122451,10.74
46925.0,-0.481531150954278,1.05954227713479,0.647117402910268,0.905586233912649,0.81936824001549,-0.0911835663506086,0.504134851323607,0.161064336313081,-0.765053776949662,-0.55054534794377,1.48028602025778,-0.105359122514952,-0.804841454759319,-0.819901849432008,0.916881766469427,0.201150538864914,0.874890632270019,0.941476678511478,0.272698476205832,-0.0425151328862889,0.0706328691882125,0.192490772493404,-0.174659253437827,-0.438908072947488,0.239258996609831,-0.217823405004998,-0.0728522476980958,0.0104633125817071,1.0
158367.0,-2.85005393185714,-0.576057447186169,-3.03359744330056,0.519115127167657,3.13970242108756,-2.9821370417683,-0.269201479046844,0.377441751132443,-0.740350592908491,-1.65931831149869,-0.335182901797754,0.537733682325844,1.18427570631903,-2.05258968259121,-0.56712575633444,0.585309664568711,2.30122274826868,0.605257133930856,-0.472767124447298,-0.230991031542949,0.114756326727154,0.236351770387264,-1.07430470400843,0.708844370815888,-0.753405959791945,0.467999509792876,0.569887760496248,-0.519821206727607,0.76
32330.0,1.07653522911531,-0.196692241577479,1.34167101079939,0.741328172131111,-0.872891593023331,0.389622298544517,-0.736102063596516,0.292653739665668,0.517763807050296,-0.143077295847159,1.52305198434745,1.75882193330462,0.799299024264491,-0.34714682124437,-0.362288009015621,-0.0348539283797955,-0.12316570925574,-0.365902158438332,-0.193327065880998,-0.065743976695111,0.0129211010837392,0.267197228349041,0.0602668968958642,0.28462433118952,0.153296195423565,0.313335202474916,0.0352746723724577,0.0180566457752232,11.5
52562.0,-1.10507989923187,1.82884967231445,-1.14719383490302,-0.289846957778345,0.918704926536748,0.260663527697835,0.0615912010843797,1.0734470416206,-0.842992543640349,-1.09819708801325,-0.112074072891704,-0.53190455892356,-0.997821620193313,-0.462258548672731,0.423094185493699,1.10632112773454,0.828419917713125,1.26662455738094,0.343405842602395,-0.157291313626102,-0.0194515991244566,-0.268704075604683,-0.237597988285854,-1.8632150822673,-0.142802705330451,0.387941000890672,-0.0267923661378368,0.0872895390031454,0.76
117133.0,0.316498342549208,-3.18005971590661,-1.86125014845329,0.539767140624716,-0.24542607468001,2.08760977417064,0.309721690947063,0.400039497488742,0.835011025279009,-0.402224027019609,0.718382685976915,1.00428840572386,-0.293757575294931,0.365732791730777,0.139510361542865,-0.249800539580724,0.110332195003566,-1.21754172404793,-0.506693430709631,1.39187643550672,0.139183759828584,-1.27106847468559,-0.209310665314137,-0.935940175899974,-1.07676224043233,0.1408948873372,-0.159712416219459,0.0735700996361315,822.99
59488.0,-2.01051902893107,-5.49821614259078,-1.98249166167642,1.36243213663365,-1.77542488572054,0.444619442278414,2.14283200466703,-0.336977487652121,0.0076663806194954,-0.804388733856903,0.923778026301072,0.321571913511745,-1.15913274448471,1.01080091170743,0.0348457025056333,-0.0121020894156479,0.0885517210303326,-0.0956259799859622,-0.174394424070052,3.23089781127798,0.972493695918861,-0.935926222088945,-1.57383537709967,-0.153810643281644,-0.173970546551456,0.947783161619373,-0.407883271643843,0.265780552390501,1684.35
56844.0,-0.0447500773528732,-0.979372077953665,0.644653725622163,-2.85623347721009,0.713112882474107,4.08171702008884,-1.36369449835788,1.08930165252612,-1.7457799966472,0.845350924795552,-0.807015162468552,-1.1150285797748,0.382363886012381,-0.942916934699202,-0.261079011754239,-0.240957287442857,0.235663769948828,0.66993030917875,0.422067750201193,-0.0683606043263163,-0.199589356461441,-0.259895798599866,0.0051229411372637,0.979693843920726,-0.005719683751018,-0.220834650317758,0.0922034223808748,0.0335863322616476,52.0
79200.0,-0.44000152627232,0.682562032200064,1.29151683434985,0.964039863062872,0.115362272009212,-0.868941834205745,0.694664080769296,-0.0807492165396696,-0.471730088590731,-0.207108687754694,-0.76246792973079,-0.8663554528481,-1.34834971606624,0.630546105257623,1.18768928695309,-0.25940550794599,-0.101917883579303,0.300532711066931,0.44670728337854,0.0406336410270823,0.170601791037142,0.353717491127684,-0.0578675144479049,0.355256332544493,-0.193649809404588,-0.315362805790992,0.134245083161,0.157592214131025,40.0
53151.0,-0.472361944225176,0.656905169203543,1.32326751309316,1.15559647003085,0.32512078193961,-0.405284908699292,0.649749818391868,-0.0665712856497998,-0.669766414897895,-0.14418136743789,-0.944354619631034,-0.383453334263964,0.045271804516283,0.31664361242241,1.3424310214971,-0.120371710874138,-0.297260728113746,0.332226162769382,0.872966244994164,0.239819811751493,0.0813778728570141,0.094842601074705,-0.0077429774559882,-0.136816261251081,-0.195250975932623,-0.323272297547996,0.139540507843051,0.157632774956131,59.7
117678.0,1.91605475857537,-0.421208795261063,-0.467420066331016,0.473632530454764,-0.393467581053267,-0.106717608636498,-0.479701406778173,0.0176975264935736,0.983829754100791,-0.0111801203356978,-0.841398136392364,0.54117100073733,0.53465414123004,-0.168172813545142,0.574112584406918,0.418651657837407,-0.582496802663872,-0.404049954131059,-0.195219557868944,-0.0681627110158193,-0.183501267303122,-0.517919279956885,0.394245518358786,0.592160404100098,-0.556160202073893,-0.0507019809009974,-0.0195116895948681,-0.0247578129201872,49.99
138798.0,-0.381150433776515,1.32978958870597,-0.683350099207261,-0.659286943820467,1.9581577648108,-0.167210035007011,1.47066578168895,-0.400161927433283,0.0973429967317976,-0.775876006680033,0.939915980579939,0.228033467534616,0.484193801760096,-3.26782640537311,-1.45511278210487,0.468503080788212,1.1783382958491,1.34458855331147,0.119196436473389,0.44929700725446,-0.0880450369075185,0.517604453305532,-0.511740738830286,-0.0291957411073683,0.0791392481513207,0.608346403207318,0.152861161075358,-0.108909023297639,12.31
131115.0,-1.3364964824121,0.876129164323098,-0.527186809498058,0.95120263542854,0.349275752616589,-0.379758165020371,1.85374909125101,-0.247886915587728,-0.340451229696391,0.914044813852104,0.72591640796822,0.355264634685389,-0.746659246303174,0.534919606761892,-0.849749972923631,-1.00496296821567,-0.0862013632437263,0.115374948821689,0.952347088896381,0.260791662984312,-0.0054278405739191,0.713622802086514,-0.34135561039428,0.0413287839166533,0.0451406590786352,-0.440653975680164,0.29588690888352,-0.169544327881486,181.78
74446.0,-0.663330362101848,2.9067681866474,-2.44179427383467,1.30638437114122,0.738491077053127,-1.94215096869405,1.00148371922845,-0.27840977107385,0.776615093460231,0.829077458527327,1.03989902007144,-0.122091381700271,0.740608781562684,-4.2312587615552,1.08912552800418,0.621583568130314,2.68034811166711,1.29030257045756,-0.597712970946074,0.975132513975882,-0.370962478763297,-0.181501965141177,0.121223554607801,0.0326812296436397,-0.148809736567499,-0.431588990934203,0.436940322958235,-0.127267439311454,1.53
131547.0,2.16153186938993,-0.985545901317607,-0.713296484772367,-1.14036079485691,-0.66905697355135,0.109325360469608,-0.974001348495998,-0.0294519905917479,-0.0127861860612348,0.665700019289013,-1.36034233273499,0.450165859481342,1.72478186672324,-0.575379039776296,0.452253874844671,-0.902865324381721,-0.467964607904545,0.812375287190407,-0.445523973494415,-0.413468201962864,-0.627114131939504,-1.23388508773032,0.461507389197738,0.0416627422035324,-0.7515025051911,0.902216661789365,-0.0539078374565791,-0.0430987459619141,23.32
35832.0,-1.24560038671327,1.56906177491879,0.769471358739783,-0.194833474235037,-0.16537899064971,-0.699365152686895,0.366292203473632,0.368688695550876,-0.242205419078172,0.061243341375167,-0.831674115623326,0.319816306899999,0.847586434201689,0.157683065375411,0.811885948828144,0.401718662846845,-0.462764769757414,-0.265654554918488,0.132469901538935,0.294984063699392,-0.275538591089154,-0.695745537019892,-0.0384403645916258,-0.120590949264506,0.0172588027714637,0.111052252142654,0.36721824575038,0.168976313202574,13.98
55186.0,1.26129535561484,0.345523324388867,0.338294660392419,0.986909273833623,-0.145704278163285,-0.607790987973393,0.108546345129178,-0.147256357225943,0.064587589259348,-0.023046120804117,-0.746916897515523,0.159037383050614,0.227321274594361,0.290170856033584,1.0651458737348,0.371176503316651,-0.668258824946491,-0.185847944497539,-0.101959742753524,-0.115583133849402,-0.261042748833286,-0.754145915881819,0.0386159294046884,-0.162365001685947,0.437841313449679,-0.599894957002768,0.0242822348265887,0.0250982079775149,4.99
158966.0,-2.56446300276322,2.8247785268093,-2.60532729123119,-0.628394758536812,-0.862436035413782,-0.845419170161841,-0.979412180096111,2.24981708919348,-0.335557393596772,-0.552721959240305,0.456472034181088,1.27111837698518,-0.16960891497081,0.569308616715881,-0.988089430657129,0.986594988979005,1.04389750673756,0.322808804059982,-0.201341983279139,-0.0400781672348459,-0.19123926356261,-0.860554403372538,0.392361258651514,0.574434714111028,-0.176520132065846,0.122107163174512,0.0226727591199092,-0.0149732635552354,8.99
154571.0,0.083226118321294,0.92950142024706,-0.348842539649597,-0.629169541060617,0.877962530622224,-0.51279638654812,0.820358487013068,0.0910163911260225,-0.218010147785352,-0.655877820764308,1.05467329814667,0.280089718019275,-0.761989008425271,-0.676396179802556,-0.828842469940221,0.465229069561833,0.253490008628334,0.232270316940809,-0.0527994012962978,-0.0194609355539531,-0.28288053015353,-0.730402870409888,0.115892841593786,0.583003057476236,-0.504070342263972,0.0944927793149443,0.217087854134962,0.0735531300150995,4.49
42330.0,-0.897612391760322,-0.639782874724809,1.71804604229831,-1.64055556012333,0.042526359960989,-0.73840390880941,-0.331165639722183,0.12386449840528,-1.41501320771345,0.190985617870253,0.63813963030595,0.28334775334534,0.430793779603648,-0.0289232820959412,-0.264125751157048,-0.632465068206576,-0.757324385187244,1.79370165253029,-0.988949684053463,-0.22330655093441,-0.172235664630961,-0.349271805185227,0.0961796391922873,0.0231224891916619,-0.419010783690603,0.808462558268289,0.0160101872507678,0.124318057879698,35.9
161447.0,-1.12426162541053,0.627729311636006,1.48683442600694,-0.399080402727678,0.0331960174854869,0.154536882677692,-0.231507946017688,0.647484259972206,0.190533729701593,-1.23454231563951,-1.60728597630099,-0.223590081508809,-0.273886338769034,0.115041448238869,0.587887150218973,0.0927191919681941,-0.247895317040754,0.651481221380731,0.408179519318184,-0.0344719193337406,0.230422709850913,0.538253704698176,-0.461027433847582,0.497802218525299,0.700553534894933,-0.0232078991737786,-0.0443046172967585,-0.0347042497751042,4.99
38284.0,-2.31212189166758,2.38132808130979,-0.356541063301951,1.19084993538834,-1.22526908191815,-0.18257236523362,-0.979691641346896,1.89788119765844,-0.575505018465732,-0.0181630238354502,-0.171370922955553,0.70424317324438,-1.05904097789744,1.47854697922115,-0.703460773555764,-0.148059541624447,0.696475190031864,0.620111659513625,1.43111270661332,-0.115538833228819,0.0712374973935808,0.0285530741662508,0.0218543683139843,-0.0139721672650612,0.145352934557227,-0.239301571906967,-0.0079854280373255,0.0356848369627737,1.0
149877.0,0.59054672647466,-3.86233404574814,-3.49631991669585,-0.955449164187243,-0.993693734986828,-1.04246209044765,1.28754627898917,-0.871806350110914,-2.60752530003496,1.45837107523718,0.655522803438532,0.185922752956237,1.32436991912046,0.474967590027036,-1.36588562089667,-1.08514246595129,0.415192119886569,0.242447733329071,0.0935683131258582,1.49902378239137,0.721885202800397,0.545253538429944,-1.031249093773,-0.200250625446269,0.359316583128738,0.199456666463149,-0.242853294677151,0.062577013975788,942.76
121842.0,1.20380819667646,-1.85979318728084,-3.74116255218564,-1.64564158288391,1.17044377615228,0.387976962107172,1.183470565964,-0.174911092560584,0.76249605057616,-0.901113907881749,1.06395235660776,1.00856235879977,-0.615702915605528,1.3452523902631,0.695314389675287,-1.95991307457196,0.482532155826411,-0.929825944675902,0.274334658849815,0.636664312400973,0.648811549762689,1.13388024848903,-0.621442471015634,-0.819265629373853,0.5338849371348,0.24635643119874,-0.130009117695092,-0.0332823841671356,465.0
64912.0,0.0525493085033617,0.201621881248682,1.50138895930913,-0.259520758891918,-0.0938969199727167,0.20386428647743,0.304191850524257,-0.28744934726655,-1.04804489540089,0.535023430726795,-1.58167988962582,0.200631299031261,1.69690289987,-0.923417505864947,-0.49992620660051,-2.11645818479163,0.086839189949044,1.12348968108947,0.535591736187534,-0.205379822246589,-0.42776286405995,-0.266368309175444,-0.19301786391688,-0.401412283919724,-0.408716000782997,0.419126856453822,0.0202522528365202,-0.0641297477782913,11.5
917.0,0.993541455076417,-0.644053856355902,-0.162859707313937,0.25753062855511,-0.243340235797149,0.223657638672881,-0.0513575084456256,0.0956605756644234,0.54021211106789,-0.149014072350764,-0.161528938240032,0.192820782533805,-1.03627649641004,0.308219956783135,-0.621459750875912,0.300266390314734,-0.526463958544828,0.283190389911394,1.03995427945743,0.176833230317767,-0.187523162271507,-0.783561225992751,-0.254810692488422,-0.814395908711698,0.437742614311557,0.545135614142006,-0.081211142493369,0.0106835166016075,158.0
76058.0,-0.697534502715886,1.14764296360675,1.01689652605183,-0.0267569620161078,-0.306753124285164,-0.857720860165451,0.57393689242059,0.383700030673238,-1.05588081831296,-0.541208080222857,1.27868535308537,0.701401872424677,-0.465099765806684,0.945998465592802,-0.0676322962422517,0.367965155796448,-0.331470163818167,-0.154247548583393,0.429168623053686,-0.134027330493165,-0.252128838403322,-1.04703998189291,0.318132218244841,0.469939334163899,-0.839149092070916,-0.269494016145102,-0.0383637447807975,0.0909967634173812,33.03
123019.0,2.0524996805031,0.060449414980936,-1.81751473376463,0.237443343461526,0.569073407411158,-0.399897061488109,0.0394659083997441,-0.0396566205047714,0.336843730515502,-0.192935588664782,0.773522590924576,0.448703802329128,-0.511747877586674,-0.557454046136053,-0.413996204232099,0.624627374369719,0.146194204915175,0.350890285073266,0.457600287480717,-0.170035688826364,-0.338609283806141,-0.93119252124858,0.297276910939364,0.17090974326886,-0.267114935931409,0.174362386847052,-0.0704595198220806,-0.0447926441160896,1.79
41414.0,-1.7759657478355,1.61613023890649,0.638999097631206,-1.65263640670556,-0.472383874397032,-0.716646829855309,0.161767167170085,0.416405065293264,0.879123114866222,1.0574420868559,0.911424038006878,0.41790311874853,-0.501204286466175,-0.0485635853407053,-0.0355539857916655,0.902984340408005,-1.0156584203488,0.223276649079734,-0.491943192528466,0.588772693033567,-0.246279361886653,-0.344160804391196,0.0038478297473157,0.0044818110256694,0.0002382229952528,0.724992811678647,0.406127972872153,0.0796752256515122,1.54
74377.0,1.26761830948504,0.314042532148481,0.145138661812085,0.615923176047636,-0.213252772885204,-0.867446667673705,0.0813350025762144,-0.176554781364036,0.0726176073777069,-0.282331321238581,-0.405989729915218,0.0592558820613473,0.182328111518952,-0.285980362156008,1.1329784921426,0.589397740167261,-0.129607517477652,-0.167173897182972,-0.0644626489986727,-0.0613436335362801,-0.308120720771339,-0.908770573672511,0.0798499185153895,-0.0175128881809611,0.257787771597927,0.116304695615599,-0.0256103468490531,0.0281992165234904,8.99
67460.0,-3.09456658517131,2.63308610327652,-0.215319070213862,-2.14865727386306,-0.232266182647556,0.190178262781275,-0.130661493184808,1.01366550960014,1.2146987148052,1.81911938169591,0.444243805410067,0.773495593523049,0.467058014605586,-0.189331329781478,0.201018010683379,0.773373169675695,-0.960558626412689,-0.0498943324143591,-0.563108999576296,0.990831814454043,-0.338265485262283,-0.280065862885664,-0.0540705131220291,-1.14376671238773,0.124796098029985,0.761054521772979,0.240833057138935,-0.221261411784182,0.77
32612.0,0.920369982520191,0.059458827540322,0.33820870179919,2.62548001998308,-0.369010319379625,-0.596593554959488,0.324602286678975,-0.115698760758743,-0.593967927618734,0.682187998620535,-0.80580867590351,-0.902847420859628,-1.43985571719108,0.661540006599585,0.618688376661294,0.680727070525464,-0.504394843709758,-0.0782050551985919,-1.04064378564989,0.0442293865980898,0.079354421019373,-0.195535901896318,-0.166160921145049,0.356616538822754,0.464387800694752,0.0257725604758091,-0.0543718661604677,0.0413089108361643,148.33
39062.0,-1.40970908142351,0.217403093194138,1.82044688264432,-1.80764529729689,-1.08723572884629,-0.118218053576107,-0.771610316191649,0.5957921275435,-1.18631504269818,0.139886755185496,1.39030172836568,-0.0215783389363413,-0.0472783487504056,-0.111133139188248,0.0248484798186907,1.58593171595436,0.0649862423665071,-0.748867805244799,-0.444915518521553,-0.176105849658392,0.628278367753611,1.44558287998018,-0.231625948223306,0.256254532670813,-0.083779264887241,-0.236106320178787,-0.398815220663438,0.0398573442194623,19.95
2619.0,1.19501587913443,0.203954009272122,0.620038939729723,0.648621730597049,-0.462716687699638,-0.71269771879425,-0.0173309195240275,-0.081290916562373,0.0363517218843786,-0.106709322183644,0.277991113379667,0.501278892331257,0.123310342130542,0.309939628919817,1.27240619774277,-0.0796110638138405,-0.019350069751399,-1.08387435472405,-0.599475983567162,-0.143977407031836,-0.20996259992557,-0.578992269975692,0.208192175763864,0.39180226916333,0.0973412110673711,0.104479259920325,-0.0127999337681191,0.0185863608828101,1.29
87784.0,2.02897050710405,-0.0284673485075661,-1.43184059298553,0.133874796843815,0.349683616827904,-0.540617497027358,0.123715500430777,-0.171422743637633,0.235791627255456,0.151172822009133,1.15569802958637,1.27236749981326,0.556347300480191,0.564928738259478,0.0683072499306651,-0.0850131342849103,-0.744354060292571,0.300464412702026,-0.0160583310817436,-0.172844811070843,0.305680215753184,1.00521092578975,0.0255114916373773,0.756135938121786,0.257074338877977,-0.160796260651418,-0.0217176980276066,-0.0606651634332138,2.69
78685.0,-0.671155125037631,1.183971256237,0.793622794409534,-0.218409755444475,0.357281688391885,-0.0237069768620657,0.363563098890696,0.463983225431964,-0.704518490463507,-0.774564821916408,-1.13333594143366,-0.0666810934415554,0.275204906556928,0.500850859729216,0.965494247612876,0.149957910410217,-0.210491144937488,-0.474939430970506,0.0321519546735532,-0.161347221849488,-0.0834739858643629,-0.352536504342233,-0.092198663355946,-0.76480390611039,-0.29271222071768,0.185361976364415,-0.028253712630447,0.0559530445129014,1.3
66465.0,-0.817946059462896,1.15613577681609,1.41342463183525,1.28159267507282,-0.173230566758696,0.271198341729966,0.168780961625841,0.650073353484974,-0.882452692986613,-0.405742761635567,1.06306159979295,0.868730992293463,-0.535915193951151,0.633723742068758,-0.461889586030697,-0.940944094860182,0.665519221525814,-0.166392390203445,0.997999235868071,-0.105478335302237,0.0940758207444105,0.315296403870544,-0.160522558522904,0.243102938679966,0.0786641810714135,-0.21818438308897,0.0187631109419792,0.0363154202225753,11.88
25962.0,-0.389890886179564,0.602704052729922,1.52836336585864,1.09739749945731,0.373764417647502,0.877717433383099,1.29782324567419,-0.318591593315637,-0.329936969133644,0.329322600709055,0.98389604737876,0.563712742455256,-0.118895131568376,-0.252950654578701,-0.389580231456896,-1.06071290045399,0.0254191924806426,-0.128932534632402,1.17747786828288,0.141580407481315,-0.0563759710503942,0.412930065441862,-0.149540458312226,-0.276768649855052,-0.169189669124369,-0.30343443135425,-0.228246876047292,-0.349944706157756,104.0
133292.0,1.89581667170499,-0.111575266650201,-1.78754415081725,0.339968719372849,0.24347887232533,-0.722964822893104,0.0847536024167968,-0.118045911684862,0.756818634563032,-0.760467857445884,1.03654465028601,0.956843353388362,-0.0439336552230176,-1.42360955440393,-0.754936484111762,0.257045084486028,0.873963752999178,0.581004373256291,0.426726444588743,-0.0580595971269273,-0.186852334701493,-0.402003938811841,0.0929180194326746,-0.517157040961108,-0.0791829284365189,-0.0882769821526109,-0.0144062814755122,-0.0232068849095028,59.14
49203.0,-0.350748798680038,0.81005553932014,2.1461230947116,2.39910295256385,0.554408728270982,2.30748598405933,-0.206772083103108,0.554627533312799,-0.412217531360263,1.02539549680552,-0.717348976110848,-0.88081351968371,-1.14107859551699,-0.237925293742246,0.306981538087922,0.255254890978243,-0.398793916685944,0.926283158564403,1.53979872773643,0.293081839111812,-0.142534397917794,0.0004857068364482,-0.348766988771165,-1.74545157175956,-0.188851703405781,0.300046500467518,0.25013731064141,-0.0607824900022485,4.95
19897.0,-0.143811468266235,0.182147210975802,1.70098581057218,-1.08859937407377,-0.246653460349841,-0.0729666427418492,0.14400893066374,-0.290082168686838,0.193331951910439,0.164714729952503,1.78359772470691,-2.41844215699107,2.0165578204181,0.693227408775778,-2.12457793312159,0.638110545928556,0.917622459043126,-0.820296538158854,1.29419953145043,0.148551219024234,-0.104423095849432,0.127153025059973,-0.253020470264309,-0.0123273842636419,0.0895823020551327,-0.36247823917197,-0.277359637552596,-0.230835278428801,20.0
162746.0,1.88950868401216,-0.109004132918562,-1.72445351729317,0.317294126861616,0.26527306910258,-0.683369391170878,0.124149688198652,-0.153416720040841,0.668214153756439,-0.721560719852102,1.09909448285976,1.31427743932447,0.584917469373929,-1.40070287527905,-0.837233936822703,0.181934727863421,0.726659500566668,0.44226416938432,0.442863176584388,-0.0142840616885519,-0.169320664505474,-0.331889688563731,0.0841792085116123,-0.487548561051513,-0.0597855785465039,-0.0908581014481514,-0.0128694383249183,-0.0243515697068788,63.22
74226.0,-1.00809245630185,-0.206233825844247,1.80133797848987,-1.30235227622429,-1.5724464373413,-0.201043623390157,-0.180712498998853,0.461340547902408,-0.749113027059483,-0.653648365743287,-1.07611471942318,0.0593194933957981,0.855758784398963,-0.886150252830248,-1.48426777861426,1.002786123078,0.539244290183891,-1.45817343813217,0.310395334680633,0.268897825731515,0.241064196841063,0.454459485766972,0.212128166272883,0.409588816198189,-0.0820400453351705,-0.438991040122335,-0.0160582394141458,0.0677928958848073,140.0
164261.0,1.87214757750208,-0.121074765582157,-1.52219822299558,0.6435657003871,-0.253383602163592,-1.48837546561044,0.159450239289853,-0.269634176726442,1.08444328445866,-0.91054050494523,-0.133660678720083,0.0930947705196191,-0.877615004034206,-1.41693478983513,-0.0211370940858354,-0.117584336064865,1.43955565532754,-0.0578763117163286,-0.139147820811006,-0.129224912495859,-0.194566007152608,-0.446400242087377,0.200187114204272,0.257336726916157,-0.177351892611547,-0.114901636807107,-0.0161285957160845,-0.0059642201134758,66.28
57812.0,-8.6118177155976,-8.3724386649565,2.06246660467338,5.48163957536149,3.68952629099225,-0.942460345033029,-0.732749484903546,-0.656304870749595,1.24751763047504,1.99382528315134,0.357098661935905,0.0890489286249904,-0.37528113102471,-1.83813092644648,-1.02459256855251,0.0651585712987962,-0.120495578906528,0.0623548299615252,3.36191151960469,-5.68047840416122,-2.44671563130414,0.912629413754415,6.00872417310141,0.113659451048929,1.95782088130966,0.645396298074094,2.17575166658878,-1.83196375221115,41.71
138868.0,0.258459081259671,1.31552218866756,-1.15868417745119,0.434192289048731,1.79816794537141,-0.614591336716586,1.44016193220982,-0.224183083974828,-0.511905157303061,-1.01177544796827,-1.12934072895075,-0.397623742320215,-0.196728663236275,-1.17660516184189,-0.746795869367867,-0.0603537119534462,0.7095511652659,0.289740405793827,-0.486367059031171,-0.187468232358742,-0.0045992109586539,0.140690216243209,-0.304794372726155,0.139950123675717,0.325505986153609,-0.567407795019975,0.0419362009971712,0.024901555761234,1.0
144330.0,-3.35798311757743,3.89913564820386,-2.36377939266807,-0.585937789280028,-0.274788466260133,1.96073382553736,-4.15019678921395,-13.3969383855507,1.08340823872849,0.411696364808873,0.637461703281251,0.851569935354182,-1.65984969063193,0.137094869857718,0.0429968627098195,0.530603360177654,1.31647806385484,1.54102985878906,-0.240444817485275,-2.86655545252789,13.2502310936316,-3.67819584393748,1.58171419405088,-0.804233193065069,0.853039027667931,0.0704999615441147,0.777844998690906,0.441935496004557,2.99
171621.0,-10.9797193653431,9.44125036217608,-7.67981616622485,-3.09157230189392,-2.60683230799044,-1.68843312514128,-1.56557726939062,3.60013911867352,5.23232152931442,9.38694470109927,0.0035577953071159,1.41807244840502,-0.657062631708265,0.703142967954858,-0.377726966622313,-0.310985407905468,0.129684987303704,-0.0002997560583425,-0.78993046025528,3.6600692495907,-0.689141793366978,0.222754863691706,0.493055979287798,0.094231460009385,1.49758107496363,-0.0298589135747958,0.657311818805686,-0.70713532847207,1.46
59640.0,1.03377860512699,-2.08979377480843,0.14730314709419,-1.47340012606748,-1.44701624977477,0.656517033923994,-1.22193578054192,0.121898141045995,-1.31493750134156,1.25558300413982,-1.63699614598369,-1.57116623002216,0.26765120471353,-0.46416913666954,1.40217753193029,0.182095883797117,0.131280210117032,0.454278842113706,-0.360533953869857,0.188826808678897,-0.0567297303484349,-0.34482186625349,-0.278521850537641,-1.35988460657247,0.167192382351601,-0.129003174411494,0.0257298215953726,0.060331500543112,272.65
147334.0,2.13599350059419,0.0045896609661162,-1.47640717219061,0.161293790352199,0.464865271328892,-0.591690119533538,0.240578244616362,-0.333649962351155,0.439073686120811,0.0410453496418454,-1.47520351048805,0.705609805830782,1.39314936822463,-0.0151642220907307,-0.0098078412756912,0.1441633617235,-0.731488305308962,-0.671194289910002,0.530090260027246,-0.116860018306552,-0.344309861031714,-0.796674632390034,0.197791915673992,-0.97225663745399,-0.120920166228121,0.256530999747238,-0.0646320860587166,-0.0679826291383868,1.98
80183.0,-0.346988691438184,1.11220864279371,1.28662820621309,0.0648542882416729,0.0155985646730885,-0.983213054880424,0.70789121846763,-0.0656755076446064,-0.37476924380592,-0.509172154127105,-0.239079793546947,-0.153311984657614,-0.0166196333006278,-0.402187215707016,0.909365372346549,0.390672811920631,0.0143327973325094,-0.119437632321499,-0.0888042202371166,0.110883681825039,-0.264091703384905,-0.701600964804843,-0.0080798751638205,0.32471437411484,-0.163492671976498,0.0725836796758662,0.243873905673642,0.0981777883913586,5.38
125277.0,-0.608608661213052,-0.825019204714123,-2.41739655868822,1.32163509662933,0.861187397120654,0.950104686814813,0.681671281100072,-2.99031491897405,-1.2004485565838,-0.553504878883753,-0.258605689618986,0.916607036058205,0.374062016334301,1.3532040010786,-0.821645265485857,-0.29769402491189,-0.52061193610967,0.609038412923506,0.822593609845656,1.88444492799129,-0.689015262236649,0.7883736999452,-0.799384103198406,-0.275718212655254,0.450420372668633,-0.348779350425015,0.0853667418997224,0.439855160491324,628.6
54186.0,0.373916992018877,-1.4946420245527,-0.344523144507072,0.538016071453899,-1.00040609085515,-0.778392447637504,0.608202070297235,-0.199568252504895,0.0997316350900975,-0.191328826247415,1.18488245940644,0.4340038753522,-1.31783123329181,0.709110004924118,-0.426569508398499,-0.0443214079210186,-0.0398310667273365,-0.0900793438054227,0.375280846685638,0.745772386933949,0.235428698077255,-0.290167045165677,-0.454411768152822,0.617785881190358,0.284080551004627,1.01655076221145,-0.190027225683151,0.0603483055534594,452.96
150209.0,2.07837216822229,-0.134363295713743,-1.64360198046564,0.379401629280553,0.0532652574513227,-1.37410198317433,0.397157045011836,-0.368915927236194,0.601272277130884,0.124778884662356,-1.05554263177844,-0.359325431204715,-1.48762618088882,0.682485968351561,-0.240575144025803,-0.557119312142317,0.0778464960939902,-0.796297254378668,0.17082510809819,-0.320384791720784,-0.0476605444437868,0.0122408692196459,0.103031690197,0.017678999757561,0.0917533074760162,0.682273628072331,-0.111705335718204,-0.0814883034379688,7.99
39951.0,-2.11374469589605,0.115570739922231,0.80630282734351,-1.06300652519606,-0.247814963432818,0.610174487349017,-0.665317854632993,1.22473863015053,0.617415038101334,-1.41547741173591,-2.38249342232902,0.146431481974785,0.0221739482084282,-0.125271544908265,-0.646487111684047,0.475887977660144,-0.036052685119862,-0.446187091338729,-0.0692420935399051,-0.0631863400301128,-0.140016063117825,-0.550059460825762,-0.197349114255272,-1.25033515654491,0.0430651172150127,0.899032220250914,-0.0577935173404274,-0.140169382157762,46.91
147419.0,-0.556302904996048,1.65128399328157,-1.09452962266118,1.01831606083249,1.02870801977968,-0.359840645869266,1.0643769087201,0.401771397409092,-1.05396895212209,-0.680551870169543,0.781197548428368,-0.0099743070796201,-1.16043454552053,-0.351676476917051,-0.77206922947524,-0.349405421881034,1.30142633975624,0.96504731523493,0.813996325761371,0.0506039868665701,0.131835172749343,0.424798627862784,-0.143944526887232,0.565089715228696,0.0228305928991751,-0.423528354366517,0.307057759088645,0.21193460218031,43.92
66105.0,1.21615881648234,-0.889395188212273,0.109593317272729,-0.633247335963741,-0.734170083635466,0.0980778336124877,-0.603995009861596,0.121747851365646,-0.64822528378611,0.62650475699516,0.886709243275926,-0.0995765695812828,-0.783970398770899,-0.0401389877029526,-0.900368072272272,0.513593375754567,0.673128382769195,-1.49445494607593,0.976072330078818,0.114732453856219,0.140552401464932,0.330577968647901,-0.174895534549082,-0.269619523692829,0.578753651454323,-0.117887053019415,0.0009900775978978,0.0012420361922835,74.43
150977.0,2.20178035164081,-0.670621645540838,-2.09799708989292,-0.839323027800985,-0.265038628906593,-1.87143649477268,0.24380013796281,-0.575126427625707,-0.776544206369611,0.95592895344224,-0.805100841442849,-1.35750173626008,-1.30633061327236,0.652602059533933,0.0771720322145475,0.494387557674192,0.440134161755751,-1.54278540035298,0.646371560779034,-0.0681852599029017,0.355078085434869,0.893777617072745,-0.0833145968525097,0.0763778860361144,0.389003428932988,0.0777291302079933,-0.0946825166865204,-0.077331794984363,49.9
34683.0,-1.17057787273752,0.698083146405436,0.801534274825401,0.17934350793477,-0.0024916272868243,-0.514434710062023,0.811904607475029,0.407805126816243,-0.649792808509922,-0.965507333145681,-0.68765309621165,-0.147358755977292,-0.604826474736567,0.736869798783945,0.524991403900677,0.0716275379974864,-0.213692489500647,-0.344157069759074,-1.30274396472649,-0.0511307769623425,0.289664749389875,0.419924249896743,0.11783358675224,0.0476723796418105,-0.0303531913575095,-0.506034711840946,-0.0223039641758266,0.0461189466365803,114.02
47151.0,-2.50951200617205,-1.13144518903989,1.53014329884047,-1.06883246457377,-1.95550045627264,-0.108914281128807,0.0712871416031948,0.325835763467461,-0.328068397594023,-0.31035084927629,-1.16733594908768,-0.685728862768999,-0.425607021730165,-0.75001962550471,-1.06404450498221,1.20516978452684,0.609312812031362,-1.3827336709479,0.402179376137241,-0.239667885130062,-0.0598143313389932,0.0433154027022233,-0.630721442534567,0.456071497513736,0.362530327984053,-0.328799231359034,0.290886922937544,-0.24493668395738,301.55
68202.0,-1.12789970248559,0.749964399035807,1.59989267484621,-0.556755953122096,1.52093242669772,-1.55763412887586,1.48484000444587,-0.506063036985641,-0.844074020299155,-0.809160421144274,-0.395996220807444,0.505529960181132,0.938953829482435,-0.073016584461659,-0.570514098234749,0.166656881239882,-1.06708296041581,-0.557371347010898,-1.75351429469424,0.0059607231766901,0.0510704304968396,0.129122268940802,-0.454151925139596,0.414807625826413,1.0276863672324,-0.571980454235597,-0.195311824567854,-0.167534794934252,0.89
93853.0,-5.83919161928092,7.1515323543223,-12.8167600806187,7.03111476501099,-9.6512721679897,-2.93842725771624,-11.5432071690832,4.84362653179436,-3.49427572506535,-13.3207888671784,8.46024444901677,-17.003289445516,0.101556614891384,-14.094451660329,0.747030766392512,-12.6616957230679,-18.9124938172188,-6.62697484523061,4.00892074227194,0.0556838813863639,2.46205591127559,1.05486518382957,0.530480596078193,0.472669814042592,-0.275997967880675,0.282435024801752,0.104886020210564,0.254417096767513,316.06
49492.0,-1.86550681467177,2.09417010977097,1.20227650599441,3.08582553484716,-0.807485430380588,0.387811445658163,-0.867502690626183,-1.91665756988914,-0.488215523185897,1.10516061875262,-1.01091830220478,-0.147769461428971,-0.834351174881463,0.244094284029104,-0.212330746063519,-0.597706174791755,0.947418347590508,-0.113632919740233,0.99031481831504,-0.616143790038541,2.3483702764506,-0.403402606974382,0.447847290233619,0.674317880906264,-0.291755850263853,0.229834775686963,0.0576608773907763,0.158014887616884,5.38
59841.0,1.32012527670363,-0.665264354949938,0.0459403018059499,-0.664810826826985,-0.742951061158083,-0.339117102297416,-0.538816812737252,0.0687267736759062,-0.801767660719652,0.7454067345256,1.17863234709908,-0.489192431740908,-1.55243356833173,0.316576200171655,-0.520691308786741,0.497674352650821,0.73244703280195,-1.43720971320222,0.752975307712736,-0.0496333966187668,0.218575118325344,0.593415152317883,-0.13857532322472,0.0303916135839002,0.633261406324205,-0.0486403973511733,-0.0078346121122932,-0.0112472834699787,20.0
121841.0,1.40096127947129,-1.86531659241146,-0.602290272153274,-0.425359368727419,-1.24416431647381,0.266471184433721,-0.693451022863303,0.270763469306502,2.04276267806364,-0.531568922362806,0.395686745913771,0.65304703091296,-1.63426641746903,0.0286415562805153,-0.758559757661792,-0.045950438051656,-0.0908245293084653,0.104253653509283,0.842965285475726,0.326010589276578,-0.0500795507055258,-0.591765161619779,0.162852818765084,0.71430349253258,-0.72232591619556,0.32883278176922,-0.0854881653595053,-0.0033001843233707,296.0
166191.0,2.08188923216021,-1.07689527671021,0.106031344938711,-0.356193609092085,-1.33952896250385,0.30776965367431,-1.55751626147418,0.202183867871191,0.73449283206712,0.617710077223961,-1.47835852664374,-0.0107592703365125,0.565341082308439,-0.591750040484294,0.961819573738411,-0.822531046634869,-0.628700776509767,2.04750357250582,-1.11131828774885,-0.571371644443363,-0.143834150960866,0.239319569745555,0.278651364063845,0.438444408455889,-0.412527846860633,-0.285053189476362,0.0937150363707962,-0.0135786815773235,10.0
39039.0,1.03350194726274,-0.854923933235025,0.64319785150719,0.625895705168791,-1.15857174593728,-0.12936293904562,-0.502272519751421,-0.0903949372231521,-0.536092310658961,0.608271173803407,-1.13240540627705,0.25815912379844,1.02958191938876,-0.384182543833493,0.282743966820917,-1.35724081767488,-0.226621348776731,1.48721463987068,-1.03089648439263,-0.185422962536003,-0.168437866568078,-0.146259126018634,-0.235921190523402,0.0430927424913683,0.540921615013513,-0.218598898705543,0.053695542741855,0.0580493651919791,158.0
33277.0,0.490929047795653,-1.77261078153086,0.955247359846857,0.981177869429898,-1.51960135776314,0.891151568384124,-0.654097552276787,0.243703443689143,1.93399595897139,-0.739496159170975,-2.11044803056119,0.486058571609509,-0.0480085645483522,-1.10011282184748,-1.36348466206316,-0.209522657486479,0.159998157664443,-0.0807056677655188,0.733508007519265,0.646598007724882,0.0598843274160254,-0.150163827378162,-0.479282171371297,-0.341664696520215,0.331386193987737,0.731665964610775,-0.0331668221696853,0.0785645852928378,374.0
66419.0,0.889726793031612,-0.90838118184547,0.809949170880269,0.203444576200347,-1.19705587808046,0.0424309376035092,-0.631818197807911,0.193461111603852,0.777008197417354,-0.143926621892709,0.690475012225877,0.45816474050072,-0.682886769030129,0.0275514108668172,0.129906724646445,0.718549891149225,-0.57434898349152,0.622317301634759,0.310985666429196,0.239902138398443,0.19015678643638,0.261391997689976,-0.214702124337263,0.0882164431395963,0.140009508826327,1.09689751204409,-0.0759285355850184,0.0283141418708184,170.0
142066.0,-0.52293223311354,0.504219604443583,0.320119291095206,-2.01011268309928,-0.885072608615037,0.729841105987907,-2.5960664291423,-5.25125485293936,-1.13443107365763,-1.18736300072554,-1.08823619233568,0.0866249928436954,0.272386509970194,0.181848917670213,-0.583182512210291,1.79391691979411,0.0226769207101214,-1.16257693010604,-0.732308124209503,1.30725655794288,-2.22860242319521,1.57055338215277,-0.0274975713724916,0.75909626501201,0.903770265454496,-0.140564341390438,0.0528286724477311,0.276851122418347,29.99
127409.0,-1.16720872135234,0.759754423476753,-0.595749245238256,-2.69908203495959,0.931006243630426,-1.27780025734046,1.35554281947312,-0.234601248404444,0.705714977275772,-0.382933287155235,0.075887439711678,-0.215304399496217,-2.25028780863556,0.617667966946897,-1.68657768322849,-0.216727725068141,-0.698209615640139,-0.13426098339601,-0.287787148954745,-0.311863801619707,0.0332958272234835,0.297513156976018,-0.194959609458484,-0.370589365879323,0.0865303727347794,0.514857446916946,0.0136007566510421,0.226211894031201,8.49
154352.0,-0.875346864815914,0.645340252246518,-1.26778679804039,-2.34385775441206,3.49133866863605,3.080201487247,0.725262280360381,0.782234370104201,-0.241907611348626,-1.27389242022367,-0.018316982161568,-0.218000853584589,-0.562654540304943,-0.824527238294068,-0.499613836744886,0.594692534985488,-0.0740622361952992,-0.476167737290998,-1.38769626844896,-0.319979978763855,-0.269983006959495,-0.877872338846028,0.15879128855197,0.588344737254388,-0.287529949096467,-0.0343398792919708,-0.133972544278009,0.130334678504307,13.99
151088.0,-0.23318493390118,-1.18013212573691,2.88683347463709,-1.96492819882367,-1.92892436469522,1.39590051734374,-1.72102666447741,0.626267986175753,-0.69080622893847,0.543682474996253,-0.634513704437543,-0.252303154139843,0.108401327258076,-1.78504464689751,-2.53034014075443,-0.73573853482685,0.819614989630165,0.973145354429901,0.930881050988091,-0.245743008642716,-0.0605386118461815,0.63103169769447,-0.391985171785343,-0.43144095440244,0.486476510514618,0.244896118709828,0.0651975655626064,-0.0557264851578225,20.5
124063.0,2.04803073409082,0.623411777994253,-2.35601720492755,0.776170893105924,0.564890981177019,-1.80688160576738,0.407989544275582,-0.438554478150877,0.437368875839733,-1.2128265166714,0.28377510822636,0.018320116412214,0.440484471132281,-2.62590007440852,1.01880275069468,0.74686166814007,1.74651997740519,1.21060539991499,-0.704894730743806,-0.124442776500427,0.103376697723641,0.524710739516441,-0.0520010068409315,-0.155447592412917,0.272479788070371,-0.104738403246812,0.0231611618309719,0.0089277187393438,1.0
45460.0,1.23096574073912,0.371310288605736,-0.163401547621004,1.07014718653468,0.122527420439801,-0.754646960495547,0.403369376296586,-0.157406773672244,-0.118254146446472,0.0327884146691424,-0.32837483889212,-0.274779729247278,-1.10526232753142,0.807899627864042,1.05228099230733,-0.457882243534779,0.0266299633825469,-0.685599519024154,-0.603104435036244,-0.25443401996208,0.018648097760195,0.0920774392775592,-0.104923331023252,0.0472175632611853,0.743015754236706,-0.262326883359108,0.001353055189503,0.0052448275708931,2.72
118545.0,-1.70562330137031,-1.02113394656854,0.920535677072116,-1.63592837161757,3.27456681096151,3.73961954253922,-0.850635283164117,1.36925389376208,0.653345879995448,-1.41408793596299,-0.701349226542831,0.345317855986212,-0.441573229118517,-0.361436898936985,-0.659048816076809,-0.187644923385033,-0.416603523838093,-0.338065064180566,-0.413344866197306,0.29887251737599,-0.109424117523989,-0.665377451479778,0.0336271241590765,0.667569548664273,0.638927398315702,-0.485751171260204,0.0278654341023197,0.0833205237254409,51.9
135459.0,2.11001994175375,-0.56722267886528,-1.50495575944928,-0.670864214849788,-0.0947900856906801,-0.61275776031303,-0.123264410506098,-0.229932772607403,-1.17196496759,1.08728850972048,1.05605548619288,0.941974876109355,0.84206625791867,0.475600450258557,-0.291591549926407,-1.36742752363962,-0.401911568440493,0.94495058323187,-0.540601359122348,-0.493763910992941,-0.458905462132504,-0.899242475004387,0.362031996114916,0.691102964002895,-0.342511136563242,0.350469062085162,-0.0794753023503495,-0.0597061367901129,30.0
69612.0,-0.661214180090176,0.961009895132071,2.12700183525374,1.230599640386,0.441826449690728,1.6940994520809,0.0067908306712532,-0.453419953225071,-0.502049780081273,0.0052882801091688,1.0062558941617,0.3322687171113,0.0227579116331366,0.191742285772602,2.98522622238782,-1.81054146279636,1.37068244798005,-1.88630630333424,-0.232656104532164,-0.0947660628208616,0.746794906094576,0.0650929866616484,0.168045735431265,-0.679068545888655,-0.667451003631716,-0.305780774610909,0.121169489211564,-0.0998671963636094,14.99
57207.0,1.30016399715388,0.102946031361122,-1.40367732816362,0.185655740072267,2.36061301669381,3.39877536329815,-0.269983068773149,0.765126063425655,-0.0751236338420223,0.0575981814135441,-0.417648562279536,0.128524420116884,-0.19447424066019,0.393530514667642,0.178965154626631,-0.0495024826573662,-0.61110447097861,0.0081569959427452,0.243877001618998,-0.0493924892277499,-0.0900989719747954,-0.244171303221617,-0.180229469603708,1.01890391827695,0.999122337440909,-0.245221921008474,0.0118853735613924,0.0065443138822726,1.0
80957.0,-1.60021092286163,-0.612737567529861,3.10687021822844,3.30434102981744,1.32969978587367,2.68334565674877,-1.38664022518902,1.20610578224169,-0.463392916984008,0.214113161012442,1.20221034055995,1.49105081405152,0.142867332238038,-0.660089534063077,-1.0708760484904,-2.08114334016816,1.88409311641386,-1.83509440178419,0.405904254940227,0.355918324341143,0.0360824813374688,0.300821714466893,0.14100943913033,-0.974418712496291,-0.163857692433172,0.33457399785625,0.171194048754623,0.0971132033976711,16.7
53530.0,1.36412581940812,-0.223513805767693,-0.164193618813931,-1.47778268017573,-0.534557471162807,-1.284654068071,0.016857795727447,-0.246401434557896,1.27773301854346,-0.979800910606262,-0.629859462327665,0.0518592247870839,-0.682924786893867,0.505008443182763,1.73641132161465,-0.321769904991486,-0.249780133145138,-0.109755215247387,0.996548693506575,-0.117631103296949,-0.228402220885851,-0.600933073739608,-0.0192137790021458,-0.11284899263408,0.471448361356375,-0.0903168396645287,-0.015208302436518,0.0068487808848731,4.94
68652.0,0.213953768081731,-1.58225121024401,0.304550225285982,1.56553581051498,-0.825559707248892,0.892996299078912,0.0846540998064711,0.212262086625495,0.584368423487042,-0.320648961917826,0.657083446774029,1.21477364626497,-0.114275863139804,-0.0475526913105366,-0.926636664553081,-0.337134791090246,-0.0327230646681461,-0.032421563632248,-0.0745744567300077,0.771232257839668,0.293300487087142,0.10024095924196,-0.543247904009441,-0.24672917424678,0.44642461860595,-0.293470125418343,-0.01663169943618,0.0908088598848016,469.92
43141.0,-1.10592218784097,1.03876484559745,1.43403222966884,-1.53491345346273,0.0842895665551732,-0.512601727285789,0.746829529836526,-0.119237373206422,0.237615485331353,0.300878335367187,1.61472354848003,0.270501721048949,-1.01175232274933,0.0723030201666632,0.0690170614423786,0.186515820153026,-0.60188192779395,-0.412405999733334,-0.811684235185767,0.11248995416244,0.0088133445551379,0.106569433225662,-0.0715685651668557,0.238494215422618,-0.456064802916882,0.701761261864548,-0.213039314134995,-0.007107914458224,0.31
114145.0,1.600239854443,-0.311572796046786,-2.42673348996188,1.45797793072041,0.816393410567683,-0.547782870522433,0.869237558409214,-0.386197506553848,0.156968914871055,-0.388115710838971,-1.29493590297339,0.158400513694753,0.714683060261649,-0.898331509241212,0.0567467799212651,0.305239990753684,0.235936876914867,0.191583998897822,-0.158692740555204,0.327745079316755,-0.089064593056914,-0.608925678595625,-0.202577742495677,-1.17386839441028,0.211531847798796,-0.694482000817995,-0.028118100497305,0.0100726205820871,254.2
166028.0,-0.956390354534089,2.36159360978361,-3.17119460723168,1.9707587789256,0.474761353851904,-1.90259820435779,-0.055177812186404,0.277831228585655,-1.74585416512772,-2.5166280017922,0.874051625366684,-2.51310432869389,0.0215750823066827,-3.56511884467947,0.461153428310475,-2.01571274629308,-1.7314131905532,-0.465814727140309,0.527619755594392,0.19087690343816,0.4732110860249,0.719400298090367,0.122457847823505,-0.255649852132098,-0.619259299031992,-0.48427999484406,0.683534592892906,0.443299499267762,39.9
113097.0,2.06239657649625,-0.153565251566022,-1.59453800086854,-0.005036841024359,0.344404685625857,-0.420631811438667,-0.0073585382736395,-0.0729896060475894,0.65509925454881,0.0971942092447552,0.486596856888898,0.377681660286852,-0.883759211222435,0.833015566339701,0.326149338286295,0.0765165629950575,-0.875961703933148,0.83443883505854,0.243810429329105,-0.263071302074022,0.282587286708043,0.883002536346847,-0.0310931203779778,0.349416331764087,0.337969974306493,-0.44687856847862,-0.0066708064851213,-0.0625955777692636,1.0
85285.0,-7.03030814445441,3.42199090467553,-9.52507177254752,5.27089100906596,-4.02463027558805,-2.86568161775739,-6.98919473439446,3.79155093755913,-4.62273033596451,-8.40966487562735,6.30904400603177,-8.57676143258937,0.246746716929862,-11.5340460181508,-0.3642651387587,-5.45249465771382,-11.8875700201872,-3.56358481007011,0.876018768156628,0.545698040621445,1.10339774484256,-0.541854751589521,0.0369432219896495,-0.355519004066217,0.353634382097,1.04245799282131,1.35951563156376,-0.272188101257294,0.0
55105.0,1.10402134304905,-1.12383548711264,1.00893933429608,-0.460959876980044,-1.50275843177969,0.021138249536919,-1.05504320449371,0.0951347442634598,-0.175412932822368,0.400911281819443,-0.26852872763032,-0.156764119431819,0.650540829089184,-0.743181371821407,0.579151754432117,0.886203033985251,0.570025366481346,-1.50334216475817,0.06345380511038,0.290499649763229,0.405906226748318,1.05400593375278,-0.174454911589948,0.155852154924228,0.358076907693762,-0.0301137995206588,0.0484899480789884,0.0421209556486058,119.0
162680.0,-0.744995479334192,0.959242948200489,1.22279488261834,-0.912097084251944,-0.0039086972983681,-0.0130510934180413,0.0821319135588078,0.531218749758041,-0.163561172945935,-1.15077044094962,-1.11954493753508,0.406937856827976,0.740671080245277,-0.0304253515398925,0.129569100769313,0.509379867375507,-0.460048184173097,-0.319802919779191,-0.179981505665152,-0.146778938481068,-0.121962554288816,-0.452265276133267,0.0094774836774326,0.616154604592205,-0.402006368471414,0.259104399015591,-0.0467342962115552,0.0741447098188071,1.0
152461.0,2.11565037710219,0.129228564097308,-2.19070951171243,-0.145327621898504,0.735043725680275,-1.27112417615204,0.758680680972709,-0.49428631900659,-0.141105564244776,0.169480942869638,0.853039534595558,1.21060783991905,0.617514920677761,0.842506490663288,-0.381778363268785,-0.370826436520631,-0.684979724468325,-0.0180305623625943,0.535234561871467,-0.172541317538848,0.183254044326443,0.679319627214164,-0.112190890612478,-0.326882780849215,0.485225209130442,0.242509748560026,-0.085663830952741,-0.0911664174090428,4.62
99159.0,1.94177538027891,1.19085769144085,-1.91165174984182,4.0251488533364,1.52609599978954,0.15245690158662,0.210495422172943,-0.0121577300949877,0.107301021461266,0.127290725000365,1.2362136542092,-3.16377530250637,0.932465272983856,-0.808366082098009,-1.89436364177965,2.17597495523836,1.54164260120662,1.58906485474345,-1.24454841552444,-0.260013455423459,-0.602950020868623,-1.51397429954315,0.187627028803851,-1.49584592679887,-0.185812790106231,-0.330234822285899,-0.0392476916248583,-0.0112213780566387,4.0
153250.0,-1.24886388652648,1.85457967877014,-0.389679240789324,-0.372882940756659,0.497140442090877,-1.09518197839166,1.15264717589473,-0.157956743341115,-0.694918924156039,-0.885686078277012,-0.368710778149482,0.53798539002855,1.22578180432568,-1.03953254155707,-0.102371952305213,-0.149033241973564,0.980111577074317,-0.352557694891729,0.365150285173308,-0.185558291708761,-0.0436201891082893,-0.282044535639275,-0.178087880823624,-0.0398511453399245,-0.004370270866867,0.511024171381236,-0.712132993940972,0.0494974254702092,33.4
75364.0,-1.1427864644524,0.837850372407776,2.35249039387861,1.14978885557237,-1.3111293403157,-0.0183688622007817,0.227167572351268,0.48945253391847,-0.421566673554857,-0.888710819713608,-0.472040281714281,0.604968916436801,0.808124899723121,-0.0942914416832077,0.718262590478922,-0.0914322666918087,0.135460343437189,0.225931399960018,0.367227565547056,0.246266219062969,0.193753527055983,0.369902895132578,0.0902531109895751,0.7291208430411,0.272367055081482,-0.290916912661564,-0.0348752162593811,0.0444766426041222,129.08
135322.0,-1.50431324469092,0.0412234942764873,1.21627849303352,-0.748896934018797,-4.6434164621693,2.51987623304514,2.91609835816731,-0.0839402823681518,0.191866978440266,-1.05192141913511,0.830156008135134,-0.162767106122203,-0.592856909002208,-0.247496552016007,0.826270103102942,1.01504410324627,-0.533810394735312,0.981724988579838,0.744932825701962,-0.36867268172685,0.052095239228179,0.783462059039106,-0.105455220373718,0.14527236456282,-0.065909783119579,1.4674116074041,-0.0487395550439706,-0.506170501654256,799.5
89655.0,2.04207254535313,0.159196336363446,-1.76276347966042,0.229860510627047,0.698577450957432,-0.316665926436196,0.121586084003505,-0.0983872779226638,0.115615896359074,-0.242917766047962,1.12183732814715,1.24617137271815,0.897179977544229,-0.831649227191601,-0.527441534858142,0.481188225208641,0.143559755168081,0.0670180477197601,0.353187236072663,-0.088909923376359,-0.312855855858739,-0.779152242003287,0.295311852361679,0.220880190896142,-0.241886534571713,0.170996980900667,-0.0577275760959158,-0.0418270090507952,0.89
93860.0,-10.6323749061596,7.25193622855414,-17.6810718207918,8.20414440620562,-10.1665907519072,-4.51034377036334,-12.9816061559658,6.78358879797499,-4.65932958355558,-14.9246547735487,8.38914233451929,-16.4655039422141,0.33851695978655,-14.224403603167,0.556584472572111,-11.683998043525,-15.8416159780561,-5.75319975278369,3.81304079276336,-0.810146481561289,2.71535704420309,0.695602689761576,-1.13812206664164,0.459442241911828,0.386337323495895,0.522438449202614,-1.41660373652915,-0.488307035713995,188.52
92092.0,-1.10847821852891,3.44895257232738,-6.21697180605649,3.02105161812575,-0.529900931709915,-2.55137517507643,-2.00174290819286,1.09243237369483,-0.836098368778531,-4.09564897273592,2.42595071598052,-6.06726194524698,1.83243272022382,-3.50170251648822,-1.00400820464185,-3.5012811030282,-2.941876323532,-1.12574106196719,0.37371480785248,-0.0685983809223332,0.825951491439622,1.14416978988846,0.208559481945769,-0.295497424488562,-0.690232196243341,-0.364749075788586,0.229327220125504,0.208829891689567,18.0
37904.0,1.17347388087246,0.423246396737253,0.482035780686228,2.31960023249745,-0.0882206666268386,-0.0748182430250335,-0.0697582392056761,0.120263877157817,-0.740910273306509,0.914429204154964,0.578828423564955,-0.34430190600776,-1.48909627736115,0.755136915682802,-0.0152615192744243,1.01439818899633,-0.908826417985296,0.589549355653183,-0.630826175899995,-0.226728360812098,0.0651551837928626,0.0639947894178657,-0.104120538561423,-0.0287322493575846,0.522843548773787,0.0757536160051356,-0.0256082842927344,0.0041909722570556,3.77
154759.0,2.06086627650827,0.136379036195688,-1.83091727356616,0.206445149797198,0.704994570346112,-0.326118456535256,0.107436865739902,-0.0932844861138139,0.184667779994417,-0.223117037289739,0.874743032950716,0.975834882622311,0.547735367129208,-0.770674784673978,-0.522416300317121,0.600599476068528,0.0552210560716877,0.25062362555498,0.483210531602379,-0.101952655239343,-0.332737371308902,-0.861057423287427,0.274815140530421,0.113351692655629,-0.220002590944115,0.176279367880137,-0.0635924747468813,-0.0435605278190964,0.99
143685.0,2.25182580899321,-0.630156958542492,-1.71101772999197,-0.7540382123075,-0.34630122443863,-1.46263278088461,-0.0293413249129668,-0.452267883413206,-0.474261760810041,0.828262241717896,-0.895438531488061,-0.80419558290875,-0.725982086586454,0.182195322789493,-0.650876593965592,0.2057150288086,0.678535994866616,-1.88498367786844,0.823523530554033,-0.138327335019834,0.208872927004312,0.723593020666569,0.0132029146712731,0.0278386575874704,0.326929021246894,0.0094462494169116,-0.0575310417834579,-0.0800872857404242,2.99
25410.0,1.53452610180131,-0.989328131430719,0.697491078225504,-1.4147944353822,-1.56476281721694,-0.574556559979066,-1.19403118138678,-0.177943686518932,-1.73499340608396,1.39809791173806,-0.651440871159843,-0.448461845758129,1.73528872050203,-0.736935482180267,0.746742118363474,-0.0964647755076227,0.180674652949796,0.290068373613117,-0.311898719157391,-0.248348536268112,-0.0747989621449112,0.266005641992866,-0.0531179959798549,0.0593902423469499,0.427187329865379,-0.0845422848042222,0.0594526901082531,0.0251750874907659,7.2
91075.0,-1.85506070184998,1.55496360697718,-1.40580882850107,0.669327345741316,-0.280229520106465,1.17865246733203,-3.45997906611492,-2.81515495312599,1.24222876512242,-4.15635447965382,2.20944075185923,-5.12231410931103,0.66129710617156,-3.10393771952109,-2.41086973192388,-2.42501563217886,-3.96062268909989,-0.125017788038036,0.60039728842723,0.536916458029193,-0.0953083066630984,0.94662891847112,-0.297402959067305,-0.368343891207103,0.198731156287359,-0.0785905919566464,0.366709355889324,0.0737667168278096,38.76
158110.0,-0.0177712789250598,1.08573412214913,-1.02000768474748,-1.36319675673017,1.66515878845328,-0.768220096231134,1.59608829029848,-0.273367947433838,-0.732748964122859,-0.329922156670311,0.47320485628143,0.696675691350299,0.323071092614834,0.760750557526826,-0.868644902238314,-0.340980334069628,-0.870682834553101,0.220212750439176,0.331275238099002,0.0120696775279969,0.268774209273631,0.948463127576729,-0.292293962277744,0.349625228294774,-0.241197198087437,0.0602992475230052,0.390481317800517,0.262391201200357,1.46
133254.0,1.97341716047999,-0.60905343301757,-0.433219621909268,0.287086260888785,-0.738437616733174,-0.133943080368622,-0.859935804032306,0.20899364709666,1.21812963605781,0.262319138311768,0.206932257424087,-0.0984632555961469,-1.73746187860276,0.371919562361312,0.118258694555828,0.686809001739809,-0.752794271408912,0.838058086279779,-0.0068558126079832,-0.301333476777883,0.260242277386826,0.847121992504609,0.0965160813607923,-0.378625584606364,-0.280231810414046,0.654650554301444,-0.0367316938843168,-0.067388669030644,5.99
120878.0,-1.84613367257195,-1.47078675504473,1.54541169845853,-2.2853057317603,1.24864589523992,-0.362234752073348,-0.665954504633034,0.387167397556114,-1.09005080071048,-0.056092704612998,0.259812322225705,-0.0826574068288428,0.564163697706399,-0.495279870564231,-0.969124851116694,1.78673991552204,-0.600493167089202,-0.672462188687565,0.575378206418578,0.826928908367606,0.0790590991055987,-0.413982095045318,0.153787713646481,0.0523591784148069,0.623966610419422,-0.445857022695901,0.178018681224469,0.142364976196523,91.0
69416.0,-0.578755311205397,1.09019223690234,0.720793243423489,0.855814131125364,-0.27787482018782,-0.359738250499825,0.686453184316033,0.0556394071550014,-0.699620476582484,0.19836243685783,1.19604000341146,0.728077134907972,0.146727973305975,0.499055379690206,0.328871523750457,-0.0308095542229733,-0.432747900978254,0.557013217473953,0.653215689661526,-0.168199602341039,0.171540147324669,0.586956747593576,0.0028499373322025,0.346862985492848,-0.179046545769057,-0.391662534954162,-0.41136899984159,-0.297322637279489,64.88
107515.0,-6.05320313449406,-7.79460228989172,2.10814447573084,0.596168187704026,7.04420136213669,-5.07860342810005,-5.1571068934132,0.671845339669761,2.15780218934259,-0.844618397839127,1.695499921934,-1.03997035195701,2.52085932113478,1.80062119596708,0.564009521088223,-0.419290865005916,0.424470577585806,1.54202367725843,1.64228979859434,2.31906266738874,0.768833820546156,0.156870016464451,1.13797456305371,-0.338869870721713,0.786938125901076,0.577405361493561,-0.276698828539091,0.206991616926116,61.47
69014.0,1.11243111834157,-0.968620158912452,0.226492513848103,-0.581689956159664,-1.06224067386185,-0.572354699050501,-0.447850027242281,-0.090009510346957,-0.706706931648199,0.547492810428832,-0.143991235936976,-0.86264022983945,-0.488848122329709,0.0424191324853277,1.0646643449988,0.860838719653356,0.574771147302167,-1.72184833045852,0.121167611550041,0.267166120233069,0.246432507805203,0.338384901547891,-0.124181624711503,0.0947417493086913,0.353582688918133,-0.190336744697936,-0.0088534906014204,0.0341642652274923,144.01
126959.0,1.79539615923032,-0.679893444620136,-2.01714866080065,0.373529849994747,0.156961626755605,-0.647662178182199,0.356175851981168,-0.0855730539603803,0.505214977802203,0.297301443176347,0.356617705629511,-0.564137131433259,-3.15531328120833,1.24776221779895,-0.752709429604872,-0.305375607483712,-0.0879490513832101,-0.0162582369163245,0.395113741590516,-0.129222869853553,0.0981821263014632,-0.0048402388865506,-0.0024301928556967,0.698182288251916,0.0611975478636411,0.552722088458653,-0.150156690198019,-0.0659770311053646,136.0
85120.0,1.23172657403734,0.31078253956583,0.080446393847431,1.14019955543765,-0.242848854011754,-1.10090889448574,0.324533779827225,-0.230296275074124,0.0284053021035049,0.0484248981982461,-0.563229997613851,-0.367683921727285,-1.11447950760853,0.692141702242618,0.896058917294891,-0.0301754215775224,-0.295085237419331,-0.171427671074796,-0.279415529113676,-0.194687654714044,-0.0345001898665895,-0.13409370100772,-0.0919135467566646,0.352602904786879,0.686941214845208,-0.355456980841185,-0.0058399122476266,0.0164902419707089,16.3
43179.0,-1.2630166790401,-0.0660828384098346,3.06745872371054,2.2883259616628,0.109433650874006,0.452924651770747,-0.0168657616310907,0.0520677579475837,0.38314430841858,0.824311106115297,0.13048359971166,-0.781109984222462,-2.89344937140292,-0.598597411055526,-1.99513422268205,-0.0105501876068724,-0.220613222505937,0.547483785374378,-0.054775213109248,-0.295770868723556,0.0107847275869298,0.621979100146978,-0.103172467815531,0.509535666060694,0.0866223207315311,0.104533286442451,-0.432520641270352,-0.319992248133204,1.52
61972.0,-0.303047771865808,1.29682847097134,0.721236872527861,0.997836574641761,-0.181849410071502,-0.785637639662513,0.527266598720417,0.16439388135759,-0.94482661635573,-0.428849098103784,-0.372304500832757,0.914325395079748,1.68315526403305,0.311508880538964,0.807028048073229,-0.219357992746152,-0.132076288026833,-0.0680814566801216,0.327218465430321,0.0015875319851177,0.202527353623394,0.549480526374153,-0.0328150504782532,0.437121203670161,-0.0731638850439513,-0.33382118793152,-0.0395864430315725,-0.0134998381050304,27.22
153163.0,0.149871284174419,0.359039358807334,-0.441454219715436,-1.64076808555996,0.479209050318337,-1.43629535277549,0.736467077557458,-0.335725292076495,-1.23772325145531,-0.377925445785401,-0.643260522555848,-1.02662328519687,-0.123566030314794,-1.31459026042864,-0.682485864065748,0.94325284363349,1.24188448750618,-1.21832769003784,0.436688767106473,0.0359345049860258,0.124728082391374,0.351093503964451,0.0329348666291893,-0.181523659715348,-0.91296392503622,-0.447654909037581,0.224235377861271,0.260565979038603,15.0
41487.0,1.08682899664857,0.201741460338752,-0.757937909493627,0.201581544794297,0.180085311342837,-1.02624092016929,0.489852341928011,-0.215569809377974,-0.412914023167482,-0.664075943571905,1.75061463012931,0.754638084220524,0.239527539590855,-0.931521119122379,0.302757953724548,0.806049776984384,0.589786953189544,0.295107414291848,0.431149283459414,0.196153757777041,-0.402665169669704,-1.41934651732735,0.0085883129288898,-0.101445890808042,0.183340353569416,0.449564877462823,-0.089974112345076,0.0418487449310387,101.68
33727.0,1.17999385697,0.222008544158932,0.152578541307415,0.456383488330051,0.0233468483093467,-0.0883939487478383,-0.0941993606851818,0.103112377439201,-0.203973035290413,-0.159655871730449,1.55406577178586,0.882273262898418,0.145682988576226,-0.0738551621508465,0.674109896979645,0.480868749750319,-0.0949411822481548,-0.139865907866861,-0.145376765421058,-0.0789152463320554,-0.226094328796831,-0.670056373016741,0.100125630113868,-0.348969748068814,0.153307892904996,0.126407940866728,-0.0123706431807021,0.0150307769977791,8.7
142419.0,1.87776878827732,-1.32039612564474,-0.838143815919373,-0.319261573596585,-0.916782862786988,-0.100730624085076,-0.668276365707488,-0.0215339480229173,0.134654281742361,0.691508955214841,-1.54324671061655,-0.233604422028027,-0.253355061578451,-0.157175643956484,-0.167729019314007,-1.27033699028114,-0.0785860980834693,0.735376045558637,-0.416537042606371,-0.333392711685934,-0.742437178828557,-1.88456036608599,0.447064546965562,0.398406644581433,-0.751948794150639,0.116801253286256,-0.0526646791806359,-0.0150964760247328,146.81
117047.0,-0.855373153000625,0.305408537169333,1.23269222214795,-1.77987122421875,-0.850430651455496,-0.525521331312936,-0.334119611217827,0.280410490778117,-1.09239565244159,-0.221720078082685,-0.725602210433315,0.0609504221940383,1.51916108781047,-0.618191123514163,-0.107994435197491,1.28139414681846,0.219508488275176,-1.60266416632557,0.517035847304637,0.0099854034888844,0.0020536237542357,-0.255785531671781,-0.161333366957855,-0.0742829379242132,0.472768475102303,-0.36352061152409,-0.465390008692266,-0.176805840687308,31.0
59640.0,-1.39184839561553,1.57005581310054,1.22521591737163,-0.300256630694502,-0.387167905478733,-0.800271719969316,0.472932892085594,0.179748441176968,0.280526342126077,1.12776346421877,1.36568629817694,0.0971237810198535,-1.30632346572805,0.311476754964721,0.328361203902765,0.30920693337925,-0.536113734792987,0.161182916257181,0.114563988623951,0.534608421075812,-0.298093069006416,-0.633449476934113,0.054664706719504,0.467091700719076,-0.0837874526522755,0.0632278989051557,0.662818225944007,0.383916436448439,3.56
141856.0,1.6582539222395,-0.89500536391332,-0.442486127783158,1.70967301264614,-0.65112086313555,0.421686582081846,-0.549473397460113,0.149613706656851,1.6872807970646,-0.0614081746619808,-1.82140400823738,0.190381302595983,-0.80238198141864,-0.464002779016097,-1.25229443492381,-0.446967555202602,-0.0279404737202071,0.166487931407476,-0.186626332663754,-0.0129376613319068,0.314271816287287,1.01880554674673,-0.139592531948486,0.772219424612464,0.243911348938963,-0.335424291890026,0.0382912283334741,-0.009704729962645,150.0
45123.0,-1.17629111058135,1.28562042484349,0.448715258260775,0.965211752847404,-0.407516800199784,-0.509120935186083,-0.172110452176743,0.88600337491165,-0.638682454368882,-0.537281855423694,-0.907334257913564,-0.701624076818598,-1.72222125549546,1.34602247437358,1.40987875146773,-0.289664896031294,0.52797898207716,-0.0456908570191247,0.0817003054860245,-0.408623707732009,0.25911512099897,0.432052899373882,-0.0758932980997749,0.047356069736933,-0.375678105741949,-0.30801258710833,-0.166710451173109,-0.0263379825921032,14.58
55760.0,-6.00342167645829,-3.93073139597263,-0.0070454551172806,1.71466918264498,3.41466660221529,-2.32958262254194,-1.9015116901208,-2.74611109114189,0.887673207764977,-0.0492328559624844,-0.153131026660117,-0.814309846145704,-1.89479558623308,-0.83148260879597,1.38728869521525,1.18890675852063,0.536817322665437,-0.0514032140040002,-1.23138550165184,-4.12818582871798,1.10167131666753,-0.992493706726384,-0.698258928361953,0.139897673540465,-0.205150795631722,-0.472412262665941,1.77537805651063,-0.104284625925588,311.91
137422.0,2.05397084199082,0.111958156849681,-1.80262907374644,0.230342307391905,0.631053448763861,-0.383685114814361,0.0855454827782764,-0.0786681262235392,0.232582648432403,-0.212938273743808,0.891009418185991,0.815102393336648,0.177130038915382,-0.6946802326226,-0.489650601943317,0.592243382001502,0.106808777753245,0.26625986188712,0.453108360125851,-0.126911444260699,-0.33099079898542,-0.874503799265791,0.289447970961329,0.189747408088015,-0.243619774396926,0.172106935501314,-0.0658611006142672,-0.0434000234109104,1.29
75802.0,-4.66606526530513,2.71140260841925,-0.354696686586151,-1.65026765763535,-3.79697636867417,-0.609154446054957,-2.99668411452052,3.3341676189702,-0.831147118920976,0.278483546991068,-1.1695608425551,0.858096144899721,0.732706374579278,1.26827393444684,1.03435306290642,-0.136552171700869,0.973468523041705,1.33017004777121,-2.33924907220995,-0.337678433506548,-0.0061706083457261,0.0047639455121067,0.169042613554557,0.405748397511352,0.357861239941942,1.1059731782449,0.04315875016087,0.02757252450992,17.5
70704.0,-0.840298150285633,1.15616256744971,0.0937076557955543,1.10256308821602,-1.25524747818807,-0.103896153004943,1.71466844378959,0.0348683312659132,-0.551836244752462,-0.368536623732112,-0.828506994348719,0.288159833871483,0.312225800879958,0.380933451347255,0.0442840108190298,-0.592542769196337,0.211946960894087,-0.144673368890918,0.61991529581698,0.033609775293987,0.12403354525027,0.559284846070687,0.139675623413516,0.416876926403047,-0.301300866103304,-0.332193657772446,0.31078050235441,0.125637529403755,283.91
56503.0,0.915391798180885,-1.11524884067717,0.623923161645813,-1.19514772373361,-1.52190832352774,-0.874188505068622,-0.406509543803396,-0.119560173678485,1.96919588710302,-1.31118527376723,-0.365204506937443,0.843169197727285,0.223470875605491,-0.209792469575175,1.38321633413849,-0.463756600810104,-0.0708894214776804,0.243649795781759,0.659454578096895,0.302524505233796,0.231765486751291,0.531309284768657,-0.276701227141168,0.483768676641968,0.448558880664889,-0.0065924541139671,0.0193949900339395,0.0571158304768425,189.03
115805.0,-4.46562054850163,2.95405839115468,-2.98774073487708,0.119189779151263,1.37664931602185,0.164608097192759,1.77780190911148,-0.305189243582042,2.38758774880723,4.6018187040601,0.483169019741533,-0.334572136256234,-0.572494260125543,-2.25330830988419,-0.254211668304913,-0.356352468105842,0.344775404113042,0.887954053961691,0.992110858860541,0.921681956266178,-0.93498077300111,0.0727223650543621,-0.0431132272005573,-0.596907287024375,1.05525858490331,-0.262844948769139,2.08924413773388,1.14392187291761,114.12
33925.0,1.3008458007649,-0.783416465575099,0.125612493023371,-1.01804832817221,-0.485203737696455,0.486670900611648,-0.833626660618754,0.14385444453757,-0.890988845308398,0.729032562068474,0.75280448230818,0.016425649418638,0.769367993442062,-0.188806523211357,0.49075515080393,1.4366391596866,-0.215025107722207,-0.705116172815398,0.644318576359259,0.21446323467088,0.396525742199831,1.02275750572097,-0.300360052433334,-0.959335956215267,0.606248261385681,0.0449805313261047,0.022361664927508,0.002237587847812,57.0
39587.0,1.03537912950499,-0.457944154218803,0.590270315834639,0.278458520858361,-0.479321241483227,0.608392304748176,-0.627977428573875,0.3359120291472,0.413126132562814,0.0117862446969747,0.698439403732846,0.242879501166085,-0.614596919714294,0.339829145185357,1.11811517619745,0.853625620903206,-0.792839901862163,0.439995202635605,-0.150830776809624,0.0372860425832355,0.0603901275464354,-0.0312034616893772,-0.0844492732018418,-0.804240201379345,0.0994354707373879,0.449722926812128,-0.015972812573447,0.0167349909165973,87.21
149874.0,2.02416776153743,-0.0889938165828027,-1.05452748059302,0.376806869973413,-0.529028780445951,-1.96193189132413,0.316828332651234,-0.413818222378369,0.786991737057701,-0.0759399014829323,-0.146326512289381,0.141348343258453,-1.39481237486886,0.719643971669579,0.156559173641773,-0.703269856212872,0.191381564528067,-0.856108240901334,-0.0513460587457117,-0.354215850625659,-0.0992962632356133,-0.158304385192889,0.316631005401542,0.910722732044819,-0.127550848327989,-0.131432767000939,-0.0561252242436655,-0.0568729635229873,0.0
61011.0,1.07892369668619,-0.426444061702347,-0.713808865011898,-0.963861460768331,-0.225026662014023,-1.15794036462468,0.50411720392137,-0.269795455814499,0.636473172485578,-0.730784677394899,1.12501390878949,0.711473128722181,-0.913450399504663,0.997019872608322,0.752756676186362,-0.532527116998455,-0.380921212257486,0.471902426865294,1.02247794724432,0.0991704194520358,0.111501360743072,0.0972410492509126,-0.340249597026633,0.0280585830040353,0.876006200808218,-0.461878454960295,-0.0258997859592137,0.014330822442796,129.94
119929.0,-0.547608973484127,1.00364781005655,-2.59119469778721,-2.12800064812637,0.0431885700197735,-2.19914245026956,0.585062859317678,0.272437304406378,-1.19585327837076,0.515457194699088,-1.59218033532512,-1.32410768041104,-1.5841358895669,1.14694923592409,-1.44093820496448,0.466850890064054,0.575772163078669,-1.52481971070123,-0.237589936897136,-0.273000979905809,0.728630745365017,1.99617219841429,-0.0020796162794039,0.0328438370680722,-0.979196265979931,-0.127241686505763,0.232704267274592,0.300517764155831,10.0
55105.0,0.979237431776061,-0.325587505427718,1.27328118666242,0.720288209920829,-0.413896914386882,1.54426397833521,-0.937634106323927,0.633980963905145,0.845790221285083,-0.438859613883495,0.569988890043737,1.08342921933727,0.212460832885364,-0.327530938067723,1.2310519910453,-1.21372192989104,1.13152933576544,-2.32507307095637,-1.71561928683929,-0.236929331484816,0.0505701846940688,0.513541151431238,0.198666151672004,-0.592341326374177,-0.0926143997067933,0.424753537906376,0.0915237448639786,0.0157399019445348,5.07
97635.0,0.244436590757077,1.25966077052989,-0.640591183099015,-0.119397438746787,1.19969808328004,-1.25492619591675,1.44174096992468,-1.69156918005836,0.774882133872919,-0.398679437885345,0.428470975093142,-2.11442707038392,2.45610817427648,1.89514796755431,-0.354866763134609,-1.31260404017344,0.699891823673484,-0.190640483498255,0.727950795042341,-0.178778549243873,0.908531314049791,0.823351953832784,-0.0575425896016732,0.012175659692417,-0.876021927773788,0.131415665458367,0.0944905905449446,0.0338221876774744,11.0
35418.0,-0.874285642876457,1.20119854491379,1.2514588434056,0.917528237573187,-0.249699155486919,-0.323823195898948,0.502177311021601,0.301541075407186,-0.798667077965954,-0.374938712790136,-1.13317833490137,0.764029411175522,1.18282253404517,-0.358837569789925,-1.76045076326364,0.380888687986277,-0.260390984361786,-0.770594725945089,-0.968473064489711,-0.224745110304549,0.100177258029644,0.302694625893954,-0.018184825004536,0.486990270471982,-0.524796530334279,0.721891750265182,-0.149029632013801,0.0912907118892231,40.15
56546.0,1.10816526055157,0.0829100192005001,-0.143816617484639,0.328507762684977,0.205536634994756,-0.238828884427967,0.346012981162779,-0.0594523358718895,-0.510282103542915,0.0281629698264377,1.50395909497946,1.21425964831475,0.488467336707977,0.60112990873258,0.289406945415124,0.0111861099163659,-0.368092159678065,-0.776457731861793,0.141694930505147,0.0376937832524394,-0.285131260352509,-0.965639329858465,0.0664694757676424,-0.291483116654737,0.222364274015276,0.162719006125834,-0.0595319235449246,0.0038733784231194,64.95
18133.0,1.16276842689336,-0.318436973804424,1.14665186309677,-0.484948493363841,-1.12828810644569,-0.49309768506744,-0.729389795886569,0.0075076912243794,3.09601417681944,-1.49676625365282,1.0028083740021,-1.6322766874233,1.41164953351631,1.35854601414803,0.776475421395572,-0.852528753503867,0.990990947646427,-0.078136104126547,-0.131094412120301,-0.19642190808616,-0.108516371778934,0.187534896943825,0.0376717564530465,0.360659824188811,0.35299094999026,-0.716459188488577,0.0810423493412156,0.030422406726071,11.85
101597.0,0.91311613528992,1.1453810871791,-4.60287793273505,2.09180337375362,-0.473223859280585,-2.0854358325571,-1.67124403232231,0.0943965856348779,0.337798765397573,-4.4318096317282,4.87197985976052,-5.39522117678937,1.33250215621937,-4.60379669207464,-0.77731354811867,-2.57189156103509,-3.00361530529652,-0.225441388417525,0.252273565031692,0.50898474829098,0.40141574109896,-0.0849334160429759,-0.197684434494785,-0.283271078982557,0.387597335722074,-0.553526986386025,0.516274456782261,0.270828187083758,147.87
147777.0,1.64900069275562,-0.934548315287716,-1.55728030539924,0.347311418966193,1.65316487123434,4.18528804699524,-1.07539194019881,1.09600328417449,0.905568446912827,0.101457228817352,-0.192228159407883,0.426591417885629,0.0235234612925301,0.0728845379333741,0.995077751987993,0.436300779397246,-0.813785600358302,0.0125158956467163,-0.759858072738797,0.117355467629877,0.0530552013786394,-0.128435288986649,0.226388396636626,0.654237419184557,-0.366318936768251,-0.818462326427165,0.0636411792138979,-0.0033838021545897,147.6
134508.0,1.91603136317354,-0.221926100545665,-0.349583371093713,1.3991949803162,-0.557622942744429,-0.501405015929801,-0.396909538243256,-0.0334026118454437,1.00189275819059,0.197695695866944,-1.06724044298128,-0.0035257665928102,-0.592987480377954,0.124993714403868,0.489727564286046,0.204029218593084,-0.538877675482041,0.138406050610001,-0.670029517974317,-0.269828378167513,0.159601457810211,0.591432489031118,0.136550548362057,-0.0449369476978097,-0.0797525168490456,-0.580165085846927,0.0470126992533404,-0.0318036935102601,25.0
76628.0,-0.466142066633655,0.729215304634924,2.55700587704237,1.59762951143307,-0.628207602813709,0.207327684386478,0.291004528925197,-0.0817054281320736,0.243615839454256,0.0650835798521245,-0.915297947186575,-0.778670436134212,-1.2183472017374,-0.26767416034299,1.0228094191708,-0.877212251830532,0.43664394904762,0.493502014732116,1.63472081777301,0.139825217586624,0.100362010512056,0.628185576402625,-0.403654048216986,0.4132021633888,0.273642662749569,0.0320531941602199,-0.149748488704397,-0.138259032729403,30.39
126515.0,2.01269832288587,-0.357137088450659,-3.09528383563064,-0.502414907940355,2.70631156379519,3.17142626737709,-0.0940551541380302,0.65501738567438,0.205702372669612,0.139086153143203,-0.149986981812211,0.328973255815105,-0.352509576393529,0.641043112622381,-0.0316589156172375,-0.645345820770424,-0.175186613683376,-0.91276524365351,0.0079637251181047,-0.115966445516236,-0.0138219789224715,-0.0087066058071665,0.0841677342369832,0.752532009335369,0.242452722354414,0.39757819640276,-0.0694852754460658,-0.0757359105572401,33.35
170311.0,2.03528303251435,0.0848017469230327,-1.52319392901757,0.10530908075178,0.496703712466124,-0.661186831463057,0.322447755125386,-0.211204701770956,0.0615367679826562,0.131169105466484,1.2778729744597,1.39862287177464,0.576520674315227,0.680117803156588,-0.0317133974818334,-0.119259373776702,-0.693196987213343,-0.181929707392611,0.227237584833554,-0.175694752310623,-0.0760314787490843,-0.164636558605201,0.253016579653494,0.695389949535883,-0.0104429008734898,-0.544270217513048,-0.0302308019387764,-0.0570207137229769,2.0
128766.0,1.45637541821577,-1.24201726591107,-0.983579515660637,0.430948229361064,-0.588619260108992,-0.244429157419782,-0.040509556130981,-0.203952231921469,1.24969384227086,-0.371217694812665,-1.3093177002901,0.724072728780971,1.31033479595472,-0.156709170143859,1.05272913849055,0.37138359542391,-0.98889231132261,0.558041153817131,-0.152583492185446,0.477940914588921,0.374419348430345,0.635890542243259,-0.250968225518614,-0.671529968677868,-0.0429452488259366,-0.553347031312759,0.00685718862491,0.0153408233369464,312.0
138751.0,1.87180498525604,0.523178349816159,0.325290377508393,3.79480451040231,-0.058570555946171,0.219239593458354,-0.268973113788502,0.0025118100132835,-0.730307130307652,1.31320094584791,-0.850571846627283,0.863878441228961,1.92020852454916,-0.474120114495874,-0.565026585295492,1.16667666526985,-1.00960331941399,-0.674385158010423,-1.66779064955718,-0.181632973769597,-0.175719809797136,-0.387722646085213,0.428308005526869,-0.0558606299619059,-0.519327834303439,-0.383361473838038,0.0259152007115493,-0.0223172848067128,0.0
142051.0,-0.0683295900341791,0.815153680391072,-0.108938752801701,-0.116070662247817,0.8559581579338,-0.434945849340088,0.645582825850478,0.0730116544506817,-0.127618456249617,-1.10632194624544,0.511238249408265,-0.249527758700665,-1.2676518094932,-1.40830298666123,-1.03390795891861,0.235048427675164,1.06350947306639,1.03063213059905,0.600382399035774,-0.0892705115897312,0.0374199666143393,0.27250438696743,-0.381759425513735,-0.558790000174518,0.129514128578631,0.724756979777558,0.003098454468682,0.0292442673173016,0.45
132174.0,-0.653274373922853,-0.555623383377159,1.16461486261784,-1.13690603879392,-1.15893493892135,0.347023017452601,-0.960905748936365,0.705601702504969,-0.894929018399175,0.08617321761556,0.222121565597703,-0.10419839658594,0.308284912801817,-0.249562759086652,-0.216312458020353,1.32826379717452,0.226568037136969,-0.148118881066601,1.77870634269146,0.374862828684396,0.480673441918124,1.05118856814058,0.17496924668663,-0.447550862185805,-0.870336908257326,-0.143131191430163,0.102650475077846,0.0842600683735636,96.0
154945.0,-0.18133143998789,0.21715785405755,0.765522255311424,-0.898253506614513,-0.719746709680407,0.493516926773774,0.866021480430788,-0.0036484161638384,0.467220805800994,-0.779967370471793,0.462239285313469,1.12422979425625,0.849016598721375,-0.370114749100346,-0.631679352369192,0.36703989365748,-0.966365755887722,0.67932008512495,-0.0032352945055468,-0.0890251878191207,0.306464372713077,1.07230893409856,-0.0554973563678838,-0.330926758914035,-0.381164150550278,0.0437540418696304,0.0295214458096907,-0.0042365188471003,180.78
115798.0,1.92022143672499,0.235609967293547,-0.458810495288117,3.88035584959957,0.288576144818579,0.749050012063581,-0.305022634945351,0.188223242515771,-0.081953084686988,1.31656179938276,-2.17348804368508,-0.690605892834167,-1.09443425974077,-0.154894471678691,-1.77582132530344,0.5396190351858,-0.464762113521486,-0.213109847422899,-1.12979828392897,-0.350308304900935,0.0456313952071562,0.335395232290693,0.0899880471180929,0.451122432027605,0.128966403021811,0.120921336570875,-0.0149488997244097,-0.0452407873217924,1.51
80142.0,-0.501962517777858,-0.514644966563173,2.28416507575208,-1.70366344485815,-2.76951994158673,0.682514677236388,-0.73620344406664,-0.801742633388284,-1.36543228648506,0.836030210094091,-0.918539648266311,-0.446184251918932,1.51075088435818,-1.54321700847793,-0.307618391335155,-0.328020887076096,0.582651222963021,0.546460531611951,-0.206828479595372,-0.493237540733566,0.816827770801262,0.645976479145995,-0.0242977705812968,0.437770435794175,-0.0878904402263843,-0.0298441258805713,0.154039399212802,-0.0140563885627584,182.2
36595.0,1.36823054829652,-0.702589503980989,0.765404930203993,-0.796342157992469,-1.07017879077296,0.0217268747507226,-1.10225715853734,0.0951628215941104,-0.392945611295123,0.560441635126229,-0.513573397107718,-0.622256598247723,0.551056530925652,-0.484245721665699,1.38310916939624,1.32309139751691,0.143951049313639,-1.16204549504355,0.0512353110609139,0.0835881049531648,0.377796255506585,1.09518110811501,-0.135997731308182,-0.378306996189789,0.426728020174552,0.011051586984105,0.0547344994606604,0.0175538212047179,11.0
163070.0,-0.349697614699304,1.01100182275607,-1.12682909916952,-1.18095729789744,1.29636510768256,-1.2905084263927,1.6382516740143,-0.350639159619322,-0.0601621582533988,-0.155992259380113,-1.24635330929397,-0.727479642114711,-1.17420425425282,0.818327550972344,0.0114030497462684,-0.544258550852075,-0.456033409419218,-0.173076886890988,-0.0705162037450696,0.0508101885038131,0.189152953047645,0.724736862407893,-0.171884623202005,0.600023227810074,-0.231418531989916,0.0730376653168178,0.488394671423198,0.355626386721822,34.02
26148.0,1.01096175438957,0.374926974770104,0.391361940476293,2.70046696289748,0.185366438450648,0.911606254584366,-0.339696124521259,0.482873988563869,-0.309345106639382,0.178070299445813,1.24522745060426,0.120659367935089,-1.62330144372068,-0.798626173768538,-0.831297064636515,0.124432296516145,1.10836571413165,-0.276765942222288,-1.21072359040341,-0.274244082177807,-0.0468666836239496,0.0299134206990353,-0.0360769133826505,-0.393109716469672,0.402675458509713,0.123727090542865,0.0422625633280444,0.025902227812891,7.6
159316.0,0.128558896728884,0.736438064147108,0.159796351504964,0.0177416057675698,0.604404695839113,-0.926662505976969,0.979015794222116,-0.441794043219759,0.167176575540937,0.316172438732042,-0.893495534256516,-0.191358580746456,-0.291072308919437,0.082557772726391,0.237854777755088,-0.688815344355535,-0.0912579677658404,-0.63055842439521,0.998296012927778,0.09524499963216,-0.191396849588007,-0.156158339918638,0.206886200839029,-0.0803904973667376,-1.59483356214401,0.134942959250736,0.200983279237322,0.113768374973799,3.99
1308.0,-1.37984835151933,0.536719684162909,2.647870139056,1.40811124536118,0.126442161947995,0.986524798464419,0.960250987595627,-0.629717418858719,1.72917265711934,1.34683224795989,-0.622458120358806,0.516210489515329,0.174168355967534,-2.02327338114099,-1.18504343021182,-2.03679119924568,0.653357691514081,-1.29434798003102,1.29744528622893,0.464674739236809,-0.666874111142277,-0.343573880207127,0.0221377305662532,0.0935321440752383,0.0112928436011106,-0.50339542687273,-0.438189291090139,-0.346730810926279,43.8
144681.0,2.06479446544848,-0.0083232577928904,-1.9149606416955,0.201696578568477,0.583191597796928,-0.312452687339849,-0.0234248045710749,0.0218893225585408,0.481684578092975,-0.167158726835839,0.456017296789758,-0.0769796383999641,-1.3498742451669,-0.395353479441037,-0.304571387154001,0.72060300126104,0.127323930769814,0.51944143914944,0.534607925871377,-0.219349154967163,-0.360929460166014,-1.03742813276697,0.284219096112456,-0.0420984288336989,-0.271457164176736,0.188974209151109,-0.0764384819426473,-0.0485461110663221,1.98
71909.0,-0.606860210402235,0.2339232209542,2.63336127229072,-0.155762482716187,-0.328850495794529,-0.0705925805216445,0.173022745190169,0.113394255560802,0.680147434372253,-0.686650772819764,-0.577989534941486,-0.326136010512517,-1.28175693081955,-0.47431478651599,-0.0616683477133376,-0.128197725033511,-0.0560813735960385,-0.573080321614005,-1.0038421478213,-0.129286991040278,0.0073931103694415,0.26504453323586,-0.0406146067769785,0.40608834421961,-0.498823343979788,0.121850913560427,-0.0468399360489871,-0.0872585847728724,11.5
58933.0,-1.20578947523604,0.327634639330234,-0.204290050668055,-2.3169046236645,-2.0266517294195,-0.909360245699825,-1.25635052815622,1.10466557432905,-2.32787869558048,0.44813698883331,-1.84944517226616,-1.59491424192958,-0.826026139788466,0.670588790298268,-0.0284304899085021,0.385659263797439,0.600437722541412,0.470883819314963,-0.710889222859653,-0.887446272196693,-0.0279213450978377,-0.26347120062481,0.0612909578454535,-0.192307621883838,-0.225036831166973,-0.406394869233777,-0.541434818025019,-0.203924896070173,50.0
109607.0,-2.52243161251342,2.78073429129969,-2.26525291107114,-1.0809085956721,-0.11945381183721,-1.77396927528733,0.331007361046115,0.939471797632936,1.41519907254918,0.537182995217269,1.35493212406461,-1.88053559205841,0.477608049589294,3.07493072675625,-1.53355573457,-0.229793791644545,0.619947324702442,0.485489539341127,-0.265043880147747,0.206009625656504,0.0672515021170068,0.625868085483781,-0.0008546961373042,0.0225735878849503,-0.022027173119264,0.0642070671406265,0.630978186884154,0.441108352144078,7.57
146955.0,-0.157140770797268,0.885786407566935,-0.0833174917680322,0.234674800313848,0.712655099486343,-1.30360792075186,0.979156281261787,-0.26739266169738,-0.282669345125855,-0.956037840245625,-0.567607558593565,-0.781714099401995,-0.755923536101795,-0.678903293663707,1.1931524238453,-0.198667764162845,0.849756537493809,0.951220792368934,0.560171775667541,0.0665469681244161,0.323308564744234,0.959891184075364,-0.233745793681651,-0.0344517742504764,-0.242652318167613,-0.0037015034083109,0.18926673244148,0.217666404521433,30.0
41194.0,-7.89688615307576,5.38101952251685,-8.45116161458266,7.96392808742307,-7.86241943013129,-2.37681997521459,-11.9497234569249,5.05135567269165,-6.91207600938549,-11.589748311433,6.64520072606617,-13.542095596465,0.888247918839909,-12.623316046432,1.00275519562895,-12.4322791426353,-23.2415971479491,-8.49529893803197,3.45394255518458,0.645974321869431,2.55794395644985,0.926277883497588,0.0327949396062788,0.638072585685807,0.361887213739485,0.444576520477986,1.10192314818996,0.205958012508108,1.52
163609.0,-2.41598361473272,1.59671572499438,-2.47988827012041,-0.634828622738503,-0.629618040909207,-1.08491332519512,-0.620680366912746,1.73156770324662,-0.525600086379322,-1.45765463993049,-1.76386973341568,0.885552156461713,0.218363425895183,1.76073159484488,-0.413053777173389,0.147547761574033,0.452567562790465,-0.412556200895201,0.056800671921447,-0.904786554363155,0.190780874872253,-0.107757327255021,0.332681786739544,0.62020724079346,-0.444104771785708,-0.269435763402018,-0.96359635322157,-0.436071358634994,1.0
65405.0,-0.558982697124658,-0.431438435858917,1.89369587225583,-1.78305313550179,-1.75265047250032,0.522664608932538,1.15616921532852,-0.430281601724696,1.762762946456,-1.19252391450209,1.12735486662484,0.248897884368642,-1.06499777387597,-0.222973526408865,2.01323933773959,-1.33955455087074,0.0944248136006561,1.50088771586366,3.27250410197012,0.323958937638917,0.119396550551529,0.968116178909086,-0.352838902174326,0.0498160161501007,0.329348270213674,-0.412495526479696,-0.15348825992246,-0.443772740968083,281.34
50875.0,1.38707445429224,-1.52986599775724,1.15844947689911,-1.4543575099175,-1.88845181314772,0.605092460358737,-1.90109526871614,0.257689682536153,-1.20326770009869,1.42975913806553,0.192765093508948,-0.0730963954486134,1.22056702197131,-1.00004271297497,-0.282048304241493,0.327573590727919,-0.133295648454255,1.28830856077324,0.16003858427496,-0.167594368843662,0.0550272186139149,0.621938085160588,-0.181402041674745,-0.491631645348056,0.349433642653009,0.0240917807293264,0.0871555042596063,0.0263958026286898,50.0
82626.0,1.26254214609583,0.410051960629387,0.299041967346433,0.672246495267382,-0.276618346757782,-1.02353179299499,0.135168158212593,-0.242532059712492,-0.0768895052611278,-0.304157097557152,0.0111454600501434,0.614485985925616,0.984237683905708,-0.440071289195813,1.01581971403191,0.459727269139047,-0.0685613801833516,-0.372835662372686,-0.181937563076583,-0.0327906800582643,-0.28324590720616,-0.778514492355771,0.114190930336674,0.309197766705252,0.249275182689896,0.0954957061129357,-0.0180835830732936,0.0317031837843098,0.89
67281.0,-0.892211529694362,0.422794057277563,0.0984282787916137,-0.550370921172292,-3.48529290453736,2.16411311930852,-1.56191880371321,-6.20945816748013,0.949982304571728,-2.25500489398598,-0.239438006429753,0.822016383359678,-0.794962262203208,0.866623817047194,2.39356896539192,-0.733402502762528,1.0790290114689,-0.0230212360368106,1.53554355787771,0.958255155814358,-1.8496509132128,0.830184765744003,-0.225533817149124,0.164057048120524,0.121370260065536,0.259101365180636,0.536426153246925,0.159468220494408,500.0
62271.0,1.2013030942569,-0.309688497795528,-0.314366977873429,0.167426349301875,1.54030598375009,4.0597298274912,-1.13682401661343,1.09007482290003,0.760974379779644,-0.14271639294081,-0.565511000594625,0.302266329300853,-0.0243974081377976,-0.215350858608129,0.367708480104498,0.405276795975914,-0.747008184544252,0.384613150651079,0.159927690559513,-0.0035373785683272,-0.113604355420239,-0.280918145444092,-0.0431468596072224,1.00121651642722,0.572591729944968,-0.393930586707449,0.0740814294687628,0.0320891709399406,12.99
47488.0,-0.46750909684175,0.313322942027487,1.46545930478517,-1.07751688411123,-0.656752813048278,-0.368689418794318,0.320997105563677,-0.150092111836492,-1.09624494295782,0.193330651675561,-0.140488247226737,-0.195485064838458,0.447662206101917,-0.659907890393811,-0.597743085163591,-0.0607716687798713,1.08358972377038,-2.2237935841827,0.622036240041898,0.0326443560919766,0.20856621560983,0.677128106244592,-0.171372722242242,0.454811765699368,0.106640537340293,-0.203145929325828,-0.167423720659423,0.0321723257075265,39.71
148632.0,1.99067889202181,-0.128464660624253,-1.7005559089846,0.529839450985667,0.136888949194988,-1.40426982888133,0.593353450798488,-0.456700413371856,0.648260125847207,-0.0713527331711699,-0.982339219069981,0.229657544159398,-0.592958982330908,0.57415911921682,-0.263544861137986,-0.780886122187976,-0.0660390323664428,-0.57516847557813,0.227544138487669,-0.205091968647852,0.0181788786440345,0.179084131982276,-0.0042481056335301,0.0395307106726484,0.333765179357995,-0.225200967750822,-0.0472852871927985,-0.059681870849651,49.99
78144.0,1.14832444801508,0.377258431708829,-0.512918413227705,0.629741471313514,0.392077429575503,-0.1699669320369,0.0663171228455633,0.167073086979987,-0.269290846104768,-0.486462391621377,2.08598167130506,0.232188149048422,-1.21694723941637,-0.554128529335982,0.85682339804402,0.112409790613849,1.18687349159937,-0.144781516807904,-0.751406503789028,-0.196984788145523,-0.04222076111353,-0.0827975799589081,-0.0187127683314615,-0.402236751936946,0.358413199724444,0.414022183972193,-0.0114139428756192,0.0174486475545604,0.76
37098.0,1.2134041403406,0.133830299877496,0.514028023692379,0.514224050022829,-0.497563409882667,-0.686357097737232,-0.094885260920685,-0.0118122366417902,-0.0893019444306472,0.126646913016958,1.34017513873865,0.61687175564929,-0.597531978954628,0.601096812837281,0.422635069333918,0.538767844367416,-0.626920348859388,0.0555621990838934,0.176206462637378,-0.131558933994203,-0.21428042545007,-0.701038143943393,0.13220038318274,0.301524060848504,0.158861405586363,0.0798196690270721,-0.0386329222528708,0.0073588642863886,3.59
124389.0,-2.60745037567361,0.562913915293984,0.561607590912684,1.27648602739054,-0.0278862424276453,0.963971044404367,0.783935016511515,-3.15979247062687,1.31638136790039,0.94407426793083,-1.12218671050309,-0.377634531566881,-1.6798964521373,-0.688536112469668,-1.05882663502282,-1.42012101195676,0.601137977228639,-0.746367145315507,1.27442904208871,-1.58174783048595,1.67967981582708,-1.11565125722752,0.336517290243723,1.04226444989356,-0.106427997251424,-0.78701879321622,-0.755409705176474,0.088698849996973,171.0
52911.0,1.30197936710942,-0.215752253158538,-1.61523432818613,-1.052613324041,2.14277906051655,2.97753467260144,-0.276264010566016,0.661873725673775,-0.143606917434398,-0.0587558900692208,-0.0250189818314415,-0.0042919126094939,-0.0183552936022542,0.528584782520799,1.04107938407844,0.371399030385868,-0.705410534460344,-0.180526682912287,0.453323983266221,0.113487010685103,-0.116203771403528,-0.537789424746358,-0.0952824720953731,1.07618065743682,0.576695651898752,1.02066986491472,-0.105105158057944,-0.0049013083724065,38.5
153134.0,1.92176418524881,-1.55382735277243,-2.49589217566838,-2.73092232863929,-0.33547578391905,-1.18699534677944,0.21303911559309,-0.503159522084511,0.768369472101341,-0.475201861442901,-1.06365554190852,0.424138501237008,0.367132005120724,0.492224884926017,1.11626331323282,-2.76894726431482,0.0971304110529448,1.29314221203509,0.379855930088045,-0.19425629982697,-0.152482539674546,-0.149842541596078,-0.138149665907781,0.279061886360888,0.357781837260748,-0.722900602157077,-0.002672877286184,-0.021814776729558,202.7
135395.0,2.08402332472679,-1.83367452349185,0.151083904566732,-1.45731207233701,-2.12720984967767,-0.121167883000192,-1.87084537437438,0.153916365765435,-0.796714873573592,1.6190931738699,0.680921276479813,-0.040888938707824,0.295517330780137,-0.671323159011118,-0.555875528353319,0.0229152082638869,0.175505698728604,0.681197794162018,-0.159618413853343,-0.343886088572045,-0.0560594742588134,0.263864344784621,0.315340550583825,-0.0153323650301049,-0.628273425661155,-0.269305244804392,0.0564121272535884,-0.031968786463688,60.0
93438.0,-0.0803129524418776,0.58311966847599,0.881592472129464,0.946042463590944,0.220836316910146,0.537483339917367,0.417495137923268,0.069815688270617,1.49345347798259,-0.678792514017115,-0.723707063001505,-3.32944777903268,0.740969272952342,1.55332807962781,-0.13812731072067,-0.0678230163116091,0.261466488161299,1.11239446084149,-0.142452262918683,-0.0121462435235308,0.347703064691515,1.26542774445987,-0.0094120123244811,0.344798076454678,-0.6323402232402,-0.426867755135692,0.237527541811133,0.241628398949926,82.0
49745.0,1.48238701593131,-0.58829400253003,-1.80407447981897,-1.82650651438408,1.8830057838558,2.86279216061574,-0.593291087067748,0.586123491620422,-1.28640835238571,0.741492341950176,-0.0018235404244693,-0.78876915098304,0.0772640699751054,0.257873973798658,0.611814486705806,1.05453799753714,-0.0920084383999627,-1.15405463589793,1.0042111974406,0.21230587681392,0.143951389302433,0.17344359637457,-0.20985559874424,1.04691923902835,0.948468133812159,-0.0709314230720573,-0.0286522341277248,-0.0028506997723828,25.0
157999.0,2.05603140576344,0.342600840903561,-1.81955947683389,1.24637060988893,0.572197989525541,-1.41054327263024,0.798174184572388,-0.496394436217941,-0.109103043389559,0.37415468472009,-0.777261214118751,0.0264318227166965,-0.399594005572001,0.872706235560097,0.26099638167988,-0.451128923564884,-0.374623663124239,-0.468745496691316,-0.445848364176961,-0.302746528084032,0.124553959218894,0.461693303591412,-0.0098771048358922,-0.0461543591706105,0.450949421727211,-0.479142804179872,-0.0314340442411572,-0.0641287250516018,8.36
68792.0,-1.90878717093948,-1.89531802476466,2.31659884144619,-2.72017032952042,0.467936884043483,-1.09281201638351,-0.431054257442236,0.187473227901504,1.85355049194602,-2.01153941214823,1.49581082815413,1.03696881284812,-1.02854415383702,-0.0399151250472918,0.815356011279676,-0.941815515822178,-0.148757911816332,0.649024813431449,0.396718554915334,0.543253585069417,0.416497772973296,0.922059892014599,0.0861713892914365,0.239938409966268,0.611853493562322,-0.749455650070117,-0.125342627371771,-0.125500650302845,118.66
33764.0,-1.19667881609691,-3.65035048921935,-1.23110566865396,2.32371277094429,-1.213751623498,0.0541652320043475,1.87194019212847,-0.410796712568217,-0.0747949886857276,-0.62155387238488,-0.425656627336938,0.374392401392501,-0.0671408023784254,0.585806365178819,0.412701690057695,-0.498904994374353,0.210738482852073,-0.616598174732804,-0.882625436682428,2.31522370288822,0.741559886833923,-0.490130712804492,-1.20748265931259,0.162506491438377,0.307060981509867,-0.363174192152431,-0.209340900046379,0.22587109569946,1242.35
162057.0,-1.09088816566954,1.1454282875117,1.20046577726333,1.17849431850844,-0.231727650710683,-0.334305082133693,0.391122693086637,0.0808337476247705,0.970252387650687,0.612331810820092,-1.08985290157953,-0.0059345673708873,-1.20717773570742,-0.314011256003568,-0.834452537800561,-1.09270090051828,0.496635384788574,-0.755435458418799,0.929220945660349,0.128176491682498,-0.49315190343166,-0.937162255870632,0.264765093327008,0.297739603525457,-0.760960970608136,-1.02334272317783,0.448410265254828,0.460054548303082,10.04
69891.0,-0.388855452530495,0.766350275399269,2.05800373344448,1.31661950674921,0.197951294006749,-0.0180339005167439,0.976181325304552,-0.357065170232322,0.050889831933465,0.211561304883472,-0.356824579006211,-0.650180569038485,-1.57657175703344,-0.128123579428317,0.448213728273444,-1.42354369872857,0.633664332572453,-0.681900290938526,0.685715842413886,0.0389750713000463,-0.0942364579934102,0.206956967119601,-0.252490676323647,0.393755101528913,-0.0293486657077062,-0.276660540356938,-0.318031673559784,-0.331638349619001,18.05
155516.0,1.91146480555824,0.450069800822864,-0.574954591927256,3.92056597131894,0.291036722753296,-0.0523803892934313,0.136529322273349,-0.10083993817233,-0.615584445149767,1.38077645841895,-1.63671118730486,-0.19253522900775,-0.151347466110742,-0.0036431454475422,-1.51340636504132,0.491836858962082,-0.556340919274913,-0.472008786182242,-1.29060097763423,-0.300017038424099,0.0684253857045655,0.370268774659216,0.0602778219690391,-0.115442315080828,0.148695503954528,0.10401317314348,-0.0279003468702606,-0.0513773523308424,11.37
74167.0,0.297103644317861,0.556396513745359,-0.67980503821111,-0.456081652555818,2.38273419779146,3.54969321243867,-0.315357765581106,-0.0107939423517574,-0.433781462610608,-0.187155112894695,-0.235233789905398,-0.0402245515050534,-0.123369220009156,0.600984921085063,0.974587713893696,0.373327016880607,-0.893797805501264,0.332878761625788,-0.0838328828431528,-0.120366027305411,0.75813842253125,-0.425946444545909,-0.225298170516813,0.997564533716416,1.11890147128454,-0.287072771499454,0.170670387891023,0.217573641401795,9.99
35198.0,1.10458391256793,-0.191646807625748,0.238803557375489,0.946056797683857,0.0979244897024716,0.857984697668551,-0.297891037425739,0.154884344716691,0.604362915704194,-0.204375443836249,-1.62647989909625,0.254087946175397,0.812272211245452,-0.268408386104021,0.761249362091834,0.151577402272861,-0.580911525846145,0.0271529724914832,-0.210183835537503,0.0574656830055396,0.104293888576843,0.385828541066896,-0.346914091201591,-1.27301969603004,0.743831405018482,-0.117374097649973,0.0572126382869579,0.0254538359989283,79.0
151834.0,-0.34888428316425,1.28350434654855,-0.643437386917005,-0.648723632793905,0.847963050576761,-0.800147301375451,0.893218403258287,-0.0342138062706959,0.415191710375272,-0.208010651704112,-0.709813965751204,-0.357913337518208,-0.494824766066144,-1.05478824378346,-0.100119402004325,0.267205351920526,0.420309042810474,-0.264202390543562,-0.341565234670082,0.225548274128508,-0.408816441928972,-0.901221060737147,0.145986762207841,0.478123000101618,-0.339541901626659,0.131508695726067,0.437183361942105,0.209716203902648,4.99
125259.0,0.0003091781502214,-3.61020504663683,-1.06763394004698,2.3044535765293,-1.64639694898621,0.810249897726892,0.417223479862075,0.0268090286104508,1.6232542844457,-0.469980018174491,-1.69480773200084,0.133459073817389,-0.792554923203401,-0.20724632428903,-0.599164065185922,0.130293186363904,-0.213922260216927,0.161408365016325,-0.389279379396555,1.71792158554604,0.418448417709833,-0.766728132397187,-0.55294055181415,0.649999975353157,-0.620443865373501,-0.93189240558211,-0.110487828048332,0.15339303840132,1000.0
128213.0,-0.0126751904518758,-3.36825374587231,-3.57891470391145,1.208853586404,-0.49088278324331,-1.25494584180466,2.31724833384951,-0.755971555908899,-0.101156456275444,-0.218723492917836,0.766099848564948,0.235953244583515,-1.60346792425572,1.63649094933238,-0.53881101833899,-0.661253494792674,-0.19769266691627,0.33772182906256,0.0098563089473638,1.84922155903912,0.992197076150952,0.510922357530077,-1.16094396469458,0.173310586800702,0.336823026047889,-0.0138876800909388,-0.295255640961242,0.091561171996757,1090.4
62698.0,1.10096263167956,0.0168207909462946,1.06951586876199,1.50138734618021,-0.639283857511898,0.0888851598814321,-0.316986153480006,0.0936398956215132,0.772528475585627,-0.338931498762031,-0.389864871171047,1.28865022562625,0.649906044335426,-0.552511616584224,-0.789621558454933,-1.00008615886939,0.519668329815403,-1.10039679689429,-0.330378744782907,-0.150014745627815,-0.0523443094390919,0.272351485664099,-0.0439413772791776,0.462689427930759,0.608604067537617,-0.29726791862864,0.0810646934574574,0.0278032953278694,8.07
122517.0,1.55478327077697,-1.05940877342576,-0.658570433052685,0.112270812284476,-0.724124489809468,-0.288184993172147,-0.241161904805697,-0.0440192404753901,0.879991224594633,-0.121251793158362,0.835278406124066,1.36352353938226,0.747299211119835,0.137308640771311,0.290714778664452,0.645213303608288,-1.00893201871317,0.397694541002235,0.254211504845153,0.308819764341079,0.0210677819786916,-0.344273462694245,0.13180079980703,-0.336522574787102,-0.569150116715926,-0.302588261459998,-0.0355714131424912,-0.0085781864820745,229.88
146724.0,1.2770804002727,-2.24668482737093,-1.78695932870904,-0.537784097019981,-0.786319396455551,-0.270603942476579,0.136012378265695,-0.274590209430989,-0.626250283881366,0.651274974595852,0.917632669539566,0.7290331074011,0.788328766033333,-0.136081814065953,-1.52061337823569,0.657540671331591,0.269210778903332,-1.28089590003576,1.03530352263141,0.965105597737372,0.466889704311068,0.416092278676451,-0.291026407248572,0.849741633565739,-0.0402956212633866,-0.2260954494324,-0.1182751875024,0.0145407277750792,473.42
60946.0,-0.790766021949347,-0.183655438934212,2.19131892910846,-1.8218168355845,-1.03373558447788,0.0411771006904817,-0.27619889052244,0.277321379742159,-1.02074914734489,0.134270299182566,1.34582926750313,-0.750376141733446,-1.1466873569178,-0.153273559981417,0.159818935794262,1.54689531571012,-0.0366443490836605,-0.634310959853695,-0.445970753780736,-0.0695801845430908,0.546571688132624,1.38038783192007,-0.226416677117071,0.240201431296919,-0.110442869819508,-0.2077258898071,0.0178751341925938,0.0706306472814159,69.99
105221.0,1.76352722635825,-0.971977917782577,-1.76961040054077,-0.528410891734889,1.68057669956444,3.83523999877897,-1.16187816098441,0.894077273562903,2.18400030290558,-0.351301094362866,0.922653137880687,-2.22664995234029,1.71926306622028,1.57074857220906,0.568244481054899,0.444331903211234,0.006567770542267,0.229070552598799,-0.745588605899023,0.103712299218415,0.0997407676359723,0.283520530957264,0.135070248128757,0.700944379106922,-0.380892759483885,0.620726063425108,-0.0660378711562693,-0.0399143181861374,130.0
63205.0,-0.762721839282903,0.382738973089448,1.86972368227994,-1.53702012189268,0.246844085941518,1.04387672815092,-0.0947208428908041,0.559272256818746,0.488515298983852,-0.814016475432452,-0.174807963537206,0.363953227571779,-0.229569777399999,-0.433835728906676,-0.72786733321361,0.647168163312669,-0.792663822071412,0.182743334114788,-0.0284368312488692,0.0422598157758077,-0.102378907403811,-0.0731005728719056,-0.313610892567088,-1.21432410321889,-0.0371047872342406,0.943231648793839,0.272473963999754,0.124623567675966,1.0
55176.0,0.593331934899897,-1.1276942321968,0.948761996907078,0.811956818907769,-1.26199309875514,0.337995538472814,-0.502005002815964,0.27700851020746,0.617443059098717,-0.169061597127483,1.37414491103536,0.84404481553585,-0.589215682939373,0.104490969550695,0.286650215936803,0.240079673846818,-0.175163868349488,0.118056484251631,-0.453095922797471,0.377345918765169,0.336780592898311,0.506978883968492,-0.233706990932106,0.28267272127522,0.0816355031374261,0.546812256618609,-0.0351449806993549,0.0562344514408387,269.0
68566.0,-1.14872799577377,-0.65367274634623,0.692854154275289,-1.66474910783978,0.256455659685226,-0.833136016259567,0.322817831429775,-0.0425138338406406,-1.36588893620104,0.479160562395939,1.31437871538279,-0.580817810757097,-1.18859357482149,0.29519808257878,-0.497643005800425,1.0848302343633,0.107124076206098,-1.6335753770844,0.180256133119514,-0.292387534503188,-0.0313983731879106,-0.166202973209647,0.635173333058956,-0.0605155099912227,-0.772966837727546,-0.800512368583191,-0.0752619618865095,0.27383407937408,58.0
28692.0,-29.2003285905744,16.1557014298057,-30.0137124857248,6.47673117996833,-21.2258096535165,-4.90299739658728,-19.791248405247,19.1683273897301,-3.61724178604255,-7.87012194292549,4.06625507293473,-5.66149242261771,1.29295014454242,-5.07984568135779,-0.126522740416921,-5.24447151974264,-11.2749725851252,-4.67843652929376,0.650807370688892,1.71586182428358,1.8093709332884,-2.17581520342142,-1.3651041075509,0.174286359566544,2.10386807204715,-0.209943999130567,1.27868097084218,0.372392714338541,99.99
131677.0,2.05849707019427,-1.36415686810205,-0.226862498331159,-0.647026447992007,-1.35756943338985,0.0882112752834188,-1.39387643205267,0.207510065734167,0.879732779295673,0.556918991935454,-1.41653193251809,-0.934644557652998,-1.28158482958116,-0.674436601886041,-0.702895070071124,0.882162770504736,0.602584502960885,-1.46808398316246,0.873434769790173,-0.0527792095708304,-0.0411265742322616,-0.064039799956601,0.344246784934719,0.640257920758894,-0.444158953333474,-0.392840997327521,0.0218280576210252,-0.0309265963739948,43.48
153663.0,-0.90350999142613,-0.452584975732722,1.13986749108562,-2.79116493269013,-1.06812487520185,-0.961963063238962,-0.737304962118062,0.3886996745505,-1.97351070093703,0.470967930843609,-1.24072218831394,-0.533901200796677,1.0579538595541,-0.546001723283255,-0.761524328159062,0.0116117500751574,0.237823842789199,-0.111799608655062,-0.834743176304454,-0.210746186826191,-0.288963927692165,-0.596959824101035,0.137768699508292,-0.0149162652320134,-0.461711043215847,-0.584391199001982,0.282389951372294,0.0985361906368581,24.98
164379.0,1.96570993207545,-0.862599695858983,-2.38954242287496,-0.789534080080565,0.929376130776031,0.975386813624721,-0.0471182902035356,0.126834268923636,-1.12420374689331,0.95541126001738,0.934860856020876,0.697855751882084,0.0520674111988959,0.701411034738443,-0.275082796058985,-2.73154613953034,0.653295045932187,-0.22005654493534,-1.31061242022472,-0.561478072787553,-0.122184214130181,0.21373608022454,0.0622896838664211,-0.681205857178886,0.0284063674807893,0.892657717290364,-0.0647019400059325,-0.0892894741766102,68.89
171445.0,-0.544444626766577,1.3110340556892,-0.164651988703432,-0.595658269721552,0.107385702738999,-1.18398282128822,0.705941089702236,0.183763840563008,-0.137809525303318,-0.350948731429195,-0.912296198410126,0.717924743970894,0.838724632807984,0.206185158761029,-0.509648302444067,-0.0279407922867567,-0.290338947410798,-0.822419583760918,-0.127325727451623,0.0305870255313063,-0.239238717184222,-0.541107290933225,0.135477716542756,0.0559828661992037,-0.386771239459349,0.142395185580365,0.235857508239638,0.0943971407348322,9.03
35193.0,1.3927369507507,-0.514302510928596,0.0656320141721842,-0.829107844745631,-0.603218106424556,-0.567990137805902,-0.391895654006288,-0.250169600388936,-0.914323910245982,0.58539001306248,-0.790069417908844,-0.289511177101719,1.43040427491031,-0.395051500206364,0.726656271745216,1.34209356727723,-0.132392061194396,-1.25642800402528,0.813578419102462,0.252241588378621,0.0934834239976141,0.147888321763049,-0.168608289855627,-0.412044591184444,0.584960689527638,-0.208399660206002,0.0029691677255512,0.0179549047466547,52.0
46114.0,-0.711378875327102,-1.43168766836635,0.630873723408998,-2.55198527115078,0.509280465025611,-0.565153978397803,0.25886591904274,-0.289950575314753,-2.68006655007436,1.15487227058762,0.162621574210401,-0.549921128050931,0.94745525145875,-0.355113184293877,-0.980950520800114,0.0284681871855621,-0.475086662556917,0.386542561713579,0.140984011489141,0.25820003794355,-0.361539233015072,-1.06483639856306,0.435373237945023,-0.932473248911337,-0.459677296818469,-0.759300584089806,-0.0943060919391265,-0.0534010843979495,145.5
127841.0,2.06147986906976,-0.164670588951872,-1.0937312770682,0.433756782524069,-0.291188223720339,-1.25750057751884,0.0752320316376061,-0.244190105255834,0.784242722252027,0.120709045612843,-1.00713592497371,-0.412908177503631,-1.54419286321227,0.595569969364806,0.215563582059348,-0.0325041651297713,-0.193035935046023,-0.675539926564142,0.153774117317842,-0.328662214472323,-0.307459112375358,-0.828758096785894,0.361046563143867,0.0022972494776075,-0.353748097824771,0.20082033351603,-0.0811286240406433,-0.0633849129677553,1.29
166921.0,0.0444567929750507,0.327662597937109,1.00777869371742,-0.0492574200875676,-0.856661184683573,-0.227775861922189,0.170704580989608,-0.116367360830649,-0.771443091621626,0.691690504065194,-1.24934529943306,-0.410796680830385,0.186943256823341,-0.21702285111,0.440341184689158,-1.14722288702502,-0.4910159967359,1.5307973974445,-1.07360028206676,-0.646362929317484,-0.350570223627669,-0.53976390429249,0.28492239767694,-0.0730536626143706,-1.17145309888482,-1.00388572440655,-0.0066579010209721,0.121459415117682,64.0
64422.0,1.19020894222784,0.350074531751468,0.424394289499934,0.715410777243822,-0.299517583982141,-0.777475118490036,0.049819912550288,-0.114302097029647,-0.0686549933033278,-0.341924132789058,0.530839306560949,0.691370423838176,0.645110414332634,-0.338306435532071,1.26768073062597,0.0679060691702356,0.363094806647666,-0.915125934363684,-0.682876714832563,-0.0908876402996811,-0.232758465231334,-0.615064061247301,0.19298522442617,0.373637575351375,0.116537438084914,0.10224389925918,-0.0029572483502478,0.0318115568896162,1.98
136374.0,1.99724381655495,-0.487662578587375,-0.0862790010469912,0.333905822477809,-0.691838423361027,0.0907309107349816,-0.916366828565327,0.125836584000749,1.37631294976101,-0.044445481340648,-1.09402404649821,0.473997622100932,0.56625997147008,-0.469542647165676,0.540807378351545,0.618540260836099,-0.682340349795621,0.0261186595538572,-0.173928663592176,-0.136588056211604,-0.0160336168983175,0.130381491132004,0.328128897165078,0.605998100042329,-0.502717765521008,0.332312199642856,-0.0044970572155527,-0.0315090761862468,5.49
94072.0,2.09356547150604,0.374606217790157,-2.24165131431159,1.24264042461209,1.15745323567188,-0.90652725555566,0.810864030317173,-0.57965572612909,1.18190707315736,0.0109394833519686,-0.785936376949753,-2.81328766252209,1.48301363352609,2.27075796729559,-0.509468843306197,-0.20060930830084,-0.0433576080420657,0.230860941240241,-0.20609968330082,-0.24824343704309,-0.0292763254213168,0.216958190317953,-0.20505672285261,-1.05726484504232,0.661233834994973,-0.39439344481191,-0.0729164874118609,-0.078619664676648,36.0
140524.0,-0.192514597057297,1.3070586632945,0.77847061684365,2.62789199397682,2.00898114053803,0.636703599268268,1.96864612791799,-1.33502210565691,-0.303426198129741,2.78513917602127,-1.82581496278766,-1.56518699522783,-0.59657848989158,-1.03858167352999,-0.704784688663926,0.385740094189969,-1.53815462209433,-0.489715496436104,-0.687313860042961,-0.0258616619128436,-0.385240346061681,-0.575170024793147,-0.0735967003964636,-1.16273531404979,-0.997134498290366,-0.558701142012139,-1.67481214225962,-0.959688915465136,12.0
71953.0,-1.52467618901404,0.478504590148131,2.56043534010368,2.77727049932642,-0.0874484504719865,1.61551958492919,0.373877994335604,0.0252472936815023,-0.834204831379619,1.18922113857578,1.08862588972772,0.475973421429613,0.707746649690899,-0.582813261042858,0.57420601007153,-0.0122652101326669,-0.200878498840369,0.307212337049833,0.999966402673799,-0.120257184291275,-0.0358503450552432,0.445704715727282,0.105512395925848,-0.270777043400983,-0.0213760414856334,0.209390616273472,-0.5046075014863,0.0390695225967756,102.69
130252.0,2.25541526630162,-1.49263924913123,-2.89713770186462,-2.68746645176955,1.52636606126447,3.03216057829492,-1.12513432856858,0.622149263599259,-1.9107365355147,1.66926713798538,0.0254435129581397,-0.805232785061396,0.302401050868599,0.20864410808754,0.504050722112778,-0.722782726751198,0.373965270288669,-0.549217118316179,-0.231157615759773,-0.289857797266213,-0.290489940604863,-0.621101138526112,0.302454351367265,0.659270620406477,-0.152725456810058,-0.29628837899969,-0.009959691422484,-0.0571810158557674,52.0
205.0,1.18239888187218,0.0594886883256737,0.310672611689593,0.828817334970969,0.341209077754672,1.11259294696874,-0.29277795443855,0.287394090811614,0.268307130650127,-0.0875754273725536,0.151276896671448,1.31588268320967,0.930451889587228,-0.138173544724554,-0.521815311538462,0.0951495833798615,-0.626292731708047,-0.174092778625185,0.488467737374341,-0.061462540839839,-0.337817781006922,-0.77684049947131,-0.0564860598070945,-1.35698586973381,0.475789717162321,-0.546518635414247,0.0630347385255088,0.0080466958288912,12.99
79454.0,1.14418798870568,-0.668446208486308,0.923432911839689,-0.812858615412213,-1.34301204133703,-0.220618021984815,-0.96087591331866,0.416876130363605,2.01690221823152,-0.8636749221328,1.13069935250577,-0.078766841133663,-3.30392303584655,0.70982314867064,1.15139487409578,-0.451313874097435,0.135079970192712,0.550998276687651,0.431646261399898,-0.353088993079674,0.0444371333394158,0.222828967210108,0.0440055016411977,0.162639097412265,0.264478163671106,-0.676473930479732,0.0861651612033399,0.0170596863941688,1.0
147132.0,-0.863509553421828,-0.136450450394569,-1.99525189914315,0.142924078981301,1.86065977456006,-1.40873938373677,-0.0796667983956667,0.475213318140122,-0.0604143263974547,-1.55500890232553,0.855443165086261,0.359781611907635,-0.678281646579648,-2.0259526917341,-1.69727430955,0.630059693094494,1.80522326043385,1.35158086121356,-0.401619080722895,0.0816109235885007,0.436759201571964,0.929751039601022,0.145189322525437,0.56143205489012,-1.72600738177871,0.300326961256007,0.234598381085726,0.134294557961517,12.31
156645.0,-2.92202095624279,3.35606735726439,-2.05082996568315,-0.605399797029665,0.0793691764927408,0.924583720248047,-2.45025346784674,-8.28350243059817,0.29082404923746,-0.274700169829691,0.471774724315468,0.774733360350573,-0.904966351822132,0.0595116146238077,-0.16232100422552,0.488027271612597,1.07375510322325,1.58364581871325,0.0472371670244304,-2.05539875456857,8.82799301736547,-1.66168013247185,1.08122501733298,-0.708028239976611,-0.651496470620148,-0.147036711925478,0.550893367307954,0.276902685449453,8.85
142570.0,1.99594739408916,0.131800267136357,-1.74939503437275,1.19037825384325,0.65859884262665,-0.596223994682745,0.536748402402904,-0.242392422047261,-0.0129330235822923,0.426883152671855,0.34861639185313,0.815962889850993,-0.399881964176564,0.73315367982157,-1.17524841006104,-0.419650862211082,-0.515077851381652,-0.0180180641211996,0.214117770922641,-0.266947081125385,0.0795817447772483,0.398302703896795,-0.070233632504088,-0.46344017733149,0.473631478167978,-0.482762495265683,-0.0215471052193327,-0.074904873424306,17.82
121607.0,-0.62359557981725,0.669345127949601,-0.0168583290010601,0.446238822086472,2.14014551484599,-0.970482933253317,1.13674298241287,-0.264157977580379,-1.09007054870973,-0.299416480250701,-1.09916397889369,0.0180485698888343,0.591819918101158,0.562445785614926,0.161469300550588,-0.453895978182273,-0.531209886093602,-0.137524939937848,0.163239841980471,0.128579110801566,0.160135770052693,0.294179287040328,-0.212491301135795,0.477465001921145,0.289244574301721,-0.567185276709015,0.10954829061206,0.167950206027334,5.6
116093.0,-1.24233375678814,2.05903482622176,-1.45447274057361,-1.45721211244438,1.05043502408946,-1.41543805030389,1.62748090551969,-0.337152047431047,0.739138503876667,1.27087026368328,-0.911149334732765,-0.418807569449098,-0.754721954881425,0.354834462434434,0.0147504115982251,-0.755125336323609,-0.493919756624286,-0.367044493077245,-0.251420409132308,0.604031050791665,0.0250561241990208,0.752419205781661,-0.180374098241212,0.75061639251295,-0.0735493971539126,0.0245998927557832,0.457745033534675,0.0669993727976986,0.92
80810.0,-2.68000809125808,2.35624593267292,0.132131196861001,-1.60930474558002,-0.905788771789614,-0.815480050651461,-0.138058568199092,0.769684244400896,1.31178988285836,1.32712512564577,-0.27666029970773,0.369635840794752,0.0733953055860952,-0.158095608341784,0.832330739794693,0.359032351318955,-0.25004528791381,-0.892895781170167,-1.33289689820258,0.706689404299379,-0.239707401614677,-0.293319979663673,0.172667086814809,0.0840580341823906,0.0464244781292321,0.748137604517115,0.374721486486653,0.150633299692583,3.76
51434.0,-1.41371927863353,-0.484431343170466,0.411232351561238,-1.72359967911149,0.748871051551081,-0.88547305595159,0.0039193841111253,0.170139907073557,-1.75478079518062,0.312721387383848,1.03985049177819,-0.228653125520959,-0.219544903647216,0.346241822868056,-0.609348410480151,0.948757623084459,0.126660341736758,-1.31196116300415,0.130588157408813,0.0331560509367563,0.381157421227405,0.808584070905777,-0.437937741677518,-0.250508957119048,0.0368363281044949,-0.300514307392515,-0.286940700148883,-0.284807186447376,15.0
87209.0,1.99501455419682,-0.136854452315978,-0.700743865433594,1.33972818262039,0.141749389680493,0.322485731649984,-0.228162205007832,0.0237126170625454,1.16449977421328,-0.0332270693841704,-2.09900414798269,0.703549196996513,0.524727669204191,-0.434614847828747,-1.15361494066417,-0.205564495364657,-0.404236472875244,-0.699995428080714,0.530494784594349,-0.226811103712753,-0.579671385794089,-1.33333276557044,0.306776512801445,-1.13268723071093,-0.17619178751466,-1.03922299066122,0.0597824750734426,-0.0397607438145134,9.99
40821.0,-0.16682202788599,-3.13005384929236,1.42477252066928,1.71553143393862,-2.71726399559324,1.20484906569612,-0.873728573978788,0.337368278281411,0.780308317252435,0.068319758776075,-1.28278686155386,0.487068505480626,-0.179132188359624,-1.10792996527828,-1.26020449755914,-2.17641118036434,0.934708991691582,1.01752523234672,-1.42065589915566,0.722763351056547,0.169433662877994,-0.0034972254321906,-0.588637962836927,0.442808346565106,0.0980359782012709,-0.157277358436235,0.0375421001787978,0.161468567518154,675.49
33197.0,1.17611470658379,-0.318535055869055,0.983456583722181,0.71114674710459,-0.791492528167337,0.409830574912167,-0.812024571135595,0.323851340919676,1.17826145427613,-0.240458531725226,-1.20058051155859,-0.398678022635354,-1.31936947190357,-0.124106296082427,0.644108382822345,0.0820748886079668,0.0049604537572405,-0.34771514432223,-0.200910071328114,-0.212448584195451,-0.114498274042301,-0.162664026308247,0.0178479168512975,-0.429565134206134,0.200164166961573,0.382644341038594,0.0238404338022152,0.0153131081694379,6.89
146750.0,1.91407643550937,-0.261242842515074,-0.433150912821704,1.38676248866493,-0.242317234789083,0.239376048909215,-0.422136458785102,0.213177547305223,1.08143873306686,0.17958761315028,-0.0680281507901663,0.831497666411312,-1.13139411654091,0.0898444277106382,-1.74228045016962,-0.130791541240975,-0.335785734798491,-0.238676114607225,0.586545085876797,-0.339363851364041,-0.504775550614775,-1.21819268447222,0.396098900997605,-0.57569339641358,-0.340597141307842,-1.09158911127454,0.0481491626660478,-0.0472722192314382,5.45
39921.0,-1.28924364250824,-1.81078392167246,0.83086326668968,-0.568757285035589,1.07510389544739,-0.165009172839351,-1.0547080630227,0.111384780763637,-0.961979485803895,0.694180864412247,-1.27830183897448,-0.745974489782889,1.51784634856764,-0.590951219129068,1.57448338990729,0.959440571409005,0.150692647148659,-0.799863977792464,1.58323101676896,0.520242032313703,0.471908982302425,1.17519786238472,0.205070742471041,-1.24853344678288,-0.613637058708421,-0.0177201517157755,0.0219357282854665,0.485985237185516,90.0
137041.0,1.92393631376473,-1.57343753226113,-0.223007121827024,-0.800330680737226,-1.27100600636756,0.928004279646603,-1.70048770189595,0.448824469336452,0.74551146612179,0.735106549133194,-0.350864825460064,-0.167541356877577,-0.73766908550279,-0.158930107442719,0.527630225157562,-0.450948124029207,-0.878890250843782,2.71091267831608,-0.621034011773635,-0.455477711954363,-0.0981631812065071,0.0939355131853437,0.17416672114611,-0.162578898936639,-0.540517928052108,0.0666388308200488,0.0428970035595802,-0.0233963816639526,89.93
100842.0,1.95489759982214,-0.417062267924803,0.275222305411622,0.567869752129101,-0.984384627254625,-0.377675091677681,-0.964275054878941,-0.049667903901883,2.62679297099591,-0.407542407250662,0.16799843419521,-1.99519880782972,2.10305485276448,1.06233523767003,0.0468294990475004,0.561360167777618,0.140102719884985,0.175418141389981,-0.590854124621833,-0.196457942269545,-0.10365569816019,0.112651637913791,0.329505410063928,-0.0392349431291411,-0.63012881762298,0.444316772350178,-0.035145653480144,-0.0429444440233439,15.95
152036.0,-4.32060921481281,3.19993870654465,-5.79973605389345,6.50233023566696,0.378479252807864,-1.94824637096657,-2.16785950480668,-0.728206711605414,-1.97723831745674,-3.47341070390428,4.56919375212135,-9.32115263136084,-1.59251765115386,-14.2668362798028,0.467776602458787,-4.06620855488173,-6.62696817708246,-1.43715841938037,-0.215409738450978,-0.263686068021973,0.47666042483552,0.434278328284482,-0.13693991841301,-0.620071695417129,0.642530576414265,0.28071734804164,-2.64910674899003,0.533640939848599,1.0
51160.0,-1.33443137804428,1.67771054490556,1.38306643279119,0.565940494465139,0.0288037633945007,-0.0319985538745154,0.255404421386582,0.318963634828327,-0.649886824444184,-0.156129110552428,-1.01152081129584,0.565670023583842,1.78720666933035,-0.0062229064461178,1.28871631777714,0.244894268900833,-0.490814080931763,0.16142124298635,0.807476617529786,0.144253426184662,-0.133095937724187,-0.482630539448811,-0.186090996903846,-0.463104446236767,0.348967392913114,-0.459847002623928,-0.186089968246544,0.0909068116596421,5.0
42248.0,-1.46002687892064,0.835253343919523,0.976591688059572,0.633643197268603,0.0733133550673213,-0.559511125615183,0.385547794580686,0.311060318544656,-0.85276170444938,-0.33045599929575,-0.390902337225783,-0.3828996414259,-0.672138426985073,0.805346752263627,1.54743016930838,-0.627388865290511,0.597531147587795,-0.508622113434683,0.747999686193428,-0.118061653229906,0.08045304971772,0.0618512370871239,-0.0388126955269528,0.0969554181203928,0.312642476157179,0.561975483700298,-0.385759026973384,0.0750611222360535,29.0
123291.0,-1.40925120701488,2.09474203162746,-1.61568988487061,-0.608294867544368,-0.0228648859945703,-0.793838881943941,-0.196425950856645,1.28863725022064,-0.55663892076485,-0.739638347495589,0.863953552230611,1.54674515792717,0.890218336203217,-0.162130748350131,-1.12139935451407,0.777774954365824,0.605867674311926,0.219677172001314,-0.0696302115574754,0.0118325382611528,-0.203328081700051,-0.717434595393544,0.250637532550937,0.67424800481033,-0.271931871491501,0.0989843206781049,0.0603569714302014,0.0004989068110287,0.89
64741.0,1.23728479160033,0.69566156492891,-0.353485031899773,1.35550683559135,0.0475859181170864,-1.25426378614687,0.284144568414789,-0.222092652173159,-0.028516186477642,-0.669459538697951,0.0544140804066223,-0.334853530810237,-0.472011450996666,-1.25412477834527,1.13463490933993,0.615590723620442,0.918108308297768,0.643006930541123,-0.622806519589024,-0.124455987601781,-0.0724524908178837,-0.155733739931919,-0.118595564393575,0.240849265519879,0.677132619226008,-0.326026012378635,0.0325521075374389,0.0566183550118941,1.0
35531.0,0.0397272085162488,0.324801217353937,-0.492264474992434,-1.77997069970872,1.69644904727569,3.82293513011228,-1.68373005677401,-1.69112489207365,-0.22414145885044,-1.11000707013961,-0.174996203822425,0.22892670070757,-0.223818078698165,0.593813855535086,0.923410788796712,1.3282429250359,-1.06112056136129,-0.0225154596390813,-0.626818898285517,0.679484607251266,-1.52901960652817,-0.670938390281012,0.0671508001655606,1.0120458294599,0.785662191278929,0.750560301271992,-0.112818078659549,0.0997210819992325,16.88
91086.0,2.01225455867655,-0.0084883492337474,-0.869503953894183,0.529687655991136,-0.0796016846249741,-0.900369181027665,-0.0225645337884041,-0.261562145970616,1.5957219788825,-0.122497789154122,1.94850266899352,-1.47356410633503,1.36861377141657,1.959342066766,-1.37876050051075,0.0460227952701307,0.240842538448587,-0.102144114078388,0.19829992182279,-0.270990465262605,-0.383549439908026,-0.775851833394233,0.352299051041858,0.0101044622789705,-0.372650652782666,0.134688859053123,-0.103034388351928,-0.0757737965344385,3.59
107492.0,1.75203699119951,-0.254466701008194,-1.49059579345744,0.671396595612891,0.128310262818787,-0.738186874824505,0.0475264730468144,-0.215729978359886,1.85711161316528,-0.858108547974476,0.592963874140252,-2.89615750728922,0.931322858253757,0.662700110014153,0.442546298807383,0.871525550107217,1.17951868201425,0.174103265737712,-0.467102418576486,0.0758155719814735,-0.600777538563293,-1.90158818022439,0.441731085200478,0.357870025894375,-0.782429234179617,-0.168206496297029,-0.106214928954595,0.0056507238234276,156.5
144364.0,0.0454287371766183,0.840299729772633,0.287679575987726,-0.579770940689109,0.358921019712206,-1.1361185169112,0.991196678527868,-0.185790128725851,0.0157611577778477,-0.400148950469725,-0.987876167738086,-0.0758431831225969,-0.397176382362535,0.193460583137167,-0.359566066030421,-0.0765328341324811,-0.382317128351237,-0.701402417991596,-0.0847705181648429,-0.0645682213938182,-0.264551463967069,-0.602709887846554,0.0765637956708783,0.0282150508307731,-0.504067878898635,0.13907004957401,0.244435515552496,0.0965947238265277,3.96
12093.0,-4.69679522444504,2.69386747884008,-4.47513271259153,5.4676845487781,-1.55675807549758,-1.54942028904253,-4.10421487278526,0.553934075416293,-1.49846813107494,-4.59495176285009,5.27550585077254,-11.3490285500915,0.374549235103921,-8.13869488434773,0.548570894168134,-6.65359434741365,-10.2467554066001,-4.19106626655491,0.991486122257293,-0.158970548660611,0.573898081112651,-0.0801627753981571,0.318407817148194,-0.245862202650853,0.338238431564141,0.0322706213908033,-1.50845793363219,0.608074682590101,0.0
63855.0,-3.6585323956863,3.11309125824623,-0.390150111366415,-1.71560452008628,-1.6274619336539,-1.06366257040315,-0.79934515820663,1.68039438131301,0.71893442118773,1.22082873489243,0.88820334702321,1.2624904702336,0.11346005312148,0.641952163134177,-0.20417079929947,1.0282916141136,-0.423455232375321,0.146208203675319,-0.655359320303351,0.713352394480959,-0.147351469989485,-0.268192281511958,0.185150952585139,0.326191137454809,0.106598880499433,0.719093326468263,0.429053935089977,0.171903734809605,2.92
42458.0,1.15325078337495,-0.0238398048590767,0.244024102304646,1.22310303736185,-0.162655703544958,0.260171128661284,-0.225547022637318,0.30133795076952,0.450955311221413,0.124196196518482,0.423097172453804,-0.28171670570871,-2.7780579843677,0.762833016552194,-0.484705439543436,-0.309637797563192,0.0437279334052576,-0.0565512181520539,0.0644006923052528,-0.34787740989706,-0.104911680274995,-0.214743018632053,-0.0793495751838249,-0.3721170424004,0.589852534289276,-0.299981790102986,0.0196275096436005,-0.0041518493787955,2.99
66406.0,1.28348081223234,1.35302264420823,-1.77637441452811,1.52175823656518,1.1588140756468,-1.52520506718786,0.826378185489203,-0.405620469857098,-0.547825584417423,-1.5757572027773,0.527918043500832,-0.170487346712014,0.841613760313291,-3.58597606245672,1.00945640188275,1.13908285579334,2.47531293159012,1.38622157276401,-0.656027511449674,0.0367709353732756,-0.232948296986253,-0.523908757902666,-0.280757006043432,-0.415167292424875,0.954291115547874,-0.26629152090947,0.0451468440853999,0.0938264786499248,1.0
61944.0,-2.24259865156958,0.0916938279934757,1.33581116950381,0.23456808150707,1.09700219909314,0.989207491646835,-0.32539835951862,-0.3680858892371,0.275580036512446,-0.0936564687026228,0.572479980457077,1.00515390948024,0.276918661258001,-0.264385239053571,0.709348477059773,-1.79209271802546,1.36577261589273,-2.71127340133233,-1.26271033950895,-0.478782373626641,0.594284636560261,-0.0076401646080399,-0.503495843495877,-0.533261164022554,-0.520751474800112,0.270840098360414,-0.0052655745809166,-0.658016422990471,10.67
69619.0,0.965407519217457,-0.786888350565539,0.981431772071269,0.291839040759169,-1.17609214672308,0.105525928657026,-0.637648009924493,0.204656109180411,1.29332310090439,-0.52478460648749,-0.688020889743214,0.300572533982172,-0.712611228916626,-0.366883673806836,0.0375188853365564,-0.366797062465964,0.465411908374771,-0.982650969039104,0.0783932038442814,0.0599984906450211,-0.150681454440982,-0.409734510336495,0.0259443325945309,0.147517344159682,0.0018573049693821,0.96296623697842,-0.0415232950489267,0.027776728116653,113.28
41850.0,1.3256194119348,-1.75787030311536,0.404909398155098,-1.53742726525106,-1.38321080528582,0.9796497474606,-1.59975235595588,0.28365117290307,-1.10838250624573,1.38929532495108,-0.82161412314917,-0.803030687865602,0.1617418019864,-0.742979642972582,-0.737327730714762,0.25505747709728,-0.118187398857515,1.19383495929684,0.82918281843824,-0.0870887250013455,-0.245949119103306,-0.430069336656235,-0.246666167696997,-1.40701031670171,0.392142617017448,-0.115461883512417,0.0495531331918207,0.022342707688953,119.35
48877.0,1.47609962994208,-0.750537603619645,0.131840531698917,-1.3259984218383,-1.08983499140553,-1.01750491063172,-0.484313680452327,-0.313637783732697,-2.33796640826041,1.38564176813819,0.27365093432491,-0.188602498824026,1.15246721652971,-0.163091432462756,0.433492648722537,-1.08426006370818,1.00312150211597,-1.22172526168594,-0.455512469962207,-0.325412387742691,-0.445749023454771,-0.874872684811785,0.210469426377846,0.361651877435186,0.250873379610273,-0.442836870331631,0.025105986690042,0.0176000594034381,16.53
89988.0,-1.49954269641052,-0.465521086500206,1.76780002991907,-0.724271981360708,0.542180666390271,0.0127207710545661,0.523882635557255,0.227586171233703,-0.503460209097455,-0.92754228050649,0.898611942887249,0.930492787743054,0.604613767432865,-0.0521038433938441,-0.411123916940377,0.540538026920684,-0.774914598986309,0.188000743177402,0.286344349457252,0.599776606701566,-0.0487797671263609,-0.720016619534852,0.348657308711193,0.751162833290221,0.24899602069086,0.305240554651783,-0.0999595842386596,0.0829357986959785,169.55
161085.0,1.98325291151512,-0.176807740733589,-0.234645137981107,0.420610337069457,-0.524881189833784,-0.517921811562471,-0.426280051309952,-0.0854395698069085,1.05851529839464,-0.202975207992591,-0.294907879396714,1.25553145096294,1.26884721695795,-0.273232568898197,0.534121068062057,0.0551008512483553,-0.504026461639276,-0.429214343458172,-0.206821960090033,-0.145294867996601,-0.152294399629295,-0.250782014068172,0.44513863310243,1.13343331857583,-0.41436600047755,-0.684324797297043,0.0399918203427566,-0.018517661031306,0.12
140148.0,1.97337176308203,-0.152236279484921,-1.02635339397366,0.325032919533844,-0.102908852395709,-0.84434918843869,0.0969426476795315,-0.177097378565674,0.258094761715363,0.223180632957291,1.10002747122807,1.22677750409719,0.0595561988963019,0.46729886906246,-0.627723047307386,0.0056825897545626,-0.456793910822528,-0.499150257522443,0.326159585149774,-0.183200917274222,-0.215224963345645,-0.548156987287142,0.329491998310818,0.0213897377817222,-0.357507992062523,0.176323195860218,-0.0736996984594142,-0.0667933579104117,17.99
151458.0,-2.29670668910684,-1.22056638293461,1.79254338998217,0.293769586915168,0.436612675040836,-0.0944127293749754,-0.971635818128448,0.90029796307871,0.807999532488733,-1.43443533217275,-1.7649366318944,0.0819607878628295,-0.810584057860143,-0.136917896354664,-0.493725639790247,-0.394807255559016,0.359576745223997,0.093563732243523,0.713742255246055,0.450892463667003,0.0448308126330277,-0.474366087432041,-0.10702932523285,0.661328297987578,0.439946365669285,-0.314658485969232,-0.016293530093629,-0.238963564261195,69.82
72240.0,-0.469044544834583,0.959806836741968,1.45210903620477,0.188666341941816,0.44288756456946,0.133357057734372,0.464775195968954,0.212594568385379,-0.903901573143991,-0.468461879876036,1.39098990256446,0.316799726663598,-0.234920474638941,-0.0500543691759247,0.890556502776412,0.116578604796385,0.206342976439938,0.166526188995901,0.71737282228865,0.0609154804469078,-0.145232203197642,-0.467643669124379,-0.0924184650991917,-0.353078633968881,-0.331622301388742,0.207001736248215,0.0836046478741114,0.103082820936786,2.99
134450.0,-0.719921747255747,-0.457425614861246,1.05519006265655,0.144376019659979,0.102198573716659,1.3714995428548,0.403534460982397,0.396322122807056,0.131707901389897,-0.736854642369386,-0.395109486921928,0.345637332542795,0.501773303752009,-0.198006743719566,1.3061209872648,-1.11544856516249,0.709509930531275,-1.09428075935716,-0.444213036503313,0.447267184248914,0.53660597599479,1.46771107265014,0.434305215265481,-0.966201430349492,-0.839884626673927,0.800862185895515,0.16633697526374,0.204022596066798,201.8
171185.0,0.0673622903009332,1.2509731377039,-1.1613530875543,-0.21775169408648,0.705887806211607,-1.04787927030592,0.649919897073329,0.139842668557395,-0.224065692715398,-1.21947819084475,-1.24922050941352,-0.298743466467387,0.228874081599464,-0.660058410085257,0.690985987273316,0.396856123388143,0.426543458596068,0.990755506408316,0.05360137984074,-0.201133599928689,0.295033197599956,0.869430708044874,-0.225344188231539,-0.725851597132376,-0.245862581338191,-0.112688063513395,-0.0010294254554628,0.0342398415486651,6.75
89223.0,1.90045532177232,-1.021350172362,-0.952471013118192,0.0333865040725405,-0.886352521388866,-0.845815285738145,-0.301097497227426,-0.375472841024186,-0.443018299527392,0.83699885025596,-0.959126672375636,0.626700150372949,1.61206574690657,-0.288793584464568,-0.0689792676601754,-1.58482765472356,-0.212261489633953,1.1700848586789,-1.1230848027288,-0.287427340771934,0.0568545325202977,0.644834596782362,-0.0706148096502828,0.129510120534254,0.0313759051965306,0.601654555283554,-0.0315727834026993,-0.0316643307044317,133.8
109397.0,-0.555212904874128,0.427507851487397,-0.185142011191085,-0.282922554213852,1.14266496480918,0.379620195464203,1.17364062989102,0.0675347954724248,1.06422890591422,-1.85559579092537,0.997474092067914,-2.84807871329545,1.03178433721698,0.792379687183908,0.692462315817618,-0.711789290315028,1.96165066765252,-0.394978683963238,-1.90584961184248,0.0736292725341039,0.273158572712623,0.889982406961059,0.0824469399580416,-1.19268948958681,0.178295996524098,-0.0431217419596021,0.0010073322948366,0.0354430221512684,155.49
41991.0,-4.56634156694274,3.35345148012501,-4.57202780762531,3.61611930403552,-2.49313810882875,-1.0899997127127,-5.55143306976649,0.44778308394893,-2.42441402571208,-5.69992228265959,3.58682418337431,-6.63622904939297,-1.1281764439465,-7.24554959537009,0.638325536245456,-6.85681003898144,-8.85187850534679,-4.5918832274368,0.936939858866071,-0.249127726683026,2.67446587862872,-0.0208799797343963,-0.302447083877198,-0.0863964000107124,-0.516059779833395,-0.295102234035121,0.195985145691014,0.141115102721758,1.0
69267.0,-5.70641510058755,-3.79389503426361,0.0464161717042307,2.30883522423242,-3.23997306558169,1.30178713010986,-0.368668986190066,1.42813730885163,-0.268770363598845,-0.189808370745725,-1.69944715135923,0.962126047571155,0.969027190315541,-0.331803792379117,-0.880066650659481,-2.10045665590657,1.70221791485219,0.956346258505607,0.0607714480721106,0.220190233998037,-0.353163264760866,-0.747440837907397,-1.14036118353669,0.243193450156767,0.165841954586112,-0.11298634711381,0.655625550359446,-0.620389623476629,500.0
156153.0,0.145152965329236,1.13721341129005,-1.07041327242733,0.0208307106312246,0.261001045480323,-1.40314910685547,0.753037622354232,0.0524876259281167,-0.281509850736793,-1.2142271061025,-0.49786501093953,0.276811761621666,0.723944202784531,-0.759755480159256,0.582406802510205,0.211746423976456,0.628947742132204,0.681700920491768,-0.283083662080347,-0.124485220664652,0.350190906493478,0.988577054165561,-0.022953635635943,-0.0170354263628583,-0.233332489044981,-0.155830558280382,-0.0742005617504254,-0.040444830814092,42.81
51028.0,-0.313391709729699,0.95894347381095,0.156169892304839,-0.741782447597075,1.02602061362957,0.0369185864610359,0.682575451754141,0.0875354259689192,0.0762280849751748,-0.489933949924537,-1.48694481737538,-0.561500304440694,-0.0761133759642342,-0.443499005931175,0.669489215723422,0.761130939662167,-0.563130746710841,-0.15359439030475,-0.722587437453693,-0.0724228928206455,-0.202347253120535,-0.514263597842118,0.0832990191387833,-1.39643411138367,-1.13548489803098,-0.139981102380991,0.321325068188974,0.283820739784052,8.99
100409.0,-0.342387450670689,-0.196129325363074,1.20125394393227,-1.32741937816825,-0.741833386420704,-0.570305858081961,-0.57423481781964,-0.228333122939884,0.95840653128544,0.249668796465746,0.178576864581711,-3.33890785936838,2.05272992255368,0.782320403242885,0.0789961464395472,1.39480362585509,0.590052546261606,-0.560052273976979,0.258708198797462,-0.165678263853772,0.286211747545898,1.04843921730299,0.128622830225034,-0.0541824447966528,-1.68906710272881,-0.481259377758317,-0.0633102476520805,0.324557558543426,49.83
78101.0,1.13527846834612,-0.201130551191965,-0.0105365927687821,0.441485657360653,0.21009635314441,0.761924275426739,-0.160994055149128,0.20913449261167,0.27202256106772,-0.0899764289847122,0.217932608989469,0.877055702618421,0.0918155307522594,0.0924477641127961,-0.571014203703151,-0.0334922857744496,-0.363890008239484,-0.279955115649324,0.573809930962582,-0.0041631732340152,-0.200049521656667,-0.496141429804106,-0.15720834472576,-1.1143509627401,0.489700216766219,0.348819436491999,-0.020065089276609,-0.0041799579942774,54.84
79121.0,1.28950094620263,0.141781276391873,-0.245093480548709,-0.23550865230759,0.195785489394664,-0.481153360908716,0.272981697886007,-0.165993521053544,-0.392434237625778,0.0036156485083099,0.914787818611219,1.10495552026523,0.902471515729002,0.412139155006902,0.126310499444543,0.529179006572719,-0.812506986142031,-0.329440494137638,0.884761351455892,0.0471184570521603,-0.430493659980039,-1.31978986247929,0.0660541091879662,-0.504474385501994,0.207185252156851,0.654490949551308,-0.103490204005477,-0.0108987127747355,22.5
42164.0,-0.792633355095158,1.49308842167002,1.55026669565258,2.60297649770272,-0.576571782114843,0.711052921174865,0.217023959653504,0.378714146495608,-1.18649668979573,1.23937863431445,0.693048420076956,-0.0768032419727985,-0.15556037150554,0.340815237702657,0.822014892783984,0.539185871497947,-0.463148106255819,1.08740060288081,0.957739039473675,0.151199220044795,0.221237118517566,0.752788325687188,-0.108405807394233,-0.0017040049960489,-0.527434524900797,0.202333339052319,-0.0873824010298539,-0.0946883717988578,72.35
131680.0,-1.3244549849042,0.419134381591467,0.835603955743809,-0.58549658295306,-0.109200803874232,-0.893529336353572,0.135607438902464,0.306528426076659,0.0491859484053754,-0.738917887981054,-0.922093638102337,0.833221901399776,1.24898605794707,-0.0991090321239501,-0.059717897188701,0.47657858785775,-0.505849900518088,-0.469828643323841,-0.219828680288906,-0.0591749763339625,-0.152976395789979,-0.432742239749359,-0.0436158294592753,0.0907803431860619,-0.886150268374892,0.153257823356526,0.260914742646275,-0.0033717152006673,54.99
28658.0,-28.5242675938406,15.8769229879536,-29.4687320925264,6.44759140152748,-20.7860000418837,-4.86561341755669,-19.5010840750712,18.7488719520883,-3.64298981925263,-7.93964241937325,4.18467368942509,-5.83507521523889,1.21595964527928,-5.33014378246253,-0.118631138153322,-5.36777527618834,-11.4317569116986,-4.69692444373293,0.69268841200477,1.7068890619925,1.80576978392608,-2.11937616760819,-1.31744962200248,0.169845630469178,2.05168733506275,-0.210502000459411,1.30173396497076,0.380246181418509,99.99
64730.0,0.570457512733819,-1.15024682544431,-0.24499124353767,0.886166719133424,-0.359874214070809,0.343328499975968,0.309613020845621,-0.0035205484003837,0.564200240690051,-0.382561607294474,-1.2842830322412,-0.0089888003714419,-0.425903637927427,0.103189846480195,0.209110201537077,-0.257884708203291,0.0496208759455956,-0.747254784008755,0.0677779569361495,0.551482341677394,-0.053796033501306,-0.75664270679036,-0.363415867831645,-0.732484848800446,0.344633832226861,0.315640782839632,-0.0768595195530736,0.0606942046532591,357.2
47151.0,0.995184662802067,-0.147746034124824,-0.108913711813377,1.16845105728513,0.329676362053886,1.18209012893498,-0.316033851254374,0.32304302761714,0.541029979352057,-0.616889246887944,0.187187035841541,1.05195585745761,0.692315825499636,-1.44807850124787,-0.869122433836998,0.232634397834801,0.389984987939462,0.617418983455363,0.262854351503916,0.129187427054588,-0.0507984536303168,0.0056798156916093,-0.370879367770674,-1.3859893486014,0.746055565376556,-0.191335258864047,0.0704083732993139,0.0414597527795258,98.9
27533.0,-1.80461545555064,0.9152970536781,0.233818970994502,0.651579123452948,0.8812530050882,1.03766637546339,0.657725239775282,0.341495809221435,-0.538139034441626,0.755013624059297,0.119263193987794,0.149918696308371,0.206868887813464,0.407604066548409,1.08867777687444,0.188919845893518,-0.62528875123759,0.156472330163449,1.55197968347581,0.0013383126820569,-0.621210103604292,-1.42265239963166,0.0839945128451798,-1.77795813701096,0.401316047590306,-0.560464990693886,-0.275798740216878,-0.044398255047054,78.5
85833.0,-0.811952089990575,-0.293829656437785,1.58472265215148,-0.761480068772363,-1.16921475504134,0.704195142123881,-1.08321842793037,0.932804567683104,-1.35720882716366,0.280565282431237,1.35842196450562,-0.687632472081674,-1.05651306876158,0.384818119321342,1.34108111981518,0.791026727311658,0.979722821922232,-0.730556367665726,0.899400803541933,0.217638117143235,0.685318185053679,1.60736896325701,0.0602150251340186,-0.265806279834832,-0.564873982473453,0.0664290196492682,0.0638154908172845,0.0372759898635888,69.99
159818.0,-0.106585950366594,-0.352878607323172,1.2944592063756,-2.20790461752521,-0.357131162925085,-0.493760821536359,0.0002173936205518,-0.0709991260678206,-0.583038848850441,0.398982783776434,0.916795607281403,-0.0356397906366126,0.143276209402239,-0.737365270876489,-1.17723429150074,1.421033386451,-0.449513513240163,-0.772321622561742,-0.162517304556105,0.254906873038447,0.334113132553879,1.13677800611217,-0.182061630724361,0.0412142430167571,0.13289705648101,-0.207507966284284,0.0463558638412491,-0.218572273868704,29.0
65120.0,1.14793724263417,0.228771238214643,0.34681232555354,1.14422537390272,-0.159220269029226,-0.538802652281137,0.207549652015106,-0.168667531567591,-0.0647377987527925,-0.0158585424419609,-0.670488885669079,0.384731316414997,0.650895528834047,0.214198567301629,0.983664848917619,0.426488733735276,-0.704024993016908,-0.320880866008819,-0.129817440975246,0.0214157178145971,-0.314707275745542,-1.03512881194898,0.0502714131512888,-0.165571739624138,0.33590811563669,-0.689177830399082,0.0165339725052159,0.0379255436968718,60.0
110079.0,1.92836034170706,-0.0388798922017366,-0.173023684854982,1.30286307594935,-0.158263798738624,0.303314905197566,-0.722668918380305,0.10277692489426,1.86724875175932,0.0004990563440516,1.82841220625748,-1.41259583427078,2.00788554225543,1.56029347834884,-0.608621352938089,0.572252032483484,-0.28481563641776,1.01115768784894,-0.746445261770335,-0.248999695601286,0.128170810403793,0.733857836263894,0.18392703403943,0.635340507427624,-0.129101346642812,-0.650985980444646,0.0277936224054968,-0.0397906181081151,1.0
50554.0,-0.798671774485497,1.18509290816488,0.904547185437142,0.694583749252136,0.219040575098198,-0.319295358148838,0.495236343903129,0.139268600382104,-0.760213608856806,0.17054681233401,0.821998442387764,0.46832176679532,-0.0575502861155432,0.573006314979332,0.358687757777865,-0.0116327063359799,-0.50456991587577,0.722749576258471,0.861540918769592,-0.081298289388587,0.202287281499889,0.578699296051212,-0.0922450213734442,0.0137228520784373,-0.246466055551771,-0.38005716679397,-0.396030194077437,-0.112900666069163,4.18
130735.0,-0.786131963293079,-0.755687619456753,-0.307450961901251,-0.595725257324487,1.93217896064731,1.41215484624589,0.93947944456885,0.219068738809193,-0.119377581536136,-0.449549853537021,0.669507964890486,0.270363024623506,-0.455630344489437,0.47380884522983,0.568374197565709,-1.00615531225119,-0.14300207904947,-0.231763371768126,-0.399991942199643,0.477333497128357,0.638462379033212,1.67099849934258,0.264853817346777,-0.922521755765251,-0.433273400270811,-0.0240575058918898,0.0001854582542395,-0.0055475716206685,194.0
139385.0,-0.630846606239851,1.56344057785565,-0.473437902789261,0.801796440906906,0.892510468316877,-0.372939272572569,0.989495666747107,0.222417541978624,-1.1103979717486,0.037299164160196,0.312449530313366,1.05254219274217,0.545179182806399,0.794666557409704,-1.10824694519914,-0.847951415339373,-0.0578666395199204,0.170590043762066,1.16261545258789,-0.007688028556196,0.209584897553921,0.768399641076673,-0.290349375431167,-0.357172231729999,0.0800142412882299,-0.384706269571403,0.184710261750472,0.163154042329725,8.59
121877.0,1.98700552848442,-1.5080282388202,-1.06549227730419,-0.929745920581146,-0.889934953340844,0.0349539291849451,-1.04158396733646,0.0837538797382686,0.446377930795597,0.729263705060836,-1.74819757366293,-1.74569138519048,-1.53692296612346,-0.130573548693691,0.538129639767233,1.42746267752509,0.0253378975044671,-0.717660756244899,0.624605213193732,0.129102547536221,0.325270867990213,0.642983010260607,0.0112999912487346,0.0152134307377986,-0.159908159703661,-0.0811969442338466,-0.0267004806923263,-0.0322854929541078,129.0
134844.0,-0.259383899357441,0.854084467139235,0.368882329037036,-0.768516416323251,0.751969680163654,0.202583825894602,0.521116364957492,-0.0572023775338872,0.731100924716066,-0.494755269344769,-1.11372594128787,-0.207485546742959,0.881420440734257,-2.00817935159105,0.360048911228214,0.788578025758636,-0.112875649278427,0.788207738234511,-0.555927648748143,0.333846860370602,0.0777501061692837,0.741057389253838,-0.28531211652261,0.0011607513448792,-0.105241811697857,0.601729219489869,0.254670740567463,-0.0183140978655251,22.12
77700.0,-1.38096987094865,0.488586722725662,3.14338732657625,3.22971321488843,-0.680994404591061,2.1134359921357,-1.49230201799646,1.32544195763625,-0.138029471765993,0.234071810303592,-0.0347612988221872,1.25797731294348,0.639778641682532,-0.893445203666643,-1.62194908938602,-0.557339662521177,0.798558172660853,0.405430457025748,1.31725523597279,0.317844262688912,0.223427758806176,1.01374652393729,-0.360751701375665,-0.202673125351165,0.213046996044503,0.580373400285733,0.326050168032782,0.0156675217130251,1.15
79247.0,1.20245616178177,0.111755462509529,-0.256302462121102,0.130824346097705,-0.134591291712558,-1.36108498123484,0.610393330587666,-0.490049415683451,-0.359926454179781,-0.150379283525509,-0.0068226156251769,0.882296402901663,1.3826371004088,0.223060429598105,0.61833136214349,-0.147899415663925,-0.234060176930595,-0.845294971806989,0.0899394775482236,0.137621568753911,0.0054179324939198,-0.0359609439015377,-0.156661126082101,0.520868883915699,0.573498793873345,1.0588379206547,-0.116647679815122,0.0048555438947645,69.95
46332.0,0.803342697139197,-0.277286603251355,0.0758389739099786,1.42751768174411,-0.299564566757601,-0.530020359548246,0.539633900657392,-0.209053546471137,-0.0187286990571557,-0.212458042602581,-0.0117315355988476,0.845231697314222,0.40441263459504,0.2300340298378,0.216969590263579,-0.808213226053016,0.272847987217282,-1.01805760855346,-0.623047937491762,0.223576619390754,0.139201421430497,0.189510627855002,-0.258110690156842,0.44328279634621,0.677688720498262,-0.289598339699472,-0.0052315931400055,0.0485343822900818,197.47
130202.0,2.05987777809469,0.099158232501214,-1.68029909872385,0.439195062728984,0.334404153318625,-0.868260482031787,0.121377853299485,-0.173930428289042,0.599861894020511,-0.364508548169126,-0.561331271093317,-0.2020547830294,-0.707690597865232,-0.683638105015761,0.328109775618736,0.265572272023122,0.607010289880053,-0.335220157016481,-0.0492579543022163,-0.214389673055864,-0.361479835843577,-0.964996627938039,0.367600834716176,0.558515705148826,-0.310987025857903,0.173513447649887,-0.064223709733752,-0.0317533187888395,1.29
134847.0,2.02393787656894,-0.356864897665819,-0.496213722905915,0.361139963523279,-0.407078178549634,-0.204001305666826,-0.548713771009296,-0.0741167083798816,1.3749159554451,-0.191927304014664,-1.44556489705893,0.756571198436717,1.17297052877561,-0.425858517419471,0.421437422941732,0.230071177360742,-0.801844143889026,0.306010862936388,0.0200369316172136,-0.139333540467408,0.159400352389578,0.768384287289101,0.022523741835848,-0.603714081411914,0.0268162497671001,-0.175504408460219,0.0469793096152753,-0.0412335400974895,9.99
68338.0,-0.483154512224624,-0.016122597789639,1.97967775062307,-1.07906822400409,-0.107174858692676,0.609597644729351,-0.539064415822207,0.321502282897342,-1.66904575866722,0.44020862040698,0.943855685810496,-0.320477515539865,0.573430477512288,-0.219430368903881,0.969791160860192,1.01894252817471,0.263293443128199,-0.680967564760202,1.87796567275507,0.373368962265807,0.184584713413312,0.39067257394328,-0.258331828358597,-0.794635680072825,0.0716848432264574,-0.0901761514007502,0.100443922885375,0.0652818864659975,5.57
134763.0,1.84310249442028,-1.59163701672901,-0.242360806100001,-0.394381570788427,-1.49765863319626,0.472284671181836,-1.70173632179321,0.271382640136511,1.13659040093869,-0.0720578949100058,-1.24399573058408,-0.461655649206631,0.412586086900329,-2.64238113372635,-0.58154876897989,1.62420875568176,1.18416110504096,-0.253002128935942,0.488730411879516,0.314982806702167,0.335218253177858,0.979907784137087,0.0136354362786013,0.43869637573315,-0.299636937172363,-0.0574073364174744,0.0641093140823973,0.0221586556795332,142.19
125612.0,1.88961791435199,1.07309853428207,-1.67801752213825,4.17326819444992,1.01551580609762,-0.0093890345376856,-0.0797056036973578,0.0640708218352963,-0.714516675807338,0.0422275201898101,-0.408402781057003,-0.929370065771482,0.0586863166856154,-3.51284546122181,-0.164612974126633,2.06985302474878,1.7333815808837,1.58075796212324,-2.33518537609962,-0.15357026465285,0.203727978494943,0.733795720552592,-0.0365597489616082,0.334305770703597,0.147171035637962,0.279556488222951,0.0316687807243937,0.0358833226413502,3.22
172148.0,-0.921759948347167,1.40742046039496,-0.595650859428516,-0.542402621069061,-0.266682548509312,-1.2476402031927,0.241589350860482,0.689227716205027,-0.100856897816604,-0.535333568789247,-1.34400976956751,0.168631481482736,-0.382871342569989,0.779902924925134,-0.397040337181831,0.178461133488824,-0.0723763782581048,-0.602161073376222,-0.0981875248192635,-0.152473843817617,-0.214620332971176,-0.679613046175439,0.169508746274029,-0.0485165715806286,-0.404282545529138,0.152356962402408,0.109349995458018,0.011183140353696,10.77
151835.0,2.01832898114025,-0.284569518511382,-3.10211261688092,-0.404706319956628,2.58831373072861,3.29811147865672,-0.489685365066511,0.796562487342223,0.631890047874296,-0.449997354194371,0.0242020233713754,0.151791996065713,-0.389421578650107,-0.970608393877703,-0.116247798155943,-0.200865376119181,0.831661532047376,-0.130704166043157,-0.181092809314472,-0.112248742648724,0.0604909830070072,0.367817231489341,0.015660463452202,0.68673627096255,0.238530771218932,0.74646480144769,-0.0357663880257741,-0.0501710478418628,11.5
141574.0,1.96158780027967,-0.890489978316791,-0.545185400484894,-0.805810284617522,-0.836464711120931,-0.0907911159730505,-0.950910850875079,0.222417617859132,1.70197192603981,-0.24957753112439,0.666105128038535,0.493320940399898,-1.24169275758987,0.193135553309169,0.190029574319121,0.235130901046161,-0.471955164870134,0.638727560150979,0.411418453936984,-0.190693363410291,0.258664535888206,0.857021304495804,0.159004765724322,0.761892190692001,-0.323221825223075,0.747800711604625,-0.0465802858001589,-0.0570740766552662,22.66
165576.0,-4.39096657462149,-4.04400530498655,-0.0079803625082234,2.19131173166496,1.63510292395084,-0.17761963877636,1.70916474999994,-0.669546423956947,0.176521255403604,0.212341865401082,0.083326953399231,0.578145202689504,0.466408175323416,-0.560710239862582,-1.22937800885322,-0.597578811396697,-0.426394900033179,0.672728921646402,1.85145415887025,-1.78895605865656,-0.400872845951663,1.90559490102294,2.43725681707985,-0.369490192390655,1.49528133071068,0.149966644010915,0.926998868820016,-0.735458862704365,400.0
144890.0,1.31376820966367,-2.40815136960264,-1.15388672945381,-0.479012005605667,-1.32898407612151,-0.13609111035364,-0.400668031244916,-0.0741696291471922,0.257777051614009,0.456163850544691,-1.11339811966592,-0.848669193493711,-0.826621428843863,-0.229691708971477,-0.197594089931082,1.02758750700665,0.439911860539832,-1.65580166333496,0.767081746228804,0.806676988065818,0.0347392773645943,-0.901943427786666,0.0770076934100844,0.560367555590979,-0.656478827377597,-0.639360488778753,-0.082984756434739,0.0367143468821595,451.58
129588.0,1.94045874643842,-0.856195243752375,-1.35066585267271,-0.769439746299601,1.42850033713506,4.02157252039174,-1.52176877546715,1.13622533727327,1.22011239464472,-0.007624522686843,-0.101834867930886,0.389296669927473,0.0894586779387224,-0.136574430105419,1.18127096694093,0.588168997154578,-0.722829364058798,-0.102557956512182,-0.439729493843282,-0.0749447804749623,0.0383965458216773,0.128855927651656,0.349833740682544,0.730630785593169,-0.563443765456289,0.50099517955049,0.0055075520953875,-0.042417794579563,19.5
154024.0,-0.348468108777937,1.07170766832043,-1.98656971696683,-1.59970623710211,2.91507246899076,3.16960514951662,0.186222265443771,1.14004714644514,0.0093311910994356,-0.504684542751793,0.102230270503693,-0.0785510218174002,-0.397615052037481,-0.714486402603193,0.161444460446133,0.232884607187233,0.40860375953075,-0.381299381014573,-0.430174020795183,0.134521351160301,-0.374741762293092,-0.913435934076507,0.134546119813084,0.5883284567565,-0.375640909569312,0.142720660194192,0.0627579183680741,-0.155083248387361,1.98
68249.0,-2.0819592216074,-0.816629548944341,0.180804028294187,-1.77540867614384,0.770376185138538,0.0767628204254215,-0.0299036089281985,0.574777724389638,-1.46740877464431,0.0892387190632081,-0.398104780093547,0.169512686903201,0.280647727214577,0.239942040876704,-1.04005978586664,-1.12512011407823,-0.316069842936116,1.23057179012333,-0.629941227923911,-0.578440651303222,-0.432481257037426,-0.543655729709579,0.567752699559099,-1.32453893711337,0.521459883396751,1.07025400551241,0.125840794667039,-0.069978013304324,64.99
170846.0,2.23725568610118,-1.27706651119965,-0.508643184160431,-1.24361969065484,-1.8137978559102,-1.61672751433195,-0.961206684060982,-0.372181041333038,-1.29511380547028,1.58120332371372,-0.201902437124505,-0.48880186783183,0.229641164697676,-0.332181369384206,-0.288387115603159,-0.893042659212719,0.851820580706284,-0.447274241309458,-0.469596222426984,-0.477371493914755,-0.110137486491886,0.210432659606243,0.340175802967716,0.9141264944421,-0.287532039939994,-0.21819225393554,0.0100599012464954,-0.0422769451114884,15.0
135917.0,-3.51653792220218,1.63924342250469,-0.30700534927481,-0.893652311695819,0.725668466791784,0.111291954440223,1.44676254293666,-0.486388700170869,2.86248968903943,3.09015488819578,-1.78619194477121,0.309022829524895,0.683558416021504,-2.00671861455992,-1.65418367041299,-0.952835288987472,-0.553436791836421,-1.08903008033424,0.695144507079451,0.738135513792003,-1.14355646737802,-0.701103843261355,0.194280715329923,-1.03908385601933,0.70248155063511,0.145905361789232,0.650962530243657,0.074185547672609,43.84
144065.0,-0.837878324145752,0.189728685066919,-0.780470865219018,-0.605770306005439,2.63038721563741,-1.5608548471547,1.26858802620797,-0.337915173867732,-0.776767312212294,-0.494250296175001,-2.141460093632,-1.3047088804644,-1.5348053350776,1.01456838144768,-0.363988338068253,-0.545840075714573,-0.401270076632818,-0.0804372037732644,0.243652340046535,0.0057032880533918,0.321970532644484,0.709095064768039,-0.59676163871174,-0.998871589390935,0.92947648344674,0.795936384957824,-0.0483963495443721,0.0883482025063649,0.0
52993.0,-2.13181207097645,0.400819488666223,0.283862336789523,-0.95380113027254,-1.27610375311435,0.269430847637945,-0.980566523263385,1.27506827279091,-1.78350395013398,-0.320965039164966,-1.38297595027879,-0.779418610288292,0.472743387505793,0.605644405650838,1.43889484651259,1.36279277046947,0.873980482164174,-1.17158478718301,1.41979792298248,-0.126931850786667,0.14464034674904,-0.184155067827545,-0.328793481481887,-0.90508941071476,0.120991655018318,-0.21199093032352,-0.432603263150179,-0.291179613367504,100.0
166543.0,0.0577747147633497,0.89433743255636,0.242284457262958,-0.624381696658808,0.516992886174975,-1.03574060170267,1.02780344164857,-0.218657299771702,-0.0898481483089896,-0.41991527762432,-0.995148015215888,0.287435181583681,0.407986598941119,0.0291899284573527,-0.433478778368173,-0.0680957278567597,-0.483341565200759,-0.746735711552194,-0.0303579454331597,-0.0141234566880276,-0.267034658757101,-0.567926327475923,0.0426119739486042,-0.106861605318847,-0.457731720922224,0.146250601685525,0.250059111335825,0.0965896608603195,1.29
150128.0,1.94798517859344,-0.564043138494745,-0.523808219653968,0.388141538095696,-0.530014975615984,-0.0061318322275814,-0.70495353311019,0.115224799257534,1.60109057563126,-0.16543275677189,-1.29701462037359,-0.075353066475927,-0.709581140305129,-0.0392386102501259,0.680838683683318,0.14851552773444,-0.492056518430657,0.325838416322918,-0.214108810253224,-0.202138960160087,0.183174179827276,0.662015281737171,0.126429957484753,0.517802033153809,-0.102642101879183,-0.23036725408904,0.0297358938785946,-0.0299945505738555,32.0
28726.0,-29.8763655139763,16.4345245512223,-30.5586968214292,6.50586178736296,-21.6656542956569,-4.94035632949796,-20.0813910746494,19.5877726234404,-3.59149104711596,-7.80059820772759,3.94783971729026,-5.4879114860488,1.36994034924206,-4.82955244300835,-0.134412095441135,-5.12116240451142,-11.1181904509172,-4.65995586983801,0.608930080519071,1.72477883837961,1.81295397464878,-2.23225158753151,-1.41280344282556,0.178731069561437,2.15604185816706,-0.20938462411377,1.25564890085966,0.364530452975509,99.99
146617.0,2.01162682030036,0.0919686220688857,-1.61049483328074,0.349892400500521,0.367335788050201,-0.665185972649994,0.0831775703073732,-0.0954237423719816,0.239722867151809,-0.207695726796233,1.27740967562482,0.831612659506625,-0.175929367227779,-0.611171632814401,-0.494928293006443,0.464483233264125,0.298001924327735,0.142472118583074,0.271439586207621,-0.15126430269653,-0.299766169237033,-0.809765564353263,0.348717186741767,0.666609864132956,-0.318765257669351,0.142592081658477,-0.0677808669601909,-0.0383458398917412,5.49
95604.0,-0.441141902896871,1.06963456568964,0.796227018661465,-0.718285905627198,0.651028669506431,-0.832148259318487,1.19603331163652,-0.545244809412917,1.80584425837909,-0.690446089881017,0.0344128120375714,-1.62919963560668,2.87995606289112,0.78820039359255,-1.77341578325822,-0.887530184958871,0.37826056007053,-0.246456800408445,-0.154219879214592,0.20523628964598,-0.0816589834925813,0.712540945533547,-0.319384790388879,0.0835001127458593,-0.0138064393499579,0.0585648918852324,0.322266305687319,0.0646976300360658,10.0
121826.0,-0.590658594669906,2.04264617565465,-1.89392163021649,0.0567776809245248,0.42244168853159,-1.51309405388136,0.296426190982852,0.641370775451234,-0.648842540846672,-1.65888331673543,1.60442976588011,0.743535173938387,0.428411366616526,-1.94685323163709,0.0291657767658465,0.981633787836857,1.89316165241352,1.92999907067578,-0.239864840105827,-0.129796863006753,0.321180923193999,0.882328071187234,-0.119487136871897,-0.129564052253533,-0.29098540626692,-0.172327033032542,0.0008424376457985,0.0676187094873062,1.0
64858.0,-0.771099271877395,1.06694498820455,1.66612874845014,0.0761611179906021,-0.347219631833883,-1.28398297094332,0.635849532631523,-0.0588249208540155,-0.155837541434745,0.0169724193962417,0.0146313879212777,-0.130422088209204,-0.562335608862969,0.203470428196075,0.887018075155339,0.0495532780582966,-0.181545448903001,-0.476882019944583,-0.206339666635884,0.169548358024613,-0.233120154221703,-0.555484141614471,0.135580685020221,0.879626108414592,-0.211342079766051,0.0474865104921912,0.375342327202832,0.18672836106993,4.49
86094.0,1.30184058202635,0.149403809002039,-0.106904844721625,0.247299017422476,0.390803275026519,0.283197017119566,-0.0288319101113518,0.0145887167146174,0.1199424948936,-0.114324289836193,-1.22746227070458,0.0506892189516606,0.650066964414576,0.163751275753095,1.37509428682998,0.414260071862309,-0.659280726817536,-0.546597324942731,0.0470279225249506,-0.0580758441893673,-0.316203763355154,-0.882614580361848,-0.0146154348229581,-1.33019945189818,0.332389188781611,0.209934460458316,-0.0150583192769153,0.0029040364462196,8.99
44939.0,0.692007684699399,-1.41933939944103,0.59207014931552,0.436511310919144,-0.721871119246754,1.98648974503943,-1.03832157746512,0.758435002666536,-0.479348435486706,0.635363838653814,1.43471825055438,0.162894870356301,-1.58656563865548,0.4422473388336,0.914723740573577,-2.41248429770744,0.994821321728315,0.225713016759486,-2.42460163242165,-0.386936091041327,0.0253878377559448,0.307800017326515,-0.0867116588811624,-1.06417593055183,0.0510403029397214,-0.126234153278403,0.0977492247657339,0.0392359341726073,202.0
74886.0,-0.50088815645053,0.806967914545113,-0.0755369550585546,-1.22070345339163,2.45248375719011,3.36554820938569,0.115609808349071,0.898971585888429,-0.452573450438491,-0.140808733439374,-0.171804936815144,-0.246234313347353,-0.0498547183698072,0.254088721377928,1.05021475661082,0.516484391301343,-0.899176060254329,0.0916560199123006,0.392543449858681,0.198958143192853,-0.266503215929638,-0.901161766589813,-0.0190457812717362,0.981968188271299,-0.0395351400197664,0.0747905058213771,0.135790515967264,0.108542351758738,4.49
166186.0,2.03952443372915,0.584622464749467,-2.53125929131273,0.542936402268572,0.889900905715164,-1.19626529681019,0.31794803391748,-0.279874476436466,0.158943070402679,-1.05333963659559,1.60723800974024,0.729493539437972,0.784012720867994,-2.52671532080306,0.316146033390493,1.06860989120813,1.29985780585247,1.82208755702197,-0.234913502064087,-0.0756539307650205,0.127139069456339,0.575983167414083,-0.128511588991948,-0.685030723708228,0.318703780885631,-0.0932773550122599,0.0209513865371731,-0.0054307798418633,1.0
57486.0,-0.591578203011905,1.31354598780846,0.550787782245732,0.847812267556897,0.635919231789212,-1.02208408633913,0.728405190797495,-0.19614658421835,-0.717458569708798,-0.671406469390127,0.608450506332075,-0.352915602301941,-0.248656626286682,-1.31795470571914,1.52712698038138,-0.344152184122167,1.79064466009232,0.0011959582718953,0.287256642639279,-0.0216000885024214,0.0326847810433514,0.131594007630044,-0.163696717835238,0.300753428185898,-0.453674496750375,0.416893629187463,-0.102015614392368,0.167130811639957,0.76
141614.0,-0.321351275142945,0.730151308942453,0.530582784482169,-0.787448452597833,1.2925738532663,-0.619395349363934,1.24380263084265,-0.46494856684744,-0.205966377468635,-0.428496508281984,-0.926136333885435,0.443226894702276,0.923018933520698,-0.304356949291416,-0.710606251851572,-0.367716593224811,-0.527245655269932,-0.819493945378835,0.128165705872444,-0.0152873680426521,-0.187079194631338,-0.307939909440312,-0.109088468020264,0.708962194233706,-0.469797425981287,0.125734724699736,-0.189765828116064,-0.0434679821698968,1.18
135449.0,-0.463912160975191,0.556077482547422,0.357466016714973,-1.07414597083288,1.49535749790947,0.165849247729531,1.17089464143453,-0.208862571979628,-0.236517986700807,-0.294915987813562,-0.521690166095122,-0.129287491846725,-0.587259026118437,0.150801312856887,-1.04024003194275,0.168283908056011,-1.01458002592123,0.171181514264033,0.913963651560351,-0.0515783038098102,-0.258103890397556,-0.58830907816619,-0.290517588783632,-1.44510548790631,-0.0129563903264877,0.311212736488909,-0.254726763226956,-0.116923457668895,14.93
71637.0,1.07647882528329,-0.36762864319253,1.671371124618,1.1961105897773,-1.3127530195725,0.301725281919094,-0.904846401196762,0.263016056752847,1.38838258417198,-0.463655491427942,-0.4528703461722,1.25022124433932,0.366081578470331,-0.971988179944105,-1.05315644096201,-0.919086701879299,0.738030427282704,-0.998348450006223,-0.291868284520781,-0.145842981200836,0.0868815788707334,0.776167569488348,-0.0480310802184588,0.71790179411959,0.415451627276799,0.581893868078507,0.0595322279257176,0.0244477786309323,4.63
43311.0,0.996138310134751,-0.686598674122267,-0.450986708356177,0.671069405431513,1.52912942692488,4.41986648351554,-0.919196919940234,1.12725847291129,1.12927501179372,-0.352751892904301,-1.12004716295252,0.666510405603668,-0.391002952464015,-0.58571052024411,-1.74366556100399,-0.510062880532039,0.0056198581800889,-0.426633109944298,0.875960906501258,0.131335674724953,-0.440598708859167,-1.19767104350884,-0.0625512655559895,1.00007478162393,0.619537706866,-0.533430536705012,0.058635479814972,0.0414853630295346,104.92
41584.0,1.00499694865116,-0.30346470025781,0.260844827648822,0.696737230705413,-0.544736950003154,-0.50267861985861,-0.002984681645198,-0.0215446231050223,0.299744755909007,-0.0955985010876101,-0.330357635031892,-0.417117780719525,-1.20292243318642,0.561919012271567,1.43991267912432,0.025463548378941,-0.0489030066035556,-0.514296061874685,-0.634038175034279,0.0053833009065134,0.0853066746403943,0.0056213861601037,-0.0935179952201033,0.0801152563432402,0.299916082796531,0.403196221707687,-0.0444446530424757,0.0261969795025604,113.62
117272.0,0.0476030285531107,0.721954034127041,0.197497151125101,-0.599730965921218,0.333669879371424,-1.0973551251568,0.867708666941223,-0.0921306284219128,0.245197392615057,-0.353603178001446,-1.37124656030586,-0.883926578474832,-1.79627562173215,0.468477855461221,-0.191126132365535,0.0349168987975802,-0.357081447788547,-0.47603068068947,-0.0152653005968223,-0.152786115428284,-0.291531394104786,-0.749248621140666,0.0706824509182459,-0.167224589255302,-0.531910542806463,0.153655320855197,0.235310645986801,0.0920908495773223,0.89
23094.0,0.965068011048748,-0.625201432632735,1.17050207679916,0.294082204500883,-0.802384542589204,0.937260989172856,-0.959643940405493,0.414148618063519,2.29755778065253,-0.75526837179438,2.2127393026968,-1.35400494285416,0.957915582659875,1.25494384600567,-1.16713262408416,-0.510359875379764,1.22195289770105,-0.697414962651445,-0.188081087996832,-0.0834627757022892,-0.245596005588121,-0.331661735527447,0.0924752538092443,-0.272799845311273,-0.105309623820728,0.940655525659428,-0.0462527222192026,0.0005800028373851,70.0
76871.0,1.29129956452804,0.0823768112271599,0.0438889211697954,0.409227641973204,-0.0987703826585541,-0.426758774756112,-0.004760264580401,-0.0850811657529202,0.270144562596664,-0.0430577534359344,-1.29494446518722,-0.520441176960954,-0.553081034103295,0.391911716496001,1.22386565726379,0.648717702079616,-0.72886066570954,-0.0804691863031008,0.261253710742588,-0.0858387759483765,-0.323461233255435,-1.02744176672034,0.0073730374412627,-0.643004196206665,0.309196357500513,0.15772862946661,-0.0411653401907658,0.0102312228856757,22.13
118210.0,1.90811598841206,-0.456354050941276,-0.955434888802316,0.417351046815173,-0.242982821846714,-0.266908895082337,-0.30635238510293,0.0718286958882349,0.689473332193255,0.273384947998386,0.64308512679279,0.300869151821919,-1.33340823511733,0.577477773841081,-0.253837856368657,0.357922995199289,-0.604192212941428,0.291906915074984,0.146628271174511,-0.17705662756245,0.0238171403218778,-0.0072923216077808,0.227992642064492,0.749650746416738,-0.277875242524697,0.170334023663821,-0.064917633755222,-0.0513417071843654,48.95
68486.0,1.30487225080386,0.200051891663532,-0.425744858891345,-0.0111993040437721,0.125317008808263,-1.09962162205116,0.544748780833549,-0.442768191050649,-0.299932254008069,-0.129042049102899,-0.476929362969474,0.641709476141753,1.32142073900059,0.213750429318988,0.665112369702021,-0.00103217843107,-0.407711833523197,-0.673138363621546,0.289686434261934,0.072835449059235,-0.0500793894833679,-0.119827502936703,-0.186380817769505,0.0022511778907949,0.647710252873525,1.09458587514851,-0.111522687538391,-0.0067280616727085,34.95
122034.0,2.27023453002636,-0.265194544198841,-2.52037990549731,-0.528174184685659,0.517392192805928,-1.35430355233641,0.61054624480633,-0.667739567811933,-1.32045914198361,1.00479121110134,-0.916040306135043,0.26441876478992,1.07548931493274,0.466798306026006,-0.452667726603083,-2.29155686097482,0.0845502055585216,0.529469439784685,-0.634925307043534,-0.542371925642907,-0.102396512569083,0.36367467214904,-0.0771590755051446,0.808859429121769,0.566861453423834,0.984436558997132,-0.120271255829539,-0.0832786625277407,10.0
171924.0,-0.731471993593282,0.674122001113288,1.59881928175873,0.519904565286081,0.35508205184121,-0.130190306763593,0.625224799019672,0.0775599225188251,0.3679619500439,-0.740327642377187,-1.59672846868343,0.0627679578724391,-0.780630547875046,-0.294485591234405,-1.47091714001366,-0.496946316734494,-0.0519738834398458,-0.734423877996827,0.131935679696046,-0.246740882514319,-0.448804070291168,-1.14932124575399,0.0021282866374364,-0.175474297879524,-0.268457831360378,-1.10700884348826,0.0510249603297263,0.161580309357169,19.45
76257.0,-0.772120023010047,0.822636534832242,1.5540747256209,-0.362286384559736,0.59595810554949,0.107442823357118,0.909838873784694,-0.24512481363374,-0.0711106233894929,0.661056464054749,1.45008027618296,0.459256178238218,-0.0347222951486025,-0.1824712077468,0.521404305591542,0.0137383441521576,-0.713479263253716,-0.283801400184031,0.0560135759941182,0.297726701779065,-0.304846688168614,-0.40375160480042,-0.12900175844535,-0.323927582337769,-0.267344772225681,0.0408524279556677,-0.0488984203657521,-0.275368452401097,30.99
18694.0,1.5754990718094,-1.1010706370513,-1.010823067249,-2.29666287724356,1.05433763605077,3.28286769226736,-1.578321034356,0.665849776351131,-0.700117722594654,1.1286324569684,0.704819296960498,-3.53386886559558,2.13900233310829,1.25914117368134,0.0124971305539366,-0.106320953909412,0.738667801853609,0.671064594651598,-0.0761336828149268,-0.241954625829521,-0.416793444791989,-0.711488174519548,0.0092919019966844,0.920815948046221,0.524924069285019,-0.230024649350609,0.0056000041064918,0.0081605916485074,15.0
126669.0,1.98862477826614,-0.146662704162303,-1.02311292105369,0.321212411558653,-0.119613646986874,-0.853784875774466,0.0676295747582494,-0.159364434481822,0.300765040976861,0.235000971255542,1.05291525772513,1.07988032018718,-0.217456917988484,0.520332896332657,-0.598492843761055,0.0175546514829062,-0.441282846145334,-0.466978163846126,0.330575356046668,-0.217149589340963,-0.223240990173703,-0.566504613948546,0.339851050213965,0.0134339095392851,-0.363895217767215,0.178099925153617,-0.0739897011503084,-0.0687781716255708,9.99
145557.0,-3.02186974727536,-0.833332491521625,-1.39480085533396,-0.336336181083527,0.431524108422639,-1.29571002018054,0.123993235385861,0.494168310589218,-0.345861752884795,-0.181469286354305,0.29217980898693,0.872068238330771,0.314264866487003,1.0142461910837,-0.379769492340429,0.775961763074348,-0.703100206809093,0.478771292507162,-0.0533885350796992,-0.652654389794301,0.196372292195218,0.884796660033624,-1.23771709070107,-0.121138871675561,-0.702631364921156,0.667778630082871,0.821542533285595,-0.624247178897092,216.59
36967.0,-0.524725066277396,0.902407575994838,1.55178361292208,-0.187381607424479,0.183742928988798,-0.117170960790542,0.510485999557932,0.225591066037897,-0.644781661811836,-0.185145013812348,1.5039934045791,0.679628730907829,-0.156549904935902,0.385512998219922,0.4102843024988,0.106982690505137,-0.36114117342593,-0.292670794130227,-0.0542884317746006,0.0859068759054909,-0.145377624730014,-0.37713186669767,0.0094768561974202,-0.0041788565010433,-0.2969430709616,0.0837802652664169,0.2751803946991,0.10803106340118,6.23
67826.0,1.31575275879597,-1.04981124254413,1.64547622577605,-0.173363012900628,-1.9952602972784,0.114118636014202,-1.57881929019228,0.238876689667897,0.756464373607995,0.271245589588746,-1.21177754379918,-0.253788303814811,-0.283880015620936,-1.33472352908933,-1.3397113368634,0.572606887511015,0.909262560011153,-1.32802859741092,0.99182062406828,0.0051418654506974,0.134215870355509,0.741208427055497,-0.0847827927944906,0.460157550910722,0.470966519876207,-0.0446902120298472,0.0847401371441672,0.0262138533032595,1.4
46955.0,-1.23391936593775,-1.00736688071192,0.849745566998905,0.0414485737769763,2.29042265658881,1.54181488135189,0.0864490569065566,0.647949480134582,0.164118964428954,-0.485118253580961,0.688516834127657,0.214161656731366,-1.67728314964143,0.242707672169905,-0.531746280031359,-0.93118476740035,0.202258679820445,-1.45254946449916,-1.92318701823891,0.0945054326569106,0.137447314333246,0.258399484260627,0.24193971292966,-1.94016628348031,0.0096621715642106,-0.453429396191046,-0.161244921328229,-0.232821119437348,96.6
76912.0,-1.51775281367518,0.651199108781549,0.983175813773417,-2.73527134194721,-0.259353287775763,0.870626480634004,-0.336454889091313,-0.252158440093273,-2.22762532395603,2.1581135442674,0.365646930880622,-0.315647249826203,1.73895865044393,-0.884855793063501,0.0118379428975794,-0.441017114138482,-0.0307868599595074,0.403326983317307,0.469073022258531,-0.260137523704222,0.0524165153649799,-0.0645847392797432,-0.370276894724256,-1.34480240863434,0.280362284484817,-0.225542821548588,-1.42932472961377,0.0206229240333095,10.0
54411.0,1.14931888909078,0.301381279437682,0.394600936414389,0.571272353611764,-0.164918453827793,-0.375752131423729,-0.035678112161389,0.0268303936130381,-0.354803458484985,-0.181202681575159,2.15871277130332,1.46071935294131,0.810057628214747,-0.193555864563652,0.551667604377297,0.289868598549854,0.0548821735837761,-0.406947811009487,-0.349808354130781,-0.0541087004217867,-0.184375311160745,-0.508391080489117,0.15956384633173,0.203984394253193,0.109196964554448,0.0912475706905788,-0.0061119196036478,0.0214904163667925,5.49
77861.0,1.27445203378864,0.347971729676691,-0.0552418807726726,0.437378515980191,0.301378309448242,-0.102299894391801,0.0478633840374452,-0.0596945695751077,-0.0427766829923125,-0.350254027704323,-0.450569347574555,0.496777340363945,1.20639321056427,-0.479556337618079,1.31356551520857,0.390884316562386,-0.0810176314242021,-0.578952313654891,-0.245738951711465,-0.0322438830580974,-0.305872533145969,-0.799893017577941,0.0455073032677854,-0.783815014309756,0.284521364986686,0.173420767246441,-0.0019615722190675,0.0205881606664949,0.99
41784.0,-1.04255931827825,-0.373255013350121,1.26218918177587,-1.77746357638559,1.35784275131202,2.01119189288211,0.604387056522923,0.409061756565049,-1.91712155736555,0.0724819044936122,1.11273106565889,0.33540213667653,0.408008144875541,0.145515408076751,0.727952331467985,-1.95211726917454,0.138013859414913,-0.514602013408891,-1.96462350384224,-0.181616037535733,-0.6804657038935,-1.63986358971404,0.274799094659623,-2.27739294318571,-0.185977944872698,0.049504578122089,-0.153502620513147,-0.18227672339593,112.85
160408.0,-0.438558599236028,0.0869722624089506,0.38815255225896,-2.97994870672003,0.603956702407076,-0.22220254881054,0.834506591163797,0.0068937204650804,-1.52515453081234,-0.269646728538675,0.337722242101925,-0.510377680870488,-0.432147153427195,0.0664582826844433,-1.55565877606749,1.61745016470467,-0.631239931076742,-1.16438319443619,-0.11014617757077,0.0263604127051498,0.0496767024074845,-0.197277134053647,-0.0631726529841103,0.173209389883751,0.0162080423774826,-0.644822717793412,0.0337403203311715,0.115619299277857,55.77
65726.0,1.06395788833352,-0.489548341242702,1.12552776343238,0.165698883129454,-1.081971365669,-0.0104261273742526,-0.598287316767349,0.116606784560987,0.751046141720812,-0.345199586739468,1.11570290312394,1.92811876603557,1.14505570634391,-0.594410133108155,-1.13283793587483,0.0256455778119548,-0.17647357370423,-0.284674922685528,0.73021396966594,0.124694588925263,-0.134906732512671,-0.227569174981256,0.0046089176069172,0.453093893274761,0.128636656178567,0.91483494295914,-0.0397460330222034,0.0164150104862634,63.22
37065.0,-0.530284563036642,0.110044191454911,2.26100272521388,0.146174957775251,-0.533679731392388,0.474649340498265,0.280557777447162,-0.0910346601689574,0.534441926341035,-0.418429768686158,-0.373008033631535,0.776486282399869,1.06160153675418,-1.01701297986528,0.187783186854752,-1.02047710327156,0.604274644642575,-0.943693289707301,1.23542285399975,0.202264095017709,-0.12313396384683,0.173465256706029,0.113377450650577,0.198932857407273,-0.71594123038238,1.00354943795204,-0.129957128582156,-0.0899177367711273,72.81
114003.0,-1.27886525584602,0.566725431221509,0.543100784986035,-1.23363429442673,1.96107738303644,-0.452520722935452,0.877219492911011,-0.0424976343880686,-0.17100196817439,-0.731454565182167,0.340595003571595,-0.657633633251024,-1.69806848728081,-0.778338614809553,-0.795488538778385,0.801151597582886,-0.184396380300585,0.574257260057492,-0.0047924135069736,-0.0406713583873039,-0.477685389881014,-1.24696828158174,-0.499126386694384,-0.03351093635954,0.601182720403026,0.210584057849536,-0.0377409479756682,-0.149132535014992,7.99
83904.0,1.42432507892969,-1.07044111366786,0.685328860846874,-1.31155817637941,-1.695180568011,-0.882234407863927,-0.980115437928897,-0.222291300249209,-1.84099062548583,1.37633265791753,-0.322550592645069,-0.502936073114603,1.17808129585094,-0.499028093668967,0.69007545398683,-0.211553095236177,0.388059979130587,-0.152316829296764,-0.254728930029983,-0.199299116519324,-0.337169636979634,-0.680945351412602,0.135470060207179,0.353948255920372,0.138904999364611,-0.416554388270326,0.039479287074586,0.038328266235189,54.0
122270.0,1.86510217090672,0.394507892052327,-0.642936060069466,3.72232141545184,0.556803311196319,0.676408484568712,-0.0435616620342628,0.161355132485351,-0.892785405003525,1.53671445266458,0.240587575983801,0.502725702895405,-0.303599734811564,0.203993453035306,-2.12938899292978,0.608733192003921,-0.70908794372777,-0.0800431864801004,-1.12478784454207,-0.281327901538936,0.128658145382556,0.478911376967576,0.115866790252625,0.696584468924498,0.0987872610932641,0.0472988133813085,-0.0329318296759367,-0.0540884067889609,7.56
28745.0,1.05396096469595,-0.39008523559181,1.20162361641721,0.438047211833921,-1.04858529235974,0.106448141084639,-0.802894051337001,0.196317204554956,0.442741796887572,0.0121328466669821,1.07571581020295,0.983630256446096,0.714964401864071,-0.12443772610945,0.888972185727606,1.13170844085946,-1.07614913984542,0.959112161463945,-0.19529340875782,0.116147548503969,0.293502614562127,0.742737799435613,-0.144053718836619,0.0848111930832231,0.192749098690543,0.571022952373644,5.49833080613514e-05,0.0296377573451984,71.39
61649.0,-0.335276235114878,1.00633614691304,1.01124684142844,-0.207709750856934,0.351150148119037,-0.285328166237773,0.53852085700326,0.163478814830469,-0.486260942415642,-0.317731204835984,0.735663516140572,-0.0430715208399974,-0.647015098483581,-0.114705697669662,0.331438598710671,0.816897339018097,-0.446478049485536,0.679047437014407,0.463151657011177,0.0946346709367059,-0.266811759435479,-0.768884591407985,-0.103985786721831,-0.430189524189787,-0.12625079206994,0.0997704051623037,0.235886965085907,0.0793784050856845,2.69
43414.0,1.36971687320736,-1.15711576130963,0.611116275013919,-1.17138821393213,-1.60942481910791,-0.535264962831489,-0.95313988262892,-0.108699843557291,-1.8989287976036,1.42556807721671,1.20095921847437,0.567232148728719,1.04648772787212,-0.566385419621752,-1.44301741583023,-0.825289673380011,0.714180201586398,-0.0907251001273621,0.371781698448681,-0.221098236735841,-0.284315705322576,-0.34521341041657,0.0161702126147236,0.54370191779077,0.402549940241926,-0.279626362962328,0.0341483422449966,0.0186659959700212,50.56
78883.0,-0.302234873436723,-3.64980488453876,-0.338804121854506,-0.135714938959007,-1.52276089606518,1.54746914357623,-0.168734202777659,0.18243484629955,-0.184580531201251,0.100509930895762,-0.0365811070588236,0.292560216133262,0.65308336783304,-0.641425579627104,-0.956840870215674,1.13672266824429,0.232580707148473,-0.917270365952631,1.0822481987796,1.83430022316728,0.51435371679253,-0.264734811061484,-0.902630419328372,-1.25987190431788,0.158172769597426,-0.239789596608114,-0.0946474217286472,0.147521214483766,865.58
112193.0,-0.0950526981046863,0.625802099569832,0.24251608786998,0.835313248787523,0.533963250308778,-0.124675819055161,0.322387749122281,-0.187659047115936,0.326447536040841,-0.0337366088271948,-1.11395690660655,0.0862962386589988,0.0998747378455164,0.105455869681889,0.927092863996367,-1.92618758241465,0.823690166598915,0.261491116033757,3.10058533136243,0.0945580789880413,0.230841056059694,1.01995959594821,-0.282970137034458,0.746393385357501,-0.452189138120751,-0.0871738748391399,0.0513409152398244,0.220610048484649,4.64
35841.0,-1.41179551994335,1.35580514996163,0.696537911227059,1.32645191804034,-0.639847750292876,0.309326084106202,0.24837349629784,-0.25048855427374,-0.0415733754702164,0.032705239519813,-0.928486784487722,-0.230536199579872,-1.20897571769555,0.49682401828388,0.330255908106489,-1.00729963066472,0.896876668251851,-0.505685052538552,0.687033325181842,-0.183259049889705,0.680795948273492,-0.108564929439079,0.0904914548516242,0.0594289469709245,-0.012748551710367,-0.199419317182551,0.529446952548994,0.156442933034454,98.0
139188.0,2.25530393677951,-1.52104971090211,-0.756798980107302,-1.65921984465676,-1.37293176340702,-0.334781749948756,-1.37883877165039,-0.0176020828634606,-1.1829115056314,1.73657407708629,0.16386064245748,-0.501943466823347,-0.0525422491171904,-0.273955853512227,-0.682037903124522,-0.0831812787581064,0.0496297436315969,0.720778214985683,0.249554837262987,-0.431776338407923,-0.125282749379454,0.102476282378407,0.189334133844015,-0.526102488500183,-0.269883176042882,-0.165149225438736,0.0177433819162815,-0.0593489520071976,22.0
53518.0,1.13758920728592,-0.610793770365206,1.01130755244392,0.726259157963208,-1.44721998372512,-0.558740023689362,-0.6171762537536,-0.0931032095315268,-0.518615082781934,0.654760589541237,-0.582643056558829,0.287402358357058,0.531269217684456,-0.288475806447478,0.262647430046607,-1.55045682698381,0.041005682121072,1.29210196260559,-1.26152128243829,-0.39184651434417,-0.175431490601335,-0.0081727270320263,-0.0771962455330749,0.715494625139412,0.46613846868174,-0.251454514853128,0.0671398582992508,0.0504624046871424,79.0
85285.0,-6.71340697159693,3.92110415204576,-9.74667821737542,5.14826254938013,-5.15156271985187,-2.09938865681113,-5.93776683170198,3.57877960420447,-4.6849517505833,-8.53775768653457,6.34897930341209,-8.68160893168352,0.251179384774619,-11.6080022570993,-0.351568782034355,-5.36356643348466,-11.9390915052116,-3.58360287020043,0.897402406121681,0.135711322729059,0.954272201927517,-0.45108644858101,0.127214424071711,-0.339449869297565,0.394095513633807,1.07529509891805,1.6499059092424,-0.394905372194808,252.92
40128.0,-1.00242132167404,1.25212665426974,2.94378796782288,2.22884246647574,-0.316381784664511,0.569983646430619,0.244996056886999,0.136303328662557,-1.16098423583023,0.368334836936463,0.0836258791861319,0.431094289373937,1.48619537583494,-0.465024249255224,1.24623963792522,0.315817848243711,-0.243035297109697,-0.289563333460094,-0.856664338951505,0.0353739221910539,0.223742914354216,0.645759453751927,-0.17067313898691,0.428979863769959,-0.0316279151199408,0.104934711499378,-0.126918131443556,0.0922618939462822,38.27
147464.0,-3.20326022205127,-1.90702774350137,2.03009979711958,3.50422650824898,2.76179873866501,-1.29627474493679,-1.53006024645215,-0.152207453254338,-2.53925994471036,2.235665769145,-1.28923555434168,-0.248358627873618,1.51144633214147,-0.442830731635699,-0.210086480710157,-0.886690683530807,-0.286071807043149,1.04261977856676,-0.975081520771371,-1.52635221140458,-0.696923743859377,-0.606206831496153,-1.26731171512126,0.0914837207657679,0.210284526196747,0.235536858017102,0.576720008695225,-0.186518382488287,101.65
46149.0,-1.34650881762975,2.13243062687771,-1.85435531823997,2.11699770636107,-1.07037837875552,-1.09267135682306,-2.23098606430574,1.03642490791919,-1.89551573571367,-3.36401057980002,2.88704787664695,-3.78445965821089,-1.28890425847532,-3.98562600822203,0.531838297985603,-2.60370264991872,-5.15759639749234,-0.696010004579956,1.28596139472532,0.221918669151309,0.609508181503446,0.202874284952422,-0.0607913872259794,-0.186733353366053,-0.0174012274970924,-0.283751034119116,0.395451049081013,0.233138575967241,1.0
40086.0,1.08369268125484,1.17950120574809,-1.34615039129229,1.99882440095464,0.818034176163642,-0.771419407716543,0.230307373480955,0.0936831311994367,-0.167594341704434,-1.95980925751416,2.80433477984687,0.312424168769405,-0.595976467281167,-4.66257695501824,-0.299515020029103,1.00141391934549,3.90282478361756,1.61960922680862,-0.888087464222472,-0.0601585380014646,-0.311999618117422,-0.639699711353317,-0.120249014807271,-0.180217694458199,0.609282565276013,-0.339524442352566,0.0967012906089022,0.114971915513805,1.0
116426.0,-5.60217028163577,4.88623182734735,-4.28116139880846,-0.721403230139264,-3.09048348848479,-1.80246164076605,-2.43167590677365,3.94246712015814,0.330110088789685,0.638346129317892,-2.07218689008286,1.75907346848103,0.619308220448676,2.36366196624254,-0.602194584746635,0.84819817342766,1.0851259605401,-0.563143583639763,-0.438738424706103,0.2143845160371,-0.194462360781439,-0.894051756765824,0.603761841044878,-0.0007070118092838,0.221317285027524,0.174038900930215,-0.115257705485599,-0.155507232480062,8.99
8040.0,-1.18829744571943,3.20435322993297,-1.7075119533368,0.830825811548231,1.82852009070026,-0.982126387079033,2.04605535753979,-1.53010983436607,3.82024620948826,3.61570842741394,4.6040375645083,-2.59481804956034,1.79327644436506,-4.32168971400585,0.217070218686666,-0.181924818501918,2.69061950009744,1.37464442343737,-0.994893246500503,2.05472588532323,-0.947996815452596,-0.0906680810080739,-0.0548655200274115,-0.418848466156393,-0.213235043280996,-0.63399967525876,-0.202211557887198,-1.41067487982064,0.89
72030.0,1.19462115412532,0.237421295329357,0.0922428023334302,0.947946338232988,0.0817027096498862,-0.373910817310423,0.238940610927417,-0.214935124718824,-0.0711613578863166,-0.0599220406977952,-0.915279794684534,0.573013652105276,1.37065594967891,0.058481797545932,0.959577557017786,0.369180205188751,-0.845607167790864,-0.0273547619664887,-0.0808854660174889,0.0659152777122597,-0.064755988405778,-0.212163145384828,-0.182423453882624,-0.439529054702513,0.674839918761021,-0.395729026113276,0.0194839627259646,0.0284198115948868,54.99
153046.0,-0.754933939124322,1.11768500323475,0.0180181824013951,-0.673217391288279,2.2079620663105,0.935197403005908,-1.10520317087382,-2.11086684955444,-0.244066051146618,-1.03126087357724,0.0248822729795163,0.887613958724278,0.881050113196234,-0.81721515722435,0.763849844433847,-0.508498956716313,1.38602917336197,-1.74809863610416,-1.19045697182065,-0.574946569292637,1.9150676095621,-1.97350203070259,-1.44905864209821,-0.579014632188885,1.13163327042106,0.507647211605696,0.183632802267844,0.196676175065234,1.98
127157.0,-0.335184306573624,0.48285217639194,0.742958696508604,-0.577091327987966,0.607805729931208,-0.460894851798127,1.11053707271444,-0.737622366097773,0.758039950097964,0.0527967738021825,-0.238322855612366,0.782401321241981,1.26261704990493,-0.862135028852962,0.0142305873313822,-0.452585107025586,-0.725226256229096,-0.464183810592221,-0.452738888953356,-0.239312738213587,0.0252807190271734,0.652235615087543,0.1330997286442,1.1229893669687,-0.306402037287492,-0.559992363434818,-0.695872364895695,-0.496800362283938,26.63
49999.0,1.30606958239505,0.019588985220637,-0.170293611407184,-0.402369889986645,0.400837157718202,0.474227774768114,-0.155830495576089,0.0843285036312108,-0.145128872851509,-0.0305639044646591,0.642767524847077,1.06158045614112,1.26652158082164,0.173247229603298,0.62986170108344,0.546612772755318,-0.849630952849955,-0.132069891533173,0.438790001545909,0.0125512891277355,-0.108138323076232,-0.238614756400263,-0.115943186758181,-1.25772596644439,0.358038184364047,1.02205328376979,-0.0636516242875664,-0.0209915324476258,1.0
54078.0,-0.855491120733091,0.33884044068583,0.817797500109774,0.539719505703932,1.97217006579362,4.66186259957671,-0.56931773248837,1.13198906075441,0.599920583708392,-0.202992662153498,-1.1136243605231,0.276910127808403,-0.387802157469831,-0.783835503023634,-1.30362813521507,-1.00288849787621,0.377675217230056,-0.194091149421777,2.0627353661409,0.0400493387505521,-0.43081904444285,-1.04281098313088,-0.105238310368038,0.999326019584225,0.510255105185702,-0.373364987242218,-0.345101821051544,0.069986738017034,16.44
49929.0,-1.95785138195078,3.67719318591842,-2.53044724899439,0.703471061472116,0.69965320685803,-1.80926566399254,1.41300584090964,-0.774911009333741,2.86002999101168,4.17593246628671,3.00293613653858,-0.96840682977304,-2.011227184342,-4.81438736787865,0.862037642605013,0.413144719519389,2.20468693145786,1.80789432134843,-0.603443677956841,2.13108496663254,-0.706855599809777,-0.348310611414269,0.140182384733303,0.0861070264500139,0.0440857194300914,-0.477411049358936,1.04866725859585,-0.0425861052610324,0.89
154720.0,-0.266181419622146,1.05573785088633,-1.24701881970597,-0.624035673501459,1.47172192791233,0.0187351022317146,0.915247505430664,-0.199240589382409,-0.0549135001848707,-0.413633203031011,0.272668044282648,0.0564467985417793,0.224606707880175,-0.973233344453517,0.145652120057472,0.571982426411052,-0.194088809863239,1.57821620716905,0.558900725833562,-0.215183601087362,0.303201312834083,0.904847267883365,-0.190735625853102,-0.417982317970095,-0.265341629608432,-0.185825589542368,-0.342564532756069,0.0804710097659571,24.9
77310.0,-0.732152733291916,1.0421210761363,1.36128889076443,-0.184287436294404,0.75878871242421,-0.444645085911876,0.883897630107936,-0.117044222991403,-0.47318464498044,-0.605998682480662,-1.27120492768212,-0.0815039904684691,0.566608492213601,0.0059252025536503,0.390467571827061,0.533806608589978,-1.06298250201617,0.133663101426624,-0.59010669767825,-0.106942419809069,0.0006301694894021,-0.0795402617941129,-0.303314824368044,-0.47237145866573,0.290781758193442,-0.554477591377308,-0.0489230981389982,0.118653472648661,2.49
60995.0,-1.26253147395372,-4.15323190420931,-1.07528056770358,0.866288555752237,-1.73393133478341,-0.0454812572786526,1.49711883394056,-0.298923245926947,-0.138503386801063,-0.639467557528253,1.81711695642321,0.926364353873904,-0.0934993477576842,0.818377382185912,0.817830845045578,0.215317704649999,-0.129880745497045,-0.118099437273313,-0.528980574754102,2.48352198569563,0.878188915793643,-0.34090273953488,-1.12614412715743,0.36591777634068,-0.229625583883127,0.967256736599776,-0.316518846166534,0.210000053196421,1279.02
139992.0,2.01185243133228,-0.160838686381982,-1.02279122643369,0.330832326998622,-0.207849104916521,-0.962735057411965,0.0259900259391882,-0.145372383512277,0.404840806466067,0.267038446204589,0.895180019039197,0.703514871433401,-0.891558030137645,0.647725823293597,-0.573471670835957,0.104148229292538,-0.4560860991995,-0.299781866248572,0.406223843700034,-0.270730217781685,-0.2411519597145,-0.639545695501484,0.349391699711599,0.054071770707476,-0.369920472474262,0.175537274509172,-0.0800509850681989,-0.0709725928352101,1.98
55407.0,-0.902820050004819,1.74439658734868,1.7277716971395,2.55166875662319,0.221096002750267,0.410087299887642,0.404483968011613,0.212961987537414,-1.93763192745318,0.946264515039744,0.97833864576593,0.597004603624674,1.0853003861188,0.307946045025757,0.508616601548926,0.159539907034551,-0.332914468759292,0.657082754660833,1.21344431090332,0.176188138997142,0.184812894022117,0.481798485859139,-0.383801582104434,0.0379041425284693,0.275599946345504,0.300108926428963,-0.488075323531903,-0.211380979723829,2.28
36829.0,-0.917716556190243,1.08284022088734,1.76716481595845,-0.0722340638760149,0.10866844791624,-0.941623405584201,0.75478862598309,-0.104347801960875,-0.481150853091247,-0.291644317289087,-0.438625693700558,-0.238388600194427,-0.243313266477821,0.1894448359381,0.852543356073426,0.0681770390815129,-0.293806097772626,-0.32038716840915,0.124250406613454,0.0829669207052969,-0.192007358976499,-0.540569493373024,-0.233614953352335,0.381520315279365,0.261168012441487,0.213230921029417,0.132210708489495,0.112544905551842,7.81
91806.0,-1.76394185977149,0.446262519353406,2.16140968827279,-2.60686996405597,-0.383245077827099,-0.135535197303976,0.0728917322973266,0.0498064253394933,3.50296501850422,-0.791728531649974,-0.847194515841876,-3.60944881469882,0.122722379590929,0.598561535334906,-0.123038391493804,1.05110178436855,-0.607028143081475,0.979259008142857,-1.220950989688,0.19004934615323,-0.256614325992688,0.116370589732417,-0.427285858606184,-0.707666911086328,0.62810226581293,0.639903747389886,0.397385605925572,0.0957230314624763,47.0
153966.0,1.8333234087561,-0.554157323758914,-1.97214701648251,0.317144161710392,0.462242436099513,-0.208238327018832,0.314364410649388,-0.0859295310445598,0.344158338459751,0.279278287202068,0.0651569808355255,0.0396074343080169,-1.40430432743647,0.870520379104358,-0.571050552267155,0.156348231855533,-0.646410511605294,0.150785581873635,0.592820536494069,-0.0050063729677973,-0.0603076713432194,-0.447855886419987,0.0292350303005174,0.080563872107358,-0.0118492496639055,0.199957260602342,-0.117675083494166,-0.0569253898666042,133.6
90869.0,0.60512059789383,2.13779526200366,-0.584327626920291,4.80601178511827,1.92605756411028,0.440297508931332,1.01030868764381,-0.476623775464332,-0.0504202896449905,1.06957611442619,0.119230613826762,-3.8651523778257,2.11436779994751,-1.68509110959976,0.0350854178158871,0.666457775785184,2.50568275860035,1.23703097949282,0.857259612306424,0.57190046163771,-0.750997971493871,-1.24371567680381,-0.0091567544668731,-1.41624696391418,-0.606659442203695,0.0248348103606383,0.0642544564507217,-0.312505736866407,4.32
82792.0,1.23444395129364,-0.891418726964284,0.729484296752354,-0.383660195252578,-1.19248001225062,0.163965482500034,-0.830613945539207,0.0716040525407059,-0.381956734512766,0.536545434920887,0.41220428271391,1.38697052632174,1.14143220657716,-0.678342233784323,-1.77774829164542,-1.69991242321229,0.154961916699356,1.0737622470411,0.16482221627523,-0.33179462341349,-0.461482334502279,-0.614559600273704,-0.0586491536257865,0.0959225292481617,0.317799231660755,1.06037227609318,-0.0258867873028537,0.005752194058299,50.25
151927.0,2.28794946985206,-1.64084199094376,-0.354228111646158,-1.70285418180176,-1.50426496148559,0.254707956841088,-1.84942970808841,0.120106807682884,-0.570944466574899,1.50091601448718,-1.72069803291849,-1.11625021269936,0.518250329151974,-0.86115905485068,0.410891630477562,0.221718561668204,-0.0098422624315722,0.601346548009017,-0.119169158368481,-0.376863275431572,-0.184749775823543,-0.0538740273272368,0.304151319719916,0.0425103778700381,-0.461621919129718,-0.2480140856425,0.0553154024195019,-0.0293506153263732,18.05
79605.0,-1.26832013208046,0.84989205392798,0.648320622299335,0.986893746845429,-0.196486330039511,-0.245920844699217,0.702636058577635,0.23625186395163,-0.671177344106295,-0.301335521766204,-0.421936728190393,0.0504528862859903,0.0501055775025669,0.594388269633256,1.30099096621935,-0.442240778939375,0.212261126233359,-0.299667664033619,0.123217538941946,-0.413879582269887,0.162070535292078,0.664846986723137,0.334451734439191,0.0924293339187154,-0.218020759874023,-0.302602892232165,-0.044678678678974,0.007973122285186,100.0
120576.0,2.05806122466073,-0.0234902802692532,-1.98498762111807,0.32299566391783,0.557728848131383,-0.584730319725039,0.138998095425488,-0.14839006310481,0.689597186124482,-0.359175395929507,-1.2365712135721,-0.59956291423817,-0.902486861038655,-0.658297142429184,0.36568708802506,0.529045956630934,0.337299660571368,0.0067308545150565,0.256356734047907,-0.149201439172002,-0.39560111522728,-1.14726517253463,0.260406240748992,-0.0378217327465677,-0.231893639053596,0.205996929808032,-0.07572120396372,-0.0333526387272341,29.99
66856.0,-0.38578553170202,-0.775208720718892,2.55784097919479,-1.62672473076672,-1.77278493208275,-0.483265193081829,-0.913807252077184,0.121462555476996,-1.61391865822106,0.779924148287145,-0.880424681285185,-1.19670685290314,-0.286954322876345,-0.90261658474572,-0.407189342070511,-0.681663019110862,0.909439348802804,0.217624541479606,-0.0014601347042785,-0.230642724778936,-0.109415218443856,0.11090424654286,0.0367114235566529,0.6890732184702,-0.329436395623213,-0.261468262452003,0.160090475478795,0.137699671152334,32.0
170175.0,-0.273042367557099,0.859579323567613,0.662955090815364,-1.04929719141549,0.77726336319127,-0.138528125882172,0.667286077294456,-0.155457887753417,0.748006722567172,-1.0281158786888,-1.25855820231918,-0.195091866429198,0.651925544404032,-1.87357784604991,0.523314894502424,0.75233836632897,-0.10853238234373,0.532396620683872,-0.0337564014106238,0.158232545727256,-0.36970114790728,-0.717652536698796,-0.206186883611937,-1.1856449534326,-0.0597764618415286,-0.228861084906233,-0.0080166376822741,-0.123251878316029,7.24
100876.0,-3.73645362171588,-5.82689554875491,1.40522378416938,1.24371712333503,4.80359638080138,-4.44397593167942,-4.1886600017056,0.505526720799483,2.76074494795536,-0.333089702412956,-0.0755270975907753,-2.21043387197543,1.10117176230761,1.50252302168567,-0.408023374650833,0.346008207142124,0.214818499977212,0.512732276479252,-1.02487755906343,1.20686260177634,0.638663094091757,0.478266491369348,1.64264690487144,0.31836534635045,-2.35632461458862,0.0571832249468766,0.129854376681719,0.486999017636962,15.95
60348.0,-0.705794781282133,1.41801599015737,0.993756289205571,0.908646261079711,-0.171162916032662,-0.566891654123561,0.367415867043801,0.421874710896967,-0.736532985035732,-0.286057940283809,-0.142891280159825,0.247527422118736,0.0286558682324075,0.668400274207588,1.2040266669449,-0.602366356982872,0.374168626041141,-0.420094663342757,-0.0859898069156269,-0.0255231768828223,0.197948117364067,0.655791718418241,-0.0486552774559297,0.415044794274565,-0.287709503648626,-0.305466115888682,0.311077197605277,0.161941698440873,2.8
147039.0,0.0927760312997568,-4.25883738536663,-3.27511546805315,-0.520346671058102,-0.320209304934171,1.40441241540532,0.838895807555718,-0.0050936665142806,-0.844639260557006,0.425485142149102,0.883814756889337,-0.33340985134972,-0.632311304988476,0.739547645898305,0.281592067864326,0.33989817937434,0.713991841143865,-1.89021552025903,-0.183746964230268,2.00394232093439,0.987473461727199,0.486869497517146,-0.870540233563506,-0.867180155424028,-0.316223388113212,-0.050946858046904,-0.216285593504295,0.0900985018125224,1065.62
27187.0,-24.5902447690465,14.0445667815106,-26.2787005866145,6.32008926518927,-18.2245126736673,-4.60996782569686,-17.6810033715155,16.2136267471409,-3.79409346877414,-8.37275316035861,4.90168265513877,-6.87283866404082,0.769776762734501,-6.82658448658054,-0.0544341798176028,-6.08495266503583,-12.375270529796,-4.81034474126699,0.936742237936608,1.64920202229571,1.77706277243531,-1.80487368611576,-1.14060456917063,0.152234466415679,1.71599702403257,-0.22047119903665,1.43495058143483,0.422491857762666,99.99
63491.0,-0.969747209188899,0.815909659807238,2.65796189853388,1.39150765653069,-0.147914404524231,0.899063547388297,0.145868031868868,0.235899335785561,0.371658033419137,-0.608499796866536,-0.950863465886371,1.25059863786951,0.976891478033569,-1.12610703409965,-1.59306585595718,-1.60938973047654,0.990628919594613,-1.26513681647875,1.07749305856415,-0.0217785309376455,-0.325497296784495,-0.46829509856869,-0.133737404237996,0.12112468008247,0.290859620330842,-0.401851522230678,-0.0955979020208573,0.0734616627977358,2.0
72876.0,1.35952843200861,-0.714800486384429,-0.573878529227315,-0.71517830622694,-0.298104668241538,-0.236122631137824,-0.156152671391741,-0.223724495114613,-0.706483898280722,0.591527447357182,-1.99560792938196,-0.510426249408005,0.376712480794417,-0.0405677225421753,0.0720219526249585,-1.37772755871996,-0.190622059105255,1.07086800000814,0.0406754093604444,-0.3045366544351,-0.496353113930831,-0.986636139471694,-0.243325109360607,-0.954279526322942,0.591926435376433,1.17044664617961,-0.0850136081371083,-0.0031599471364356,81.77
51261.0,-1.37306262214717,0.967681511533226,0.20581753257611,-3.85366273620723,-0.331673475104232,-0.781526817075659,0.308689299753361,-1.3792267521644,1.50578382111747,-2.68689826104347,-1.41714829611518,1.00670124923389,0.267724446684786,0.238138780448725,-0.0655138769549367,-0.342766167846437,-0.483291450039938,0.0029778488365073,0.0741350450006671,-0.695290512923594,1.41287669615508,-0.758137088221863,-0.0580303603273617,-0.465634622932473,0.43705756993689,-1.17877805759435,0.116927158448025,0.0429812799431007,57.01
114098.0,-0.957610293097517,0.651041255767538,2.34613353643453,-0.973165770300358,1.46286372515576,0.690948509993208,1.68245824049145,-1.479583931385,1.29253638415374,0.988402967775834,-0.762974569236403,-0.104478070338749,1.35956184427228,-1.94851226527668,0.879072805128709,-0.439258544850989,-1.40614681963103,-0.0811638391937264,0.78534706787553,0.390296400325491,-0.428462549184207,-0.385551332676774,-0.453156093713513,0.028889445535649,0.255979278592517,-0.670512705761476,-1.91967739487637,-1.10507853459623,4.99
38376.0,1.14508380799823,0.0269135356864642,0.837141319066423,1.39631204654021,-0.566718441195156,-0.0146070928700899,-0.340569033076015,0.203349557410954,0.743992484081766,-0.125143742279076,-0.764738624516352,-0.25530833490854,-1.67872593497437,0.229144539421218,0.309005705370589,-0.341447149969773,0.243423879428001,-0.821187841719238,-0.347212292270071,-0.297177209423154,-0.336064727985816,-0.843527504396247,0.166548473228756,0.0026096261622078,0.239087090447585,-0.588765430060479,0.0530908151954532,0.0250821425346671,2.0
154657.0,-0.679520574101316,4.67255275192187,-6.81479843997791,7.1435001202707,0.928653839059275,-1.87301315334323,-2.30668902092068,0.993701927710531,-4.94405415592679,-5.57641879575659,5.78365443891613,-6.11770391144604,0.61416484095298,-12.451498657048,0.42715247782648,-2.2558538072409,-2.12802655387511,0.706765028987081,1.09382579750391,0.872005531266124,0.566848531943877,-0.321691497752809,-0.281324568300744,-1.12025603826283,-0.0733943446607603,0.553530429860346,0.760541928111246,0.386741821030101,0.77
128663.0,1.85103886262369,-0.995221522641231,-1.80454743770404,-0.845796925453443,1.59037914647876,3.87316276827021,-1.19768368969623,1.02619436422436,1.35459121453296,-0.224792537479993,-0.186506872799079,0.495149077139062,-0.0270419342502433,-0.0072572641601191,0.9305429231466,0.0296943670913442,-0.539911277651383,0.0087972023189675,-0.272020204913366,0.0064694438977008,0.217815955281253,0.615750368043553,0.116845983636045,0.748963388098762,-0.157073355815421,0.138870849296925,0.0228676435717411,-0.0367853919856225,74.95
83027.0,-0.995324780361842,1.19480723527007,1.24256221552368,-0.16332370488564,-0.264483409977021,-0.647471633696337,0.38412471578521,0.331700994790763,-0.38317913795906,0.172185563447602,1.15559588622652,0.380530769580722,-0.654737133913601,0.506435926411667,0.231318050077612,0.449803844168719,-0.552139219139235,0.216973854050666,0.277200886487145,0.158074374436125,-0.22422063365905,-0.549990963170454,-0.0201890693697171,0.29124673546798,-0.20151267311185,0.0342097646032593,0.0894830194508485,-0.135951605115669,11.99
122458.0,2.02041458824958,0.165883602906123,-1.81194085060291,0.346688888409557,0.406871143527544,-1.00287020962162,0.211884730847219,-0.26081608755034,0.273045549886001,-0.321912513306223,1.15295414685362,0.925827788778147,0.492983933300987,-0.653464678608834,0.164300805659616,0.468685400402407,2.4133237881141e-06,1.03679342679632,-0.0289029626300333,-0.133753894096053,0.237575416231429,0.83336987363116,-0.0863515088315617,-0.384923986705227,0.2803349207988,-0.103786444181969,-0.0048198454186,-0.0418899659844956,12.18
120819.0,1.6164663269671,-2.39647232068779,-1.31711992580538,-1.39751456830483,0.468590464912837,4.54547158159151,-1.9887587194798,1.2042430425648,0.930054983326586,0.375347435952159,-0.618706278397481,-0.03569818311336,0.0201482048372934,-1.06278949761592,-0.839792403452289,0.7529074756998,0.504531947827166,-1.43214097053845,0.674185785002223,0.504804419353574,0.268148101506546,0.466362007583927,0.0568272044965804,0.754820214477579,-0.374629702400219,-0.183198232104535,0.040143603529644,-0.0016412953126706,246.24
137175.0,1.75207235999651,-0.0918820776536612,-2.47076821598764,0.408834174942272,1.43211949481152,1.10475201673473,0.0139142906281687,0.344369578824854,0.545204232413429,-1.04247912461009,1.69846170126399,1.11718650116203,0.0719261158777261,-1.78591489483645,-0.0380869969836769,-0.585246277626208,2.02449620116294,-0.420827571243877,-0.793774702703067,-0.0861662714722705,-0.0200311472938231,0.153252165805612,0.0694081002300724,-0.88384750502847,-0.0159552160914069,-0.231898720361892,0.0503740375511672,-0.0154863001423845,73.27
20642.0,1.29109583589922,-0.226628215152067,0.708385756400512,-0.719236307363327,-0.659099195291327,-0.273756517008185,-0.612041581180643,-0.11148848771672,3.03225757230087,-1.47896497254114,-0.0944031017791834,-1.58402248485821,2.60925006204996,1.06620843549088,0.502724580328699,-0.26614555287582,0.233377414234442,0.631159087266394,0.660224025297645,-0.0670547086754035,-0.20230356445537,-0.0609953064307523,-0.146459483241334,-0.468475063918799,0.614721186859254,-0.677037497079384,0.0696351529731263,0.0238924378348033,10.6
100621.0,-0.942286217006212,0.88715715039469,1.94352866583935,1.63798728265519,1.335502929076,0.992761621409375,0.433956327256782,0.0833265285604934,-1.68830165569224,0.638763832564827,-1.10591229874772,-2.93648921553236,3.37827933370977,0.854815735529493,-2.12675352474963,-0.259286599044236,-0.37555878760134,1.40564881126358,-2.9064997820549,-0.400483233912349,-0.495364098591563,-0.894570355392062,-0.292896119601758,-0.0915180880119838,0.711198391874753,-0.0881820115370887,-0.0151683553665054,0.06484805488503,26.29
131817.0,2.03484112795146,-0.268637574746214,-1.1693412121295,0.105110058872199,-0.030075831801084,-0.533218384709394,-0.0571550608451241,-0.154116533662956,0.831378772940008,-0.0419545316302091,0.443964178213154,1.39723192646454,0.374410713418794,0.122148402194534,-1.17556006886468,-0.39014043529387,-0.441553514494792,0.0910541157549794,0.6802962009571,-0.200226243699023,0.113967353407829,0.662357198607623,-0.0201035613240478,-0.259288722365828,0.231869374373003,0.193426881779658,-0.0262457793793174,-0.0753277935402357,1.0
73808.0,-6.35688055335012,5.53159242120565,-4.14326493023933,-0.205985519908052,-3.46244531930398,-1.23703272062899,-3.23643412872386,4.72377343104975,-0.409969664692499,0.0746909476683108,-2.20487644581394,1.97401528212405,1.82770714867721,2.12540199943501,0.592147031551784,1.73641620109502,1.41788986036533,0.281092430318149,-0.143682798454439,0.270793568393516,-0.148365821722429,-1.13747026815367,0.468312464398522,-0.535309286152669,0.734165702428358,0.187795541679916,-0.0668458289064496,-0.0155367333898667,12.99
124267.0,-1.08399499439808,1.08309286759087,2.0856009366447,2.01970771709777,1.56119852257689,0.060076241648903,1.54141956438372,-0.361699244261871,-1.10751672129601,0.606601219616606,-1.83929153545141,-1.28139858764593,-1.38571721570657,-0.442458166792959,-2.23655575101718,0.706956535404247,-1.10636716560445,-0.483206290025012,-2.49901591424804,-0.215294905103307,-0.0238243189443409,0.142825810076775,-0.629332404407952,-0.210890996504913,1.00572712971495,-0.0148954593875829,-0.523347139444959,-0.362877665266896,11.76
36383.0,1.12293443191019,-0.0490613076474676,0.763283837687799,0.789077311000031,-0.624052923983813,-0.367947457366052,-0.145882405224506,-0.0054290929110294,0.468801250103432,-0.286680734195562,-0.071029554608991,0.855009370072882,0.225141782097091,-0.134943540409196,0.0656571496038591,-0.579528954386969,0.389548200318925,-1.34037982902751,-0.235244284321421,-0.0933601769010733,-0.238055186942129,-0.515728581787966,0.130463302338256,0.445307700834808,0.201570034694019,0.292310136668787,-0.0081468560948802,0.0196184909272772,26.68
42510.0,1.27031818788739,-0.873262787517961,1.03750281966146,-0.378283366832608,-1.53575203693414,-0.255721183858338,-1.09755863728268,0.120012872305793,-0.0158301617658909,0.444003750313002,-0.29317463145208,-0.561453806077377,-0.62304702309534,-0.546323041160241,0.095504095922641,0.489286095635023,0.968786834701547,-1.70762036807536,0.175944940134283,0.0010884225041366,0.32042811521521,1.03613256054686,-0.0836945903814652,0.446796864853595,0.452014238055741,0.0071124842957808,0.0512322949106561,0.0200135142445981,24.09
162646.0,-4.42417371212224,-6.70175253176726,-0.359993150509099,2.89442481276599,7.306651129268,-4.7862004583505,-4.06634635992362,0.485028408686106,0.0448573661004856,0.955010074082425,0.58446672890105,0.7862178522404,-0.681751947160412,1.27249487520303,0.437545447608715,-1.84004068340171,0.729399880335356,0.710201105961407,3.20512714145201,2.01643844473744,0.832650520200775,0.484031006055272,1.45450484357687,0.772756841686307,-0.884669402576429,-0.0524430857392368,0.0544600635800736,0.426784189041502,27.99
135970.0,1.99837030400203,-0.0210598263400839,-1.79020537988661,0.607337571025729,0.234312497945838,-0.672042724631755,-0.0865554739079003,-0.0447489974203221,0.721499990674203,-0.484988412745267,0.726694025104128,0.230598537305069,-1.09713989622642,-1.33904798024109,-0.956502951075497,0.388615920685479,0.978755325816503,0.79761206979729,0.224341805631862,-0.22181981274773,-0.0052521335060357,0.230467557307073,5.84074549604963e-05,-0.488147998679751,0.0582941612464516,0.647458656947455,-0.0479063607958511,-0.0457386413173202,6.7
120911.0,1.9756886896531,-1.29386243500619,-0.577878760073419,-0.634906689227706,-1.29110905166802,-0.721043704731491,-0.819663572630447,-0.0723371861733236,0.33692759749264,0.632371580643008,-1.08135460162219,-0.904613241679401,-1.11343892312932,-0.252194154185271,-0.269093666581194,0.945802561068579,0.486176656318358,-1.75920570009071,0.846244485769706,0.0486099112510096,-0.169992613132956,-0.66518028927587,0.359317674214026,-0.148276716175516,-0.561060641605174,-0.570778318548957,-0.013023707313026,-0.0311250444671477,101.41
122129.0,0.423009152520851,-3.31955391133898,-1.6998303692505,0.862446462733663,-0.485288457876898,2.35759161161985,-0.0166824274891326,0.425806720063517,-0.407621344046815,0.577344721441209,0.385856765068183,0.797713363210162,0.0924350147033337,0.258667545734367,-0.132386536147905,-1.83671676583726,0.207835873856247,0.389305010742928,-1.64501453657548,0.879439166096442,-0.18904076837525,-1.66979553699799,-0.161812311198826,-1.04504811675129,-0.91052330966524,-1.06874314178351,-0.0354168634406318,0.092992065577752,797.47
77458.0,-0.85217232891418,0.325603033123818,1.68837436692206,0.0743541223634193,0.444913164132562,-0.744953408275783,1.1260497962557,-0.229147756530286,-0.643763967769936,-0.33227138258626,1.32324935592718,0.66342434042028,-0.047314980560678,0.188439795005685,-0.393608029492348,0.319348406089511,-1.01346207103523,0.462718279467419,-0.785889373255242,0.201039479800074,0.272412770276107,0.653264156207108,-0.0187004158862392,0.533905004635718,0.0667127390073141,-0.551049069837776,-0.0944455870988104,-0.0854779396866302,94.29
155288.0,0.189727866560077,-3.38954013898479,-1.93483047005889,0.593070766001237,-0.310143575210923,2.11122424083906,0.396798175923503,0.383007572040431,0.827281898129946,-0.432787456431434,0.71932283330683,1.00699120955425,-0.282058407290824,0.380588898246457,0.147765321837236,-0.241145619938398,0.112277637446111,-1.20409702151743,-0.527651818153986,1.52550895863598,0.178944941643566,-1.30570192750058,-0.267148100599636,-0.932573051132225,-1.10085629521468,0.133896364250625,-0.172111115096315,0.0849957054555459,888.61
100358.0,1.96490396667042,0.238552499080169,-1.59420392294624,1.39727288096013,0.765377883482078,-0.45046910527351,0.445242759591858,-0.299429499529307,1.18700834915144,0.0428164697829732,1.66424172647005,-1.45901882812257,1.47340669914372,2.11981666544989,-1.976929019138,-0.500877183859829,0.278389429329757,0.206854929442653,-0.0744362850181534,-0.245022187076122,-0.0436646110642546,0.228169768336105,0.0104413779071635,0.712809485321086,0.431703324356067,-0.589811084724745,-0.05626705993203,-0.0666383455265192,29.7
47370.0,-0.981966339494872,-0.0716965425792107,0.856255587396964,-0.814648694927569,-0.87920686236081,0.911586180187417,0.468953698120107,0.65417291624983,0.200847691395482,-1.21099451627877,-0.517108995267091,0.995926062186689,0.615743572444741,-0.31587100801109,-1.7802519334838,0.73540766470074,-0.714161996008589,0.411401169141417,0.506092765123188,0.326144698070386,0.074995036936617,-0.101842004606961,0.503055239707688,-0.794297708835276,-0.701465746569157,0.685397415344001,-0.0730463744990658,0.116411281459781,236.01
49969.0,-1.03413989434774,-0.541254842055081,2.16139919612814,-1.67517773535855,-0.59998775982227,-0.468209726447469,-0.110885154821228,0.223810106117855,-0.991154071570724,-0.221283531583067,-0.544741950834901,-1.77204022792386,-1.68470294820576,-0.0502739074249644,0.864200341501408,1.34023961617,0.295919094105928,-1.35433424656466,-0.415331963340809,0.224025656673679,0.219077815337762,0.126594681239795,0.0803043988957568,0.0116372351645162,0.188051107527616,-0.385429717817344,0.0041001258430894,0.0731835509371059,93.0
163664.0,-0.568705784990529,0.878523914552081,2.19148799820716,-0.373087059415761,-0.0137017464627384,-0.310024378744303,0.638281982529268,-0.122507266048881,0.35900479977887,-0.577751189598816,-0.634704839859313,-0.110412041542764,-0.058535223745792,-0.202496911135809,1.39830300906339,-0.30854820087176,-0.377352962773376,0.156195631980945,0.640403712470119,0.215703332239407,-0.208176963457157,-0.247368446977034,-0.315956579378033,-0.0604577812042658,0.331160078166312,-0.668190381379141,0.195599557797373,-0.0796698075271381,1.0
119769.0,-0.614791780116232,0.992445838963031,-0.233791903463077,-2.27641873095612,0.373609111252184,-1.48800795557503,0.962360575745087,0.116003638172071,0.153882812233973,-1.37039999805557,-1.24725141542421,0.777103143613372,0.63857358567658,0.203624795562847,-1.31984475364883,0.104676915209917,-0.561921274424531,-0.94881784274211,-0.720641131112204,-0.219040727286885,-0.13807381184475,-0.297074883012374,0.0498287242874578,-0.0614302455841766,-0.665626798006325,0.335473875947136,0.211958891251025,0.187991568427137,4.0
151937.0,-1.41128753476164,-0.384119629433716,0.959854601357363,-0.462617201759732,0.508420885556529,-0.408258937086479,-0.647837880465505,0.688883986525302,0.364790730192821,-1.01414952656359,-1.81239330291845,-0.45537503119601,-0.720833933585559,0.177470789193271,0.0930846534972363,0.574392172461727,-0.45832989853578,0.472459498399751,-0.262995428561744,0.0712173391899572,0.336428266833662,0.525668431329875,-0.186934589549454,0.514891134126418,-0.263275417775511,0.518885101788289,-0.0035332778819396,-0.072766032806547,11.5
42472.0,1.15960475809455,0.40362595130376,0.523388963148238,2.49311568096115,0.348970974529843,0.832643047565691,-0.0523354121112708,0.103183891148826,-0.344918642518049,0.433379416770464,-1.31674429097798,0.69098979874514,1.34363519800148,-0.473093326049014,-0.729958647274071,-0.0148692517632358,-0.249948966343037,-0.859510249770216,-0.670340748700659,-0.0811634857467873,-0.0875233259866382,0.0286214356733353,-0.176312647326208,-0.716243839549214,0.706560096612304,0.154335921423746,0.031385642539913,0.0125135107925393,11.71
71013.0,1.3321705154618,-0.487039052817262,0.155869278944688,0.0087925010203872,-0.552908858060923,0.0088029406709125,-0.430948142689151,-0.0122028554721832,-0.588977615807105,0.594770388033661,-1.17993408533993,-0.0743396807869483,0.0208532361191186,-0.112103650059054,-0.123236594824398,-2.0281800257734,0.441277480295603,0.392271936622165,-0.716454658436653,-0.54912102719902,-0.524228204064496,-0.832165226838131,-0.0112090561688785,-0.428319277179701,0.454982305915936,0.430374154848193,0.0085554676040079,0.0049840329277569,14.0
66993.0,1.31540417163793,-0.0335770857321864,-1.089984305864,-0.557087388354872,2.02993119987457,3.26812962634987,-0.534993827316445,0.80825009836415,-0.0527240382988317,0.00114875453377,-0.0286089299546822,0.0736565150203547,0.04128482958256,0.425500485392321,1.2452765300024,0.640367512512013,-0.910236503458034,-0.0686980996025901,0.255267674459398,0.0169521541786674,-0.313307445437249,-1.06893437804012,0.103796606011009,0.992125714637669,0.369398160051982,0.110373548574965,-0.0283020664307734,0.0118363066968965,1.98
139255.0,2.2816335643714,-1.19175389524752,-1.89635953183198,-1.54592404773178,-0.700444443530412,-1.28929341970475,-0.352229668743736,-0.403575512967584,-1.96863921521955,1.84762518695501,0.698419558923456,-0.499485941567028,-0.59902875183477,0.39990977361073,-1.35529886652752,-1.15320139914574,0.685296621381822,0.0004315232321297,0.239602477013193,-0.485598727932497,0.0207462692978417,0.531779779671011,-0.006804561769806,0.030384266119474,0.299880567023404,0.0918443245382426,-0.0539010103278803,-0.0856265819549125,30.0
54826.0,0.730620155120444,-0.891421582377583,0.690064033645345,1.22726230382029,-0.830172559970175,0.649647722618205,-0.442146957923905,0.282980239440997,0.801376973643353,-0.10984351060948,0.0161776068338667,0.419160202098079,-0.786059342472591,0.0217800706888737,-0.333172710473055,0.587808955122818,-0.739563378780048,0.860930324756229,0.323384921656767,0.304686834491737,0.0614382678537148,-0.206621804164148,-0.307667053242216,-0.512796910367708,0.380716327072717,-0.395840620263964,0.0189445944626033,0.0570309428519859,235.4
137724.0,-0.0697332797352427,0.77332410685154,-0.203603816950439,-0.751602915590082,0.346816920760473,-0.956961780993112,-0.503063838173703,-2.56504393858871,0.578442611827646,-0.360367523512902,-1.29799910902086,-0.372801054735848,-1.81254216153802,0.725989658133157,-0.513973806298189,0.29775218203635,-0.37845659676113,-0.697358053908286,-0.836783835240944,-0.87300113234799,2.01649862183267,-1.70946194541873,-0.237722961381196,-0.0774104801276067,-0.0120440358703421,0.0925859214934245,0.245696060659368,0.313249912411657,1.98
136035.0,1.86164498778048,-0.348840498711333,-0.500942591663112,0.409163089913806,-0.439811980056989,0.119107929781245,-0.851802411468967,0.225948653066449,0.89989521450203,-0.361102369099028,1.35117678245488,1.15354040243984,0.715558668457796,-1.41074625044323,0.196661527404849,1.15160647474078,0.0279518821968411,0.883492086735553,-0.300101347372956,-0.0114391395173136,0.0264537909626466,0.132794519971426,0.30699088167446,0.638127490014897,-0.597930223499145,0.288057385797373,0.0010558647616918,-0.0071482237880462,39.28
58360.0,1.20963873162537,0.230677048465264,0.0690329248158747,1.19491534189972,0.334528941785226,0.317391906887574,0.126301013424037,-0.0195204371927794,0.202842759728988,-0.154965609849173,-1.12262892074681,0.762790741794186,0.973181476025309,-0.172882250340508,-0.137477418675254,-0.523057347295867,-0.0951158607340242,-0.821190782631925,-0.0608836670221308,-0.0868932945922938,-0.141218985058151,-0.135376573926812,-0.184417933055009,-0.731891372687519,0.804315993055901,-0.264209194322087,0.0436890834890633,0.0107866244732813,15.99
100861.0,1.98881595391987,-0.486313660562572,-0.157345033030668,0.194555072306077,-0.382355546558254,0.57423612310076,-1.08062100102953,0.158951441312129,2.4196913402717,-0.241372353187233,0.917124800480878,-1.58852774278381,2.35501728220723,1.16455064429899,-0.589962357105116,1.06866325727337,-0.515033363885254,1.0083456312232,0.108293691896461,-0.140730533290706,-0.121908147574318,0.0364307906158437,0.180639198181182,-1.17965034002727,-0.509911245650979,0.493925725405449,-0.0394384389772789,-0.0638573034913375,15.95
31054.0,1.45900811813266,-1.14424286797837,0.673747838239018,-1.30525722552206,-1.85058868641835,-0.944948502605085,-1.13035659624963,-0.113863690214598,-1.55723767661125,1.4399618219501,-0.633875435705874,-1.49033160048336,-0.687534324787364,-0.132358785598779,0.890525045361324,-0.129225144932901,0.496687013599174,0.0692358144305354,-0.238819402085529,-0.357990903484439,-0.369531447983478,-0.821023284572159,0.174704287067773,0.29486468366473,0.0816899529510391,-0.408069013473166,0.031006766231938,0.0309603688900982,35.0
47658.0,1.47080183464418,-1.17895011084862,0.309906116850206,-1.49365161061917,-1.3770940956145,-0.424619533341607,-1.05276627896621,-0.117825584836653,-1.64437394669385,1.40194413868581,-1.22644579096423,-1.27027130801602,0.399653751691493,-0.36350552556809,0.853385339625789,0.0759455664926568,0.137861905950828,0.234644004145369,0.0640197197267309,-0.219351623443255,-0.39902495627706,-0.913546011479767,0.0381687278239654,-0.506589054898748,0.216715679154833,-0.362360594203913,0.0312013040991427,0.0289250777429217,60.0
156246.0,2.21507338638083,-1.42707420664672,-0.788267182316676,-1.43116833875746,-1.43325953096042,-0.930632471210601,-1.01485409666473,-0.283236872637951,-1.22220923606182,1.53194971610161,-0.889124099011326,-0.543178887865302,0.785808840415015,-0.50557207455403,-0.173557984178103,-0.634827535108682,0.539080015959538,-0.262927921083418,-0.228369822511587,-0.356733224577381,-0.162960878300098,0.0061215772919759,0.23432768311149,-0.0247657279569065,-0.254717620555063,-0.203392928099805,0.0146920996285675,-0.041841873206985,50.0
107356.0,2.02709904556477,0.0674792763507892,-0.750340737986755,0.709212182323431,-0.234980881096436,-1.31711403719697,0.0897079526337023,-0.418950926236582,1.78929647299121,-0.307883112279779,0.63441493393671,-1.886282990645,1.67619858388562,1.73088839464673,-0.685555569876722,-0.315680800182539,0.647932175807309,-0.825781950032007,-0.284966386469929,-0.283838463975038,-0.40607526694866,-0.781802011055659,0.408993655391532,0.340541942243949,-0.390085958252056,0.136680832883795,-0.093468887311328,-0.0625869215434912,1.98
135231.0,-3.3626019235778,2.4509811917246,0.0010845001908693,-0.49615459450531,-2.50253806756456,-0.070796610358279,-2.73077059450466,-0.0539319662245999,0.003478444102775,-1.11750073161232,0.107621464676034,1.25941991110979,-0.993641811636678,1.51131277114169,-0.724314825403565,1.16314492797953,0.392449647338894,0.780527836969853,-0.299134652949552,-1.29734867013802,2.72577034447996,-0.367665678968505,0.633557994040964,0.492820121481508,-0.65821163150065,0.256635607879596,-0.921749051352389,-0.168947210534173,0.9
8528.0,0.447395553302475,2.48195386638743,-5.66081393141405,4.4559228120932,-2.4437797540431,-2.18504026247234,-4.71614294470093,1.24980325173147,-0.718326066573691,-5.3903302556601,6.45418752494833,-8.48534657377678,0.635281408794591,-7.01990155916612,0.53981407134798,-4.6498642988132,-6.2883575087823,-1.33931232244731,2.26298478762517,0.549612970886705,0.756052550277073,0.140167768675,0.665411100673545,0.131463791724986,-1.90821741154788,0.334807598686864,0.748534284767756,0.175413794422896,1.0
130031.0,-0.525484959671943,-0.0728417628191132,-1.56365537917336,0.479742019639168,-0.190838429438145,0.598794341672276,1.91150335813656,0.283635523483364,-0.369489629653718,-0.673893671267461,-0.777339443511635,0.51839589416438,-0.235846234032833,0.7028338742913,-1.91213018658165,0.0922194262144452,-0.808586124460772,0.618148081032378,0.0989261252981509,0.423507379679316,0.465035603135931,0.774206302097632,1.03282261710057,-1.09299376187345,-1.42086476044415,-0.93097666602407,0.136462235988489,0.308802201379572,391.68
82235.0,1.22942819514715,0.238086690902568,0.0432035952271204,0.594899632407789,-0.0533853213066414,-0.707385924301184,0.25492464643684,-0.175572844649256,-0.115607409383677,-0.0663019494222348,-0.0818808949509236,0.308514536976964,0.0656642459621535,0.434928667425183,1.03823250919237,-0.294165615058583,-0.0113495563755444,-0.940679827500719,-0.47282676104078,-0.128613019430785,-0.0261404014501319,-0.0161346776560577,-0.035714052014479,0.111507656273377,0.496087442282068,0.396539836830763,-0.0360571358274821,0.003605292959761,9.99
802.0,1.08209060038518,0.0186922716558361,0.731333460126835,1.38284216592256,-0.413955262502297,0.195789893301373,-0.261843446842122,0.215722181897237,0.30302622561015,0.0162583067268629,1.17113922474074,1.09983676250917,-0.650503072085343,0.177905203114493,-0.876590100581714,-0.543757422765462,0.128695701080469,-0.364846987475571,-0.182616149869469,-0.204230919600815,0.0306683659689883,0.309696502467141,-0.0787579624271189,0.234445411888514,0.592878570024917,-0.270832966243399,0.0474549093722844,0.0103573848679855,11.99
124614.0,-0.406356586727642,0.212845989905511,0.1078013772013,-0.565753327649326,1.46883755894374,-0.237224019860819,0.956659551634886,-0.225677586826976,-0.0175116558549864,-1.09670032818949,-1.01490134145366,-0.254580171990414,0.702486663811527,-1.67632897298426,0.150393483083156,0.57293019788075,0.160908620101987,0.371963927743301,-0.208916166106079,0.353218680823687,-0.0801402079427717,-0.243447230298993,-0.0137725038876668,-0.0512335890925284,0.0806122181052329,0.392975213396868,-0.20879339941585,-0.166905474326299,84.62
69238.0,-0.490931949323707,1.02998325808437,0.760682338713941,-0.386306561177474,0.856722734021174,0.468403955162118,0.488567914174524,0.250270904195264,-0.511441908844178,-0.27330144712311,0.675698991373277,0.321290101784816,0.244894131384739,-0.315677647798591,0.537635063756721,0.614430487679126,-0.397481794361595,0.279260361006826,0.286748788380002,0.110194433229851,-0.246201457251979,-0.672527546803461,-0.102164734355131,-1.20135191888154,-0.109984586138056,0.145074750155963,0.125388894646329,0.0670348973469956,1.79
134026.0,1.83478431996003,-1.51068454172445,-0.907365749186491,-0.879673575917267,-0.834694785723078,0.165743455969237,-0.808195922697631,0.0891503736985733,-0.0732342108854042,0.739531723790806,0.446138897055508,0.157214913630031,-0.103143893528327,-0.277864074812527,-1.05106277600599,1.28059320844258,-0.0123238785590977,-1.14655034939739,1.30569106584786,0.318034481997518,-0.0949087163766617,-0.64595163234992,0.262278193199819,0.316083862313278,-0.508819560847618,-0.619572665980751,-0.0324948011180881,-0.0220812161132069,173.66
121818.0,1.46922943999,-0.619163579194672,-2.4068398490634,0.874990351307111,0.292634592941585,-0.762297068649442,0.549610861998851,-0.208368727905906,0.609691226523209,-0.981506481006849,1.07797531746428,0.692690818733,-0.360012143974644,-1.70692474733922,-0.781199865599079,0.290692868857864,1.28104492852958,0.970714594461471,0.176109597207448,0.360657578350446,0.0282882314269356,-0.262164053854674,-0.214636064587455,-0.551818609949415,0.0785506668939451,-0.316448881935206,-0.0364970790743746,0.0237091226503009,277.53
77621.0,0.883977963972918,-1.0184809347053,0.808717749249174,0.133890146329999,-1.07706985346545,0.606325488884443,-0.772679656392693,0.420645982794912,1.20173091921911,-0.34117516967211,0.549128153374016,0.357721353060926,-1.72012100615031,0.0133656489620162,-0.526766698183274,-0.0241598263327961,0.15251659564336,-0.252662342662807,0.488313235405865,0.0827813775827893,-0.112805554298167,-0.455162021404223,-0.0430719188671535,-0.260159869584348,-0.0293537688961225,0.965816650635282,-0.0581771207869557,0.017641575956717,144.82
32562.0,1.28157281089108,-0.818072479529572,1.0669209211475,-0.67236327338157,-1.64819892078483,-0.54248072282122,-1.15403837722826,0.1096669563245,-0.550178704182873,0.792477995188551,1.42475027881551,-0.309895709998175,-0.618459365416241,-0.0735154514065667,0.489790394447488,1.65571132687746,-0.0728297349540701,-0.322301905423979,0.434837365816779,0.079217827219753,0.448261067013238,1.13199277914197,-0.0959988120469743,0.557430455398884,0.335354938986688,-0.0784140859531152,0.0253271915033884,0.0191056962272377,29.99
148342.0,-0.691695269211969,-0.96852194552959,2.16146965245772,-2.02323648990672,-0.698637366162844,-0.205228782377973,-0.910625102608154,0.303707339465704,-0.577270876616591,-0.0295942312624797,0.580155578739092,0.800389505690761,1.10832345997305,-0.693442790245999,-0.522861021114119,-0.503615987850309,-0.790787844399556,1.97784765108359,-1.27239479961986,-0.239902015535001,0.0547229605971467,0.507094197576234,0.191537257448238,0.0712941345284779,-1.04223895433796,1.11031840475075,0.114222947437099,0.187058182154538,44.0
88304.0,2.19811671034952,-1.04538433230791,-1.80144217039759,-1.48331475550067,-0.226293960376231,-0.393026968224462,-0.362650676585844,-0.274428356170546,0.254896301463359,0.36157055044498,-1.81465123994843,0.202489305316964,0.746971236367984,-0.222760202963713,-0.452463787699432,-2.09062540843112,0.0447164447359517,1.01617720435177,0.131289142467306,-0.460192121608366,-0.267350701213902,-0.045741852779088,-0.0184610928491952,0.117958199516367,0.200570037127519,0.899648751150441,-0.0634523692930942,-0.0653430074706716,42.91
159825.0,2.0354024811509,-0.267076814482586,-3.45450169966725,-0.669954263380963,2.92149635721671,2.93060479428737,0.150152542007059,0.549781165106836,0.217610510618686,0.0023013440810313,-0.0846334837969241,0.359601011857343,-0.389162109653814,0.867077155700228,0.217468338246594,-0.960765536508544,-0.184964564455845,-0.685624679174325,0.0265179604440377,-0.140019811487957,0.146600989727616,0.477768323048693,-0.0624272514350658,0.752699534081113,0.586043531294838,-0.0505132079013441,-0.0390435039475293,-0.0761186571908837,32.12
147597.0,-4.23452032540243,-4.63035445681654,-0.197273081534488,-1.55339784510382,3.14280574985725,-1.46414064050418,0.170546080088672,-0.55240637411378,-0.938347975008986,0.698444560198898,0.0125575991098448,-0.365330711434883,1.28008213616362,-0.678919944232321,-0.517000008551495,1.90533602311374,-1.20886406214529,-0.482747414362739,1.00578705297291,-1.54205270818402,-0.293310973602325,1.47384526096452,2.52989649684285,-1.37603709402811,1.16707589731462,0.073641598736183,0.61201017514358,-0.577878826871081,110.07
158315.0,2.2002166861889,-0.878157285043124,-1.05679187252188,-1.02021989288394,-0.649892517549903,-0.637085828245362,-0.715470436366071,-0.0701072023204244,-0.0535714402296345,0.794274759350762,-1.10294406618085,-1.36055879894678,-1.29470920446147,0.132471074575301,0.517914197117012,1.35631677596646,0.0951834052403872,-1.54866985060228,0.891954485985114,-0.0806850593978705,-0.295368345877328,-1.05162691227447,0.496831334532231,0.36748309932943,-0.551972933463887,-0.701369224034642,-0.0297889651382356,-0.0419078779715137,19.98
82450.0,1.31453919005614,0.590642763250075,-0.66659342070355,0.716564340123453,0.301977869959298,-1.12546746514505,0.388880528388934,-0.288389638013591,-0.132137450666675,-0.597738927671465,-0.325346640449052,-0.21643537583917,0.0842040799280351,-1.0546305617385,0.967932032509217,0.601226266062646,0.631116638308353,0.29507796789341,-0.136150702482415,-0.0580404050390117,-0.170307279387637,-0.429655035253663,-0.141340683112249,-0.200194626075649,0.639491494374774,0.399475692421549,-0.0343210089575542,0.0316924132520412,0.76
143759.0,-0.184213378302088,1.23829083863378,-0.95551233988347,-0.134945806671407,0.277344105314,-1.35580996765936,0.67136481150515,0.201649576862018,-0.0266560375149261,-0.986677704430904,-0.951583053308695,-0.618675397466103,-0.827940911310993,-0.35495103619366,0.754493419359052,0.233332079894415,0.600743153531993,0.893348188063065,-0.147075112065201,-0.0904274789032854,0.295637674214211,0.901081681022049,-0.105590662953517,-0.203022713544765,-0.303070084838678,-0.12738779338578,0.250864381310096,0.124529021704616,25.98
155887.0,1.61418791085614,-0.993465302908868,0.490133323789704,0.624161591508035,-1.59062510328746,-0.28841887223178,-0.99640325249074,0.173435182772444,1.44791219858222,-0.0777886665982962,1.26923662668437,1.37078748220618,0.152082938626117,-0.169471559762324,0.308620501291333,0.607568367505652,-0.796871282030137,0.889826547241643,-0.442268065743786,0.0491849075714648,0.41038366935662,1.08664691420633,0.14428712129147,0.568296591192747,-0.509603295516057,-0.337821894590805,0.0471103554420399,-0.0046571452118619,135.0
87959.0,-1.37562295129092,1.39575594193114,-0.230344434658039,-2.84408965399013,0.694336621368691,-0.625198649755187,0.786893297698144,0.457453459817797,0.0399392016891652,-0.67171495747008,0.336658149004538,0.807064712576889,-0.0346914317357815,0.49297447685578,-1.13526677997328,0.685375706125001,-1.06163257318925,-0.18561840322646,-0.41829128194824,0.103973427330574,-0.280480190167302,-0.82086301395578,-0.0878065812434227,0.280454206270564,0.0841372078240114,0.356326931383261,0.30425054354013,0.215195475712222,1.0
78899.0,-1.03214567521114,0.471027447716323,0.970447122116766,-2.01791676371142,-0.300693224953612,-0.241894155117383,-0.156794887971941,0.783898479157549,1.00959904997685,-1.5591352051686,0.554356078302338,0.587560136980974,-1.54291188214552,0.648521969747922,0.0370018686051363,-0.349998483552888,-0.167514833652427,0.470355818524756,0.0796360780580105,-0.197332188487939,0.158551724113775,0.515359913564246,-0.176894475917555,-0.330045091407728,-0.0382841103979839,-0.786239530482128,0.306012239647446,0.107112329359268,5.0
79645.0,-1.66121823586463,1.98657599180471,0.413032431959151,0.653575317370616,-0.267187852306487,-0.346963234804259,0.462550002963434,0.35665519704535,-0.0440737008221224,0.836215695428056,-0.299954677205877,0.289781332018432,0.348754932579522,0.308607985505996,1.27301279452838,-0.586313120648531,0.192613290272146,-0.409962855402142,-0.0449689061445182,0.299614994930914,0.100910802081736,0.55320018005788,-0.0285132770081159,0.0864801039813776,-0.0948108859399363,-0.295625802468562,0.37549860555175,0.356274800717631,31.98
158614.0,0.100014247916418,0.88799266429241,-0.0088886033299,-0.767640247838514,0.821879036576146,-0.684489523657153,1.02794965967884,-0.188598650762019,-0.0710394263312811,-0.424056956440534,-1.51072970638674,0.165889061491448,0.661001592924252,-0.0363115199033485,-0.405401443457814,0.101469563890561,-0.711574770569057,-0.567309036182986,0.196303834898288,0.0161343644588328,-0.304764699700655,-0.667194296778574,-0.0324487199811215,-0.70834140130538,-0.371842509687329,0.183221811413498,0.250023835732451,0.0908052653255872,1.98
60439.0,-0.377303718131528,0.572787075442336,1.33386921515408,-7.04616500213154e-05,0.304510661826787,-0.0849809969087964,0.497673181393605,0.0224420782304154,0.100337945217143,-0.66465549308826,-1.72850082602235,-0.140484209891022,-0.0220902161444315,-0.31830352879964,-0.581974960388244,-0.244371450026464,-0.188036395556301,-0.117347440787839,0.713008214781239,0.0016417335824617,-0.0231369516446615,0.118388594122946,-0.270359234173422,-0.393864009347954,-0.0626527642439424,0.510584845782983,0.0947801255106433,0.126249347713576,12.95
158638.0,-5.97611932262173,-7.19697963053735,-5.38831591092631,5.104798647287,4.67653286692543,-5.56687006039983,-4.29118042196746,0.876530560032016,-1.07547808735089,-3.27256917385192,1.1682159434835,-2.13473197122041,1.12831321986543,-4.56600986017187,-0.126950406755583,-2.82698551177892,-2.86574970146517,-0.912934238200631,0.421144082740547,3.13633813209484,1.45936905794799,-0.13626168712612,0.848177173598492,-0.269916379777294,-1.09505960437355,-0.710905241951938,0.565846302250925,-1.03410718662341,296.0
151076.0,-0.440480542927539,0.784649558764116,-0.477266520448792,-0.623443776209474,1.21515301887061,-1.70918980113328,1.740529150764,-0.627202181175024,-0.541216348289882,-0.663618951394838,-0.699895572618195,0.251817880155873,0.383853584622558,0.67493463365871,0.277036124336979,-1.09021131736807,-0.207610996742775,-0.237052888792895,0.531200161904763,-0.0655833539149651,0.310814052365609,0.971324413867548,-0.288700211869762,0.104582885310977,0.210178506082088,-0.356491419897974,0.0120343396959886,0.213315194247202,44.82
51229.0,0.971414084568619,-0.732046365920708,1.03095384204125,0.0878517197336581,-0.884326644059256,0.885178269405035,-0.882761542001075,0.503798605996425,1.03404249778131,-0.378355354743518,1.24161502347288,1.07943113000725,-0.82056940573809,-0.15340086021223,-0.415174239196608,-0.47529364385024,0.497366705635319,-0.954900477365406,0.0176438798376938,-0.0590434794341601,-0.0996591413107387,-0.15411123957481,0.0866965870186688,-0.215798056442497,-0.0850459910270953,0.980240815943595,-0.0194911425171986,0.0058406525324415,65.08
155775.0,2.06615170396287,0.0230528803768919,-1.30047993185982,0.369583036559728,-0.0054405160335643,-1.36307059133743,0.295086331354131,-0.434399644197114,0.526316192267986,0.0001175366068358,-0.608641156287275,0.544653886240302,0.523002314411251,0.397895438231886,0.690060692743242,-0.2402542981706,-0.525735216138341,-0.123361363544935,-0.239444267237765,-0.208784481653364,0.253304401007038,0.912970093542284,-0.0079519797234017,0.0964124963263584,0.281128752279111,-0.113145925250206,-0.0173233346892516,-0.0568828395780526,5.49
157608.0,-0.003713339027422,0.801356177773037,0.349472429674235,-0.677093142276448,0.398009417891508,-0.862897588247263,0.888550804316005,-0.0504767679057525,-0.268467243932616,-0.233053271263667,0.808641775723855,0.711690119142405,-0.364921527163604,0.368893065921089,-1.08059260453299,0.0885737779721824,-0.609699822624209,-0.250344281199584,0.17261643106213,-0.0507142754476564,-0.206523009582402,-0.464093330374095,0.0693320826632233,0.0631946457045374,-0.541548174738203,0.116002856616913,0.24208838337858,0.0875164780691259,1.99
76376.0,-1.52597806993807,0.796225510273156,1.17247767559689,-0.947110583376882,0.077070965925949,-1.65559048410075,0.670737169425493,0.0516262452802575,-0.88706698121954,-1.07444858910812,-0.0896843058204744,0.774158312710738,1.08381804474618,0.321008118078962,0.180863380170633,0.122426185179574,-0.172420200440733,-0.761157656692123,-0.43054465873668,-0.116295010373782,0.0574665242434478,-0.0724457036707362,-0.397195323068213,0.825601202533168,0.404932011252482,0.923866823947654,-0.262265672646927,-0.133367889696371,23.0
29541.0,0.73100227441085,-0.897512504049809,1.75914463976059,2.02627050814713,-1.70932953996022,0.36691912458801,-0.788155997813885,0.255180463461753,1.66902608655073,-0.468967582644138,-1.17642768090878,0.880029347569165,-0.264247037666453,-1.02470374646191,-1.59739743812937,-0.591985667917221,0.441557780654778,-0.288607444148603,-0.0026050981424234,0.171882687738137,0.0581644624848904,0.279885278103004,-0.208736281329331,0.761535007360137,0.448544793670878,-0.263182751419522,0.0764229966825358,0.0722295197076417,182.87
46057.0,-1.3094413460044,1.78649494921925,-1.37107024042555,1.21433549160762,-0.336642221570741,-1.39011986486896,-1.7091091066305,0.667747590382643,-1.69980879955917,-3.84391103993778,2.96259879138962,-3.95604520140947,-1.53923191944683,-4.63463139323434,-0.248403490673103,-2.05855138409951,-5.63549400383391,-0.775271204300359,-0.23930965408033,0.253464129147281,0.533521286327158,-0.0221799534199139,-0.299555851230085,-0.226416167090146,0.364360460778096,-0.47510178544057,0.571426303828437,0.293425836896259,1.0
57073.0,-1.73207549358542,0.578222215740362,0.453474382050254,-1.76596419307936,-1.29892655315249,0.539097590381141,0.209678438001672,0.952679227162315,-1.73184187907607,-0.427826021505766,0.942841569944247,-0.45711462169628,-1.53722681403978,0.732823402490534,-0.882236264316016,0.643251651650115,1.09525353895967,-1.73810614453111,-0.118393889597593,-0.412787875997156,0.366963286770026,0.73678936567163,-0.284901585316618,-0.274201295259458,0.604378022595852,-0.119915721701646,-0.392292973169755,-0.163115306006279,170.0
111009.0,-0.143403325768614,1.02606469139676,-0.709466709186372,-1.00512383239287,1.48840282280975,-1.03969249845969,1.47764774458669,-0.351999337647758,0.601532441262275,-0.693447217786623,1.75925285002095,-1.93761274898659,1.34068187804572,2.33852430593155,-1.57710115801136,-0.48393984526453,0.068626477413564,0.412700827741883,-0.0542531898872435,-0.0171645476149092,0.162227868119716,0.799881570152531,-0.153010859666587,0.755138831152545,-0.33558125635897,-0.0070076718564739,0.351078959450411,0.262893716147209,20.0
82239.0,1.31372586061752,-1.16842259070173,-0.0997236357229824,-1.46130216756873,-1.12619486120754,-0.69633475168595,-0.508838808612418,-0.219070801319079,-2.41258282747373,1.55450964944744,1.07282113270147,-0.0966406737989893,0.643775707709202,0.063908255562889,-0.327877145319666,-0.274855176306422,0.239302382623395,0.0221556511705655,0.41456956811898,-0.0851169381954549,-0.468437345788447,-1.28702365722373,0.0601823538495016,-0.052530811673738,0.219925973055496,-0.537522590853542,-0.0133427203848992,0.0248380237035821,120.19
44135.0,-4.71979002773712,-4.24987472221717,1.8554141660985,1.2072007491516,0.5517168814973,-1.6169681589878,-1.76664281568169,-0.287333296832117,0.162163663235087,1.44597962196803,-0.242912152673375,-0.357392796113546,0.426977723078782,-1.26159090065668,0.577853885819964,0.128878541971973,1.2994021159462,-1.47407604003696,2.93673592548928,-1.20707494012914,-0.480682419667003,0.380374395499692,-0.560971751600975,0.914398595683539,0.0291940450656387,-0.0504753977576005,-0.561974840509867,-0.0323247469089667,0.76
51864.0,1.23728491090893,0.278850140075694,0.184775960567571,0.502353794899259,-0.175092772600663,-0.566471309351858,-0.0404742084970525,-0.021665979542493,-0.167581808959427,-0.105911803112767,1.29716772204378,0.685123027145884,-0.046034500229192,-0.0620259840557258,0.444284602800619,0.782112311151636,-0.361409529988312,0.333224294313149,0.216669496049294,-0.0757234647592031,-0.260605599364621,-0.797693728937492,0.0796978856877918,-0.0436549159982183,0.221705618975416,0.0981858611294064,-0.0288272798647392,0.0167036470314143,1.29
146592.0,1.92311131809168,-0.455853562896706,-0.131414671453736,0.200392136539715,-1.05582037812652,-0.905623418829195,-0.58857635812114,0.0602012679461921,1.16544064763106,0.0055961346398829,1.22520874971615,0.695267801282011,-1.42332582153285,0.488316491972396,0.0637553469454324,0.273915990971427,-0.45461666561069,0.117953180505142,0.155852951338653,-0.307052125529285,-0.167111017479613,-0.444423306479858,0.482740186683644,0.479775494730956,-0.661205902997474,-0.374909294679055,-0.0068955180750669,-0.0443041970888379,5.99
169533.0,-1.05187513546724,0.864630138842279,1.91856475052399,3.52580750349134,-1.58947230022203,1.53831567370529,0.957469802178041,0.0823644542722585,-0.526786144203643,1.27065947585715,-1.5235878329237,-1.1919834873357,-0.560369525724864,-0.529773084247334,0.377442721795161,1.36849641524619,-0.884384738115902,0.776905864513939,-0.978541303521388,-0.340273155105336,0.179349854625456,1.00081744154742,0.227903439171007,0.0199008413205006,-0.918313210069279,0.0714652436994871,0.327444697490287,0.214554536368954,285.55
52885.0,1.15449617051759,0.182900488365935,-0.0129644368668616,0.875481513718977,0.128523869512254,-0.216801155826962,0.208373814612403,-0.0900432803702138,-0.329040304356291,0.143688208502862,0.796211667325703,0.979798824412338,0.658026502305079,0.433187375026972,0.208059542000753,0.423402911588351,-0.960430583460875,0.502432781147246,0.157927379354263,0.0298366949520061,0.0711122861050796,0.136824085091204,-0.247503900668264,-0.325235146447407,0.751913091401,-0.310574720017307,0.0036788428395688,0.0131702698605789,53.95
141043.0,-0.338716467590302,0.32977856774305,2.11577216444406,-0.608329224090448,-0.23328720910982,0.0558200910859555,0.928976664573971,-0.687095287022755,1.1168846347177,0.134358215222185,-0.909217436835334,-0.404107840856003,-0.0245757939963755,-1.16168270501924,0.477749604268336,0.446705984715224,-1.14480677998602,0.131280976970806,-0.478396279695465,-0.0397202735606303,-0.0952418654774901,0.272680091719828,-0.183187047258314,-0.103096788346667,-0.349561576620282,0.0686294510727202,-0.811746461438288,-0.681368241357307,69.45
137376.0,-0.995471681382868,2.249899495598,-2.36519417666125,0.13122889857927,0.214946795286182,-1.84219829054153,0.255953647728896,0.434188737699507,0.201570263578672,-1.11886947608625,-0.203820175330609,-0.25594560606043,-0.0623257299121498,-2.2282800495171,0.852495940037245,0.826202597733831,2.10297217585198,1.47739124203018,-0.573022005159839,-0.118491160053853,0.257394532288524,0.620792782485688,-0.0324116628715002,-0.186164396171042,-0.180200948304961,-0.178323840118288,-0.359462339117125,0.0284481198643732,1.21
63822.0,-8.88964206318177,0.539373326272892,-3.46666704327019,0.835733804592104,-7.42831015878905,4.41567316452051,0.660877415044694,-3.21842507949543,0.475019996695292,-0.128908116888092,1.08703833718111,1.41666412225566,-0.048965861073307,1.11866810630446,1.43025415185744,0.995140874993829,1.21255768455019,-0.288615658728583,0.622250902183762,-3.05778125893242,-0.091287065369086,0.457520370569239,-1.85284995065238,0.0702682940730326,-0.680951646637401,1.01026539780258,-3.02872688757806,-0.604437623956213,874.58
71033.0,-3.17081841545902,0.185734554774403,-3.39985157931162,3.76115529034876,-2.14804702797609,-1.59894442520531,-2.51956531805231,1.31621501070214,-2.40010611621824,-4.99341703829647,4.44719176626515,-5.29376010254684,-1.41957829927441,-6.42527621352443,0.914083034195792,-3.51519716625381,-6.34745330751181,-0.90351216582405,1.19160626766329,1.93225372509724,1.09205113380931,-0.0410804286307278,0.904395217733676,0.180015601586537,0.0499703397242655,-0.257099837784436,0.859281566487016,0.225924185725605,426.4
50926.0,-0.923756610762089,0.579012508324708,1.35364777968453,0.789227341472721,0.706120519936413,-0.449860859611906,0.377770370532307,0.0240631827670111,-0.223855575943893,0.734374428158855,1.4946060974438,0.0107432029195705,-1.38834729247218,0.526067328493872,0.774015304917521,-0.5261323617671,-0.126324020196743,0.181899557662526,0.261325616979761,0.147019418077286,0.0781679994783724,0.629055466939807,-0.204885651145328,0.216091810160027,-0.354142978670789,-0.331908664002483,0.436505162362415,0.0279074096705257,10.02
106890.0,-0.488586779243543,1.25374390430496,1.45239721918,-0.0406838598679424,0.614890648201103,-0.635744817170624,1.12872469081455,-0.370950340365924,0.366103085200853,-1.10541138056559,0.334621023229647,-1.85377837632322,3.09398848189371,1.37270813849093,-0.607634486788537,-0.563889966569184,0.664569873350088,-0.484912622084632,0.841502435349432,0.109173527083395,-0.415726421098915,-0.851169955220336,-0.290851390652541,-0.0307765948377238,0.417954534025593,0.419397839886177,-0.0383893922824076,0.0460973947276459,11.99
156343.0,2.0139605387112,-0.79752287968227,-0.729493594117582,-0.286319849901678,-1.46768233491952,-1.6496297416504,-0.882573020598469,-0.187291131578864,0.144865950196959,0.0957244285144594,0.29801692993447,-0.972115065193225,-0.936592242922893,-1.8551391203648,0.373671651945095,1.45135010647267,1.75706156727253,-0.621172758389391,-0.139307890525759,0.0033704570675886,0.305983245677944,0.856085136427277,0.198415633153245,0.808379213983898,-0.31317530904689,-0.145406842910902,0.0180395161714817,0.0011772137326831,49.99
154374.0,-1.31953454025324,-1.37351038980346,1.66833698160135,-2.57865289533271,-1.17755693959804,-0.132666048731539,-1.91932291488148,-2.64718867945927,-1.18133240218951,0.284247378204827,-1.73882402076761,-1.88493591447693,-1.59066401156442,-0.511995415001641,-0.450306781579714,0.311292525903593,0.131205397174089,0.643760442359924,-1.04386969067392,0.0350060285225449,-1.46746149898783,0.571146378208838,0.685591986344602,-0.131868735980649,-0.540714022007407,-0.372505896809954,0.121002596615657,-0.115229655394186,59.78
148581.0,-2.13891125656789,2.14803867733589,-3.3727309139343,-0.514178395941922,-0.59109773240816,-0.615656595255312,-0.785644351893419,1.95534303128116,-0.743627962281277,-1.04370536021968,0.23463567185998,1.34408134266106,0.968579001328831,0.360472143437336,-0.507156545867383,1.4215485465517,0.687346969766231,1.11000812560503,-0.470562098471125,-0.547397659747792,0.422225631421239,0.801051850949965,0.236652945059945,0.189549042905565,-0.376403118365534,0.490706694405889,-0.54520531123133,-0.341034192310807,46.0
156053.0,1.54691166996731,-1.24609742495892,-1.06256471338175,-0.0004855992815729,-0.412679269857287,0.300339679765701,-0.320159382224857,0.146816806105534,1.14431057016727,-0.125857090928199,0.206518174499935,0.484923257172429,-0.738667332585714,0.375123820304912,0.181692161643418,0.664800536232657,-0.931832847012415,0.545855016479864,0.539828058978413,0.285733727894201,-0.0993470889616111,-0.81785986826546,0.150139226914418,0.0444120540373713,-0.557809795985758,-0.362031568378053,-0.0568795800403878,-0.0060725975888591,250.0
31714.0,1.14805653614301,-0.0803601728560278,-0.556299543848207,-0.0277214210033058,1.17859170598355,2.23439897393048,-0.512317564291639,0.756173394271963,0.146924770245972,-0.249352143236879,0.737075303935205,-0.232551224992709,-1.43537610760056,0.28483415210779,1.80725981871533,-0.0024317713686859,0.422584035926384,-0.962738379922443,-0.795948246505968,-0.267021207137325,-0.250983456689148,-0.687485750096592,0.0528182221471194,-2.83662691870341,0.0410827622128105,0.318843643198333,0.0305611605250671,-0.0156033567344332,1.29
44434.0,1.23874880091699,-0.693618611956716,0.700629205627821,-0.666395594982533,-1.26113612433228,-0.686029694196971,-0.691866055917167,-0.104247324507049,-1.04169994296369,0.74898156555983,1.74268431200779,0.630966145723374,1.09307632329333,-0.253229396519446,0.0800647877076523,1.3399836668457,-0.0628521691347291,-0.733780805482942,0.52681577188089,0.254822416049418,0.45627076636243,1.16257054311136,-0.183571444100848,0.611995748679148,0.517000754410852,-0.0713455942933787,0.0103466609505194,0.0211525286848302,65.08
149464.0,2.05331121352785,0.089734647817631,-1.68183566862495,0.454211960233033,0.298310371498215,-0.953526086363083,0.152002545314135,-0.207071379659966,0.587335266422761,-0.362047348389396,-0.589598040395407,-0.174712053081765,-0.621127061421005,-0.703512783983304,0.271956610213985,0.318688063430157,0.549365128729473,-0.257785857944933,0.0162561279842771,-0.187420788431655,-0.361158036599845,-0.984261949244254,0.354198094344309,0.6207093385008,-0.29713787612848,0.166735634335132,-0.0682990099344722,-0.0295847028396107,8.99
128247.0,-0.995676867871412,1.06958181301395,1.81107612993918,-0.519344061829053,-0.355455917882077,-0.138113945478834,0.0417006692360089,0.611548368360837,-0.456468563371538,-1.04830223917957,0.866321895936773,0.868250050246662,0.0356558744728197,0.490319668345261,0.299049553343175,0.325860229013367,-0.467292990208982,0.534290884378227,0.512749983210095,-0.127527201517594,-0.032843990657112,-0.237317568152021,-0.2169267273524,-0.0175078335548627,0.251338352542328,-0.426714330789717,-0.0496212956327757,0.0029984147041494,1.0
152003.0,1.98457109046938,-0.222045668652306,-0.880188811208316,0.370942309038201,-0.069247985516889,-0.244881568308859,-0.255269896608944,-0.0041595247318995,0.464563046687387,0.247031493959368,0.901013147929077,1.10538499953661,0.175366118289363,0.266999754595604,-0.425045330710915,0.28167940896507,-0.691963777637822,0.0979547566057598,0.148850921029482,-0.159365133873355,0.0176130280370665,0.1374260344119,0.244174015217973,0.78914886612498,-0.212269936581159,0.169414152388373,-0.0476400220827195,-0.0548770038176068,9.95
125794.0,-2.17927768913217,0.894146762055431,1.52865111380553,-0.58362769068728,-1.12401713624691,1.9587853355066,-0.538042948880683,-4.12463711877498,1.22753830920456,-0.522392238701126,-1.89357700821711,-0.350695665788471,-0.014040403938242,-0.614537416359092,1.24168814064776,0.765983045356778,-0.764247229380306,1.11243613601569,0.377679915379829,-1.39312032778769,3.69539201854825,-0.729567385111488,-0.923195043458602,-0.963712497494578,0.409718693593535,0.0177080638787468,0.589305499544115,-0.299257722884569,324.0
41782.0,-4.20746060070577,4.12779380454187,-1.97502541824503,-0.12677392201752,0.027506954535052,2.74177601097343,-5.59413940550409,-12.0746784172101,-2.72074013044931,-3.73245705631214,0.152213639227149,2.06017216700642,0.213741196105242,1.3749119811091,-0.150101260599908,1.62317042114434,1.35471942396549,0.936377365640399,-0.441439087175252,2.9298276147059,-6.26758487194024,1.81956626033105,0.746430299461503,-1.49941837869524,0.294994415489435,0.396775765187699,-0.624526099653853,0.0843331860544601,0.76
164038.0,-1.24394492598817,1.68819533697734,-0.563574690010707,-0.888403585985007,1.37892116519968,-0.959252755219961,1.34832919366991,-0.932975675736084,0.48257495832173,0.0160476289975857,-0.839583906885322,-0.0990263324332901,1.04086432985396,-1.72911853015241,0.4643153998954,0.162005828838895,-0.120975312335196,0.689112535964202,-0.308516574502029,-0.204434986693945,0.371589391509969,0.943833135130944,-0.515099230653915,-0.69541219861536,-0.196229567363842,-0.319365222331953,-1.32295973897176,0.0019882100164586,6.56
150296.0,2.01133487835336,-1.20925788597775,-0.859452982896737,-0.722811776394879,-1.12031913036058,-0.92473537861984,-0.673216296350407,-0.212814611448103,0.0544748920691869,0.730508740847056,-1.02498174958312,-0.849493518873171,-0.446825858385934,-0.207373889203588,0.115915627297382,1.08499017536052,0.201647653263755,-1.25242414219059,0.604758619608004,0.109440451226248,0.240570489723241,0.527131569096671,0.0836524744177023,-0.0995014606285615,-0.176905230612668,-0.179834569509324,-0.025804089458129,-0.0385519522527115,104.0
111100.0,1.91816778947985,0.210352254581389,-1.11381114618402,0.927490700954836,-0.303464888368936,-1.78478324517999,0.126476244543797,-0.465551141392412,2.16148212698884,-1.29222122374629,1.39528166425061,-1.64236904741335,1.86919676772846,-0.204504069369498,-0.976320739726952,-0.288635837031167,2.22059061971675,-0.0055064999448528,-0.448184682435652,-0.175912897458799,-0.326712450631316,-0.451939281421264,0.280742267183623,0.758042153837985,-0.196296618321889,-0.188662664461887,-0.0310551673962182,-0.0104291000187851,31.61
166919.0,1.76692229258536,-0.292502799097178,-1.44130358833496,0.615478693298734,0.133747638753215,-0.295013066062525,-0.0549887055927565,-0.0250547243323573,0.36855256156569,-0.324860410652326,1.36163960065398,1.07597012104229,0.452286943086984,-1.01803394030398,-0.293027415084082,0.618030235503399,0.301548380132857,0.526098147624052,-0.131002076573234,0.101171584587762,0.0142908206896479,-0.0688842251856611,0.140701445485206,0.637559222182648,-0.26067951436137,0.156784038956699,-0.0458891546133535,-0.0094899062614922,112.75
137360.0,-1.29871021818178,1.43414063207804,-0.500171693884041,0.736463864882018,2.14039277498188,0.349878888115954,1.01077048365196,-0.856596969918022,-1.04749935500503,-0.532958273767029,0.303045119487065,-0.224880814209546,-0.559236277337486,-0.888750418210798,-0.498415288266252,-0.229989874750523,0.905620328303549,1.14096764755978,1.3740521991613,-0.309499605783632,0.680088607563645,-0.251367345184847,-0.325006814683362,-0.335256091761895,1.28553913100603,-0.180619627947543,-0.102037436387702,0.0619418859678639,1.0
68207.0,-13.1926709562391,12.785970638298,-9.90665002092758,3.32033688288942,-4.80117593230105,5.76005855618556,-18.7508891580107,-37.3534426378925,-0.391539743919107,-5.05250236713858,4.40680552357904,-4.61075647740608,-1.90948796970811,-9.07271093398351,-0.226074450896345,-6.21155748212485,-6.24814535335983,-3.14924669470095,0.0515761185277783,-3.49304991519446,27.2028391573154,-8.88701714094871,5.30360690376998,-0.639434802306313,0.263203123457008,-0.108876929971315,1.26956635541013,0.939407362758877,1.0
166950.0,-0.394843517736372,0.96697597927866,0.048147690774327,-0.258579455532236,0.313199785148883,-1.10964377853891,0.633444160228858,0.148357431551415,-0.510601488878435,-0.728972811813939,-1.09512801033745,0.425626967822093,0.495484742719917,0.475859690864365,-0.260790569326049,-0.208431902703456,-0.0989600187721709,-0.628131402752514,0.506238192658056,-0.147201777956119,-0.0934374550364209,-0.335486779768171,0.138970190124421,-0.0051269256365615,-0.992663026932328,0.139087612504076,0.044933494107455,0.12871008944523,4.49
171917.0,-0.313639176445619,0.970788202431766,-0.33233076441874,-0.683067989276951,1.09951471752309,-0.607828570155343,1.08090844250795,-0.255495188772404,0.0363918692618884,-0.0398961225880514,1.32944664580242,0.776301253833539,0.343000978022599,-1.2250992443077,-0.929687791827318,0.367417241461227,0.0104208691051542,0.129885588090349,0.0012524064104348,0.177380491328583,-0.365547461668449,-0.647241186364662,0.164404867811474,0.670894990674832,-0.412503334944319,0.0549115653465999,0.0633122939816527,-0.0949412219361284,15.98
118040.0,-1.523871997969,0.484636536159225,0.931615957185882,-2.51944538532436,0.111912563026946,-0.0794614682748627,-0.0833031485500468,0.355026490330755,-0.467622529433076,0.18889327164567,0.598920163747695,-1.34820171270276,-1.56332290774943,-1.58079506611766,-0.646593750920944,2.17673497573289,0.503245505593516,-0.0885385810476514,0.278313900203679,0.354427831399006,-0.230298764810423,-0.649537274825419,-0.104675231140001,0.157919483476701,0.563813344699051,-0.450473164837085,0.315376304143039,0.348968494443598,10.0
157278.0,1.98478749950886,-1.93703612313285,0.486613320865159,-1.24553576618384,-2.51853616097183,-0.544524096654029,-1.81924359825084,-0.0748748693955504,-0.659776522988616,1.40703813077374,-0.494080539349093,0.0781407474440046,1.93323157948851,-1.23170093912216,0.336300016058499,-0.0076383096367597,0.229932204176183,0.391021158725805,-0.791485985190097,-0.127857541207594,0.174010965352381,0.889288606422719,0.218247604716709,0.492384100728481,-0.584598756762151,-0.135039829932695,0.0703189571145081,-0.0002050201457929,120.0
35585.0,-2.01900071938148,1.49126972926361,0.0052218157286719,0.817253270463702,0.973252233873376,-0.639268312778292,-0.974072997078786,-3.14692889107659,-0.0031590736890201,-0.121653217684609,0.0243696057661544,-1.07381224038496,-2.00276910919169,-0.895433620751722,1.74893630108012,-0.103527023620705,2.03119574973193,0.31759835677742,0.38676063692414,-1.02996468249782,2.83959610796444,-1.18544284096841,-0.142811875801854,-0.0861029384113329,-0.329113253522425,0.523601226377288,0.626282771397878,0.152439938058669,0.76
35757.0,-0.978137054478543,-0.0153897961558715,2.92718109919304,0.204713820420718,-0.355627113704443,-0.0163939324860657,0.156977332391544,0.111503357251261,0.0922303319699165,-0.441365766409138,1.04045777779898,0.579896413849711,-0.475999891188999,-0.421763964833886,-0.581459823318518,0.0972717277032939,-0.369522435190317,0.419913409446621,0.420253744596218,0.275298048031391,0.0344263367276039,0.151003070239536,-0.0794291161065661,0.553032562135508,0.111150044053931,0.290690508502138,-0.14582609326665,-0.145712306659988,64.99
27252.0,-25.9424344479142,14.6019980426299,-27.3686502881266,6.37839460769688,-19.1040334039646,-4.68480620428185,-18.2613929340355,17.0525663121462,-3.74260500983864,-8.233721369876,4.6648362538527,-6.52566786025865,0.92375858946558,-6.32597461208273,-0.0702237027595964,-5.83836021908828,-12.0616957125199,-4.77334851403019,0.852969608454831,1.66730429040185,1.78431598423494,-1.91775921336107,-1.23578743924962,0.161104731783341,1.82037804128869,-0.2193590586868,1.38878576213598,0.406809649908512,99.99
136259.0,-0.478231946914554,0.236432349808398,1.07197911430123,-1.01922773229749,0.670074498044684,0.765435532574401,0.0048088939372229,0.0726944716608763,0.973873225563854,-0.146147973517394,-0.0433069480361172,0.426466894356584,0.0521289196039186,-0.472529654928129,-0.181582443036656,0.656021011689995,-1.43224137253282,1.0348685080693,0.0492969080171378,-0.112388434699005,0.189519562468626,0.650237366547712,-0.0039568498847587,-0.133604651327979,-1.17237797956257,-0.669612199252214,-0.333320107824443,0.135602536062721,1.0
49372.0,1.49742880836394,-1.14974018863433,0.572842584412693,-1.52087107297263,-1.64584850319239,-0.444841476880833,-1.32018256013221,0.0967997362483349,-1.70402436283543,1.63994941285194,0.66670716136937,-1.21858488284626,-1.2906185113625,0.150924569843637,0.274400128055898,0.18832924944176,0.15545515687283,0.738678933568929,0.190683198528555,-0.433231936862184,-0.364730452313036,-0.802356950433655,0.154807968023106,-0.0974746389758946,0.0883119334222499,-0.400265766674131,0.0285849626728501,0.0110623445351567,5.0
37717.0,-0.602465086766322,1.29862180121129,1.23138443290751,1.01628517967243,-0.399335878210297,-0.875420080880562,0.409569954903691,0.226321489215926,-0.875350867268958,-0.48899296726025,-0.266279853145346,0.617026430650726,0.979722277263529,0.40497274299,0.902956258546631,-0.270519268830851,0.0106172782010504,0.0921249536734505,0.216777975932706,-0.0334547386205932,0.328814792464186,0.908881979256149,-0.0961028830876277,0.764883284611034,-0.227828588895945,-0.280734992501773,0.0610347077878602,0.105576809312009,18.4
145134.0,1.79306975402501,-1.09903679799757,-0.971961890888606,-0.94314398619795,-0.519937429813658,0.0542466424389126,-0.607369137522265,0.0825173793995673,1.31442812838058,-0.271457120210131,0.524571744069656,0.883195911385224,0.215446502138648,0.116611268268088,0.575175910780673,0.632213693698704,-0.975947834864063,0.808989713771109,0.52941697065279,0.167713304844462,0.270026490212363,0.58208781525075,0.0194103264481637,0.2718777505036,-0.328939417540708,0.670203132720989,-0.0727141464153162,-0.0370266667503186,142.0
4641.0,-2.12220578160753,2.50171019780092,0.679881019383323,2.0272730663188,-0.440994152922276,1.17485634332534,-0.921126461606749,-2.55482417122094,0.744768070034301,-0.0325086827528197,-1.08313257578282,-2.54464366118523,1.45680697390315,1.6470072814988,-1.58745202404426,0.601252769748725,0.674698405789333,0.138486788344657,-0.389189263340929,-1.06365199004746,2.66228199578609,-1.95443423698755,0.352348083721544,-0.5998311686167,0.0919959671569889,-0.227466617137316,-0.481958432572743,-0.334715794659167,59.99
167834.0,-0.42349359244887,-0.344244706534322,1.68458419501874,-2.45621679070045,-0.895188292296283,2.03461065186359,-2.28639170606049,-1.9152385636903,2.49175892515139,-2.58909160307553,-1.11698169499753,1.04111209500833,-1.21531799757651,-0.543730571795655,-1.67349427554755,-0.0345603063147242,-0.303941682369313,1.15058053090492,1.11372651785835,0.530535663900803,-1.28814507635276,0.735374999561479,-0.536248011317757,-0.291585145992115,1.74696088923711,0.129986782745162,0.0667413610445635,0.154193154364939,0.22
156630.0,-1.27964955023096,1.19417743186489,-0.380938353604429,-0.783052862100133,0.747392418432936,0.463215015063183,0.701703090446636,0.135350646973716,0.405651705197031,0.179749495650152,-0.232807135858667,0.639686248209201,0.231059923905959,-0.0418952749502107,0.176982410384691,-1.23960184047213,0.58658112213173,-2.31594360509796,-1.15397261099652,-0.381431510010031,-0.0550086973810653,0.0054015535274911,0.229104120133385,-0.948286411127597,-0.671194678111512,0.201104509585178,-0.915354010157929,-0.184437690444065,24.67
119046.0,-1.2650353059589,0.0968113412425373,-0.459097533530748,-0.561207256129056,1.35927297027329,-0.819931847629647,1.49657892394934,-0.450009524563864,-0.174650138473907,-0.322638509614394,-1.16983842935707,-0.141929316169228,-0.171911180839034,0.157091545818137,-0.727485992501131,-0.521340645293657,-0.273412257129663,-0.710942486347605,0.132347376442594,-0.624450985285363,-0.0525951175276063,0.40081243421613,0.488620449416017,0.663968375092256,-0.0485716471151106,0.442264095345169,-0.141646893915735,0.164988420022791,55.61
76503.0,-0.17761758375663,0.681893589952506,1.65658562190408,-0.189525674749193,0.0702961363356393,-0.807263533381734,0.889506577909636,-0.68894936450892,-0.0394943694704826,0.271110167261899,-0.108514443170407,-0.104529347311114,0.528209097713397,-0.460278005295001,1.23219813751844,-0.30873741524328,-0.305392434736566,-0.21249013363773,0.720811476815562,0.195320221632629,0.0711360605702427,0.533187813570482,-0.26779251267083,0.499802901728763,-0.177717217006597,1.09139512411036,-0.625612108877501,-0.430069360992259,5.84
146998.0,-2.0642397521399,2.62973923034009,-0.748406253034646,0.694992040498764,0.418177985610222,1.39251973416781,-1.69780121912626,-6.33306461223925,1.72418428025944,-0.887241636246378,-1.59425779202416,-0.338775118165825,-0.978064513351916,-3.68882599540221,-1.48708342266887,0.526946020771924,2.34702289955703,1.69122000470716,-0.736110693106424,-1.42448619962422,6.21551399149032,-1.27690859567394,0.459861127330875,-1.05168547489323,0.209178360382973,-0.319859444506001,0.0154338685560936,-0.0501165001659193,8.0
121511.0,-0.987567528437315,-0.609110148903159,0.148956824466247,0.334187271224883,-0.0802298930127561,0.534978202512125,-0.149407490858121,0.587457741184512,-1.68184518992365,0.407999057883872,-0.157698362162516,0.507323060592701,0.844703524359809,0.374676331388877,-0.386979171710776,-1.33263790251765,-0.312987207023214,2.35923494641676,0.136140265933785,0.0695268143478242,0.0404060232514263,0.0323945725678284,0.424907610534996,0.217883878214335,-0.755627336833047,-0.655041240217853,0.135156423989241,0.0702450443636234,172.0
44333.0,1.41207405052206,-0.598240853673536,-0.152532269188731,-1.20292046497642,-0.615922602204275,-0.458211684510189,-0.429189601237925,-0.0916115455713726,-1.08109387974511,0.813658168860872,0.48503393298694,0.0876943110776237,0.0132527965748334,0.38567306120624,0.276791120760391,-0.834874501919376,-0.493281169467637,1.42783266138314,0.0408727478771473,-0.4169065226761,-0.547862524833454,-1.20396979005954,0.03467155766808,-0.480162129417886,0.13432084589016,1.3006688477309,-0.105898863968657,-0.0160330181297131,21.02
143479.0,1.97853058655774,-0.862725891359734,-2.2857868853581,-0.687593214199581,0.912795643150846,1.18914280389977,-0.176560845971205,0.216459766729937,-0.666006524878041,0.772587824988403,0.481147502355714,0.562178187945474,-0.359178041679322,0.683063320034015,-0.288676391310762,-2.78332705614512,0.517484224852943,0.191331732195784,-1.0488455997518,-0.63031963592524,-0.222615231730646,-0.0261069274707029,0.0621299290216275,-0.964164552842566,0.143708963823923,-0.0955676811416073,0.0132313969269764,-0.0765485126346225,58.38
41273.0,-1.54750502173452,-4.59664917380281,-1.19135545299626,1.200474329357,-2.18658297405634,-0.863996008348321,1.98812066858512,-0.643275041622733,0.034777840007468,-0.876957120698627,0.0872866698617688,0.329981546282405,0.119173011895577,0.653480979594899,1.22389272478025,0.316293793871225,-0.0917666519251637,-0.452636407325077,-0.422790097443052,2.88404065883071,0.674570840934598,-1.3876657106173,-1.13558213165077,0.82447331501436,-0.415029045272675,0.671681375054952,-0.364124062326552,0.261682333634698,1464.94
143327.0,-2.44206394577508,1.99695000080856,1.00353062384255,-1.88371269940827,0.342860583609412,0.198287960203482,1.07071510353597,-0.916610250799301,3.1244596308103,3.63351320579034,1.42072997507428,0.178547658337061,-0.698647584114046,-1.78927741276987,0.0577287638469247,-0.266129017742986,-1.40667964954797,0.021956819989584,-0.160079034564952,1.31284013273044,-0.525933179311349,-0.445525364785415,-0.0435898381270272,0.61814457811198,-0.0159767664775007,-0.50210885184302,-0.714018885904898,-0.498345055879603,1.54
7740.0,1.02387386852139,2.00148526626613,-4.76975183220974,3.81919458538265,-1.2717542273697,-1.7346624268403,-3.05924503160896,0.889804791975203,0.415382113237262,-3.95581234352737,3.57205481558784,-7.18645159050588,0.147242340802109,-5.24930454889762,1.67833367358535,-2.64147310915178,-1.31205856007348,-0.391716050952505,1.11826355175812,0.204137684042271,0.343282648722251,-0.0541956644068491,0.709653952497143,-0.372215866946976,-2.03206836614816,0.366777602071192,0.395170669257609,0.0202055389458413,1.0
34511.0,-0.706804806792817,-0.620541920539424,-0.157520100584347,0.0560437619110482,0.0859975754483895,-0.700475896937575,1.46617084054223,-0.222543242431813,-0.862647437079147,-0.198575657078786,0.901572616369642,0.265887937995965,-0.248741236858836,0.751059727250285,0.123952954618375,-0.102776503666584,-0.346465306887298,0.353563955277247,1.18660801400902,0.786614753455023,0.391212814521241,0.474210926598152,0.793428972070593,0.0361049853481794,-0.98306270101492,0.926475676565486,0.0165108974702504,0.237029746574183,299.0
60205.0,1.21665927179107,-0.743578869075301,0.338312720487732,-0.507031322257479,-1.22255659016097,-1.01814934090024,-0.340843561899141,-0.247102634786755,-0.836714191551252,0.637262638465659,-0.491387069564801,-0.194502819541062,0.237289858244571,0.125449346307661,0.993141509471171,-1.1606717938492,-0.0652398874097086,0.886984620217265,-0.787947204462855,-0.295539691756022,-0.434629967634999,-1.00001071506555,0.0654066377427868,0.406479987014548,0.0591179571686921,0.894662116382049,-0.0728255194215112,0.0267973696691665,98.23
14832.0,-0.387390933227695,1.18619943919109,1.40340673840785,0.218442233755634,0.278907532192092,-0.460588037830576,0.555123775772427,-0.0167641625446456,0.883889254639719,-0.929780186751044,0.958387699149419,-2.49928806773726,1.74317847131791,1.03314307862996,0.407999240327192,0.0612775361256781,1.0186921944748,-0.313399315088592,-0.653756931027615,0.0472381034517451,-0.384367795062813,-0.760857082194288,0.0352347698693797,-0.038537508085823,-0.254887080173986,0.062834076558753,0.234123995371432,0.0887503182809258,6.99
122092.0,1.81184585350414,-0.0776404788895873,-2.17095262434473,1.21599196557467,0.780742993589721,-0.873515492976808,0.941272555415502,-0.447810682050931,-0.181636849597797,0.293714713556138,-0.828293795919453,0.135019169915073,0.0005231323553545,0.8153446340004,0.293052821743155,-0.391200421639227,-0.451881537551985,-0.412177408828956,-0.440433386312768,0.0291055370634485,0.197976358537397,0.341599345073643,-0.110409603326547,0.61016376199113,0.445191058269726,-0.522524396692669,-0.0599805497008137,-0.0337925227757958,144.0
70453.0,-1.02434402564039,-1.24001736748642,2.38949054766069,-2.12605578168768,-1.85394104327568,-0.160731421790396,-0.0812438674390025,0.0082385480046381,-1.97754598565654,0.341832172429624,-0.926334088706369,-0.869291832323863,0.939077619408953,-1.08515963681058,-0.408736428608117,-0.156407405744071,0.311045047225404,0.441782659492902,-0.848020194953518,0.240903794418956,0.146449945949491,0.445875541347027,0.220653078804553,0.382757155411229,0.474557843073172,-0.137772493869879,0.0120429538449207,0.0922829212852304,224.0
47014.0,0.33456472359756,-1.20584513284306,-0.136488968663266,1.56522801177299,-0.701558069724871,-0.278376270463641,0.548759373781507,-0.0986728334191265,0.135239103513171,-0.144929135354178,-0.421683838014881,-0.446720884398627,-1.25255625771436,0.725167815148457,1.39294106300485,-0.0211369475145667,-0.10406938266402,-0.262009612781229,-0.96550408783995,0.641744278031318,0.350595466483683,0.0229551039359163,-0.453389141925618,0.0762498725556488,0.392735471142078,-0.294039746140922,-0.0577784480103743,0.092893419779571,447.0
82419.0,-0.94167432473698,0.887613085299628,1.29423161169623,-1.04025770785101,-0.533292445546636,-0.671746627316003,0.165692144332855,0.53573224380528,-0.0475048701323925,-0.902303772658485,0.775476440570079,1.18696541006064,-0.161284289854464,0.0980709826078713,-1.8379034428219,0.0823417750824228,-0.145348886300798,-0.190675544220979,-0.063067374515612,-0.118315389347094,0.0532365570954911,0.298475775964074,-0.126077896725344,0.621692420097628,-0.195974795589449,0.871811476965731,0.155338133680057,0.111105204920856,1.0
56204.0,1.40442168235717,-1.49797470443003,-1.58430326110299,-2.3000793369248,1.098217265879,3.24696496716702,-1.13557829188619,0.660623333875558,-1.96027280881504,1.40494912398998,-0.486103139432202,-0.933322305967856,0.311294209709203,-0.198689987051175,-0.189487554822331,-0.643330854242446,0.37842697768205,0.139199152761056,0.394529452834359,-0.035927017389781,-0.20569661870962,-0.43634102152469,-0.203841794099229,1.01811752198679,0.803714062183786,-0.0586799117987127,0.0009939575422609,0.0188899383290807,108.0
44556.0,1.34446355479958,-0.866911050795755,0.627910311020948,-0.909773445370761,-1.15716066029163,0.0476770690324486,-1.17440081717668,0.178582419238268,-0.468994071620045,0.793813234100883,0.490174388633865,-0.688979944268813,-0.510402283277842,-0.119621513939643,0.573862380176909,1.9604901207962,-0.443290882474157,0.0240990533848036,0.822315994231412,0.118106163965989,0.382660344812097,0.933475097045687,-0.226972259211491,-0.476903897398489,0.468628391705433,-0.0147669032740145,0.0225512787581681,0.0093630985100231,34.99
78807.0,0.634551164325369,-0.667465668077019,0.226640454418473,1.5321731666125,-0.495972804321912,0.0917470625812936,0.248243216142353,0.0928330821592687,0.092973967193002,-0.0496172986852993,1.23110958399288,0.930065217034972,-0.897322130992617,0.467332009324938,-0.703818468414199,-0.522201393418658,0.134123757218969,-0.415481914476472,-0.228763548342003,0.267317979750344,0.103610661505146,-0.0907175662779457,-0.257016704343142,0.225889881253747,0.492453855253458,-0.366056509811821,-0.0142719742696535,0.048885479471367,252.84
127537.0,1.8798737559619,-0.288187219492305,-1.36093408779272,0.576304590530466,-0.11169398020814,-1.27918433207941,0.393463936459319,-0.453321177131244,0.275004815699805,0.150127296746337,-0.608481160461709,0.461930402306854,0.631210915102325,0.35552612245673,0.552296827855742,0.0017890842891004,-0.532561303212546,-0.272267627504952,-0.363173549966047,0.0164112114778678,0.288580181825965,0.762194532478145,-0.0585926603079636,0.126262205360222,0.101846708198881,0.476571774973286,-0.082557508954234,-0.0471356190704805,104.0
133530.0,2.11477664541171,-0.994524361683955,-0.892915412366244,-0.840288055713863,-0.821678642774241,-0.684773550755064,-0.686123280367418,-0.217645715361458,-0.0829472751034673,0.714023464554004,-1.02624154891551,-0.357210403871519,0.637412364438591,-0.437398246264178,0.0606652580575373,1.04581886115657,0.102855093333223,-1.39624370355188,0.638293350450659,0.0804354349821781,0.212311512954569,0.614968259932429,0.0885265428916,-0.381777367705614,-0.104255072127539,-0.157102164434117,-0.006957556875219,-0.0478837914266653,55.65
153265.0,-1.45805495864603,1.70926883694505,-0.828281653208722,-0.807663702264982,1.53041376997014,0.677427526269371,1.14781660154712,-0.503265656338854,1.80919541773713,1.70563273778368,0.704019384760344,-0.61695346919396,-1.11128646733241,-1.69345584698915,2.08022996980325,-1.62129981281824,1.30172672981784,-1.34453574993037,-1.83111570241358,0.424979508363547,0.210808668440763,1.42460465078909,-0.0670312964563278,-1.41311617385929,-0.619641787220953,-0.166949341173666,-0.587305157208905,-0.215219007728889,4.9
161786.0,-0.409776240397595,1.16342479089844,-0.689600804816603,-0.453366889941978,0.552618190098943,-0.897309377986686,0.625583469078936,0.185362499956089,-0.117427783255672,-0.39556508245809,-1.13634952349156,0.0484498206700121,0.0881206037843988,0.686563586706948,0.478603306876653,-0.28927226714861,-0.35573680318171,0.246490945168677,0.0761115094410183,-0.132698374342325,0.412831172461311,1.27279425318239,0.045214615334103,0.768160178668372,-0.730763243182466,-0.259865339723591,0.256481801740362,0.254003573655244,0.89
142734.0,0.0877590766032948,0.878004085526079,-0.362260813720003,-0.623090678356643,0.810856678925532,-0.536188237247028,0.755614571526444,0.138773324365478,-0.0918302496994556,-0.629275039841322,0.913693838315463,-0.159023631901134,-1.58932027540008,-0.512166285521464,-0.73834557258113,0.503467037491301,0.300934297899363,0.332604753426485,-0.0465573655457162,-0.078605589482331,-0.294058751731333,-0.797869291976164,0.119273991271964,0.560694945254108,-0.533199512434272,0.0973491588176433,0.212658998682193,0.0715609777107246,1.79
119807.0,1.93248972642194,-1.42670338216212,-0.620393330528314,-0.674915111951595,-1.39319953261933,-0.731565425994709,-0.918531770917354,-0.0967508121445252,0.299541462217486,0.71336896466781,-1.0313316464318,-1.08676921581676,-0.903583879170529,-0.229989839020304,0.363272007723225,1.17854123971033,0.237041674389591,-1.05528626512409,0.367891519959155,0.126869784966643,0.381694859790568,0.879760843105143,0.0448181358461906,-0.0710793104997424,-0.237658355642606,-0.0889705476797676,-0.0158783226631268,-0.031240880132621,129.0
124920.0,-0.334042535934089,0.714482575637175,1.66065676382459,4.27048737739882,1.23591664927944,2.73466899688339,-0.489210175107897,0.755566640919875,-1.4572062925404,1.25658344084759,-1.03839542113498,-0.549079008785503,0.418230738084652,-0.140380467389585,1.47026260036462,-0.693306395588196,0.73212921669495,-0.591510806861655,0.0467658808947258,0.243883118018748,0.424653300859915,1.36510397830793,0.0113280195560109,-0.538949801864449,-0.854082898492771,0.562248981159349,0.284185067113533,0.208689140909188,20.4
81324.0,-2.37304315520161,2.56343777068714,0.225780654125101,2.27404202122454,-1.00879140553675,-0.378412725595268,-0.474626651883922,1.5555289934813,-2.3658681986511,0.060909478890296,0.892558997352236,1.37773418874174,0.744496826453491,1.5657020206575,-0.366115730893346,0.848486895097404,0.127478643491883,-0.0974497696260821,0.318192756243208,-0.513653926674289,-0.0987227613098476,-1.08475552564313,0.388042090888093,0.46311161694371,-0.517477312937411,-0.517094123215422,-0.907652241154736,-0.148522812149903,24.18
162371.0,-0.154841013922567,0.843502785066412,-0.316615064400696,-0.150771068022899,0.674063866012972,-1.12048115216832,1.42171033268059,-0.364336030044833,-0.376531303341218,-1.14569005409446,-0.4260835943011,0.0379271104876733,0.63959495924315,-0.887975826516216,0.652459919792332,-0.0879681098289133,0.462276261321081,0.601749741527074,-0.173910869174005,0.154970756073182,0.403844931204527,1.17363022734121,-0.0435263391911352,-0.0872587224104979,-0.433848714310631,-0.161839152580289,0.207646555355062,0.252331225987811,92.93
90707.0,-0.255455218100431,-4.46764082977476,-1.79510082622227,0.295299689405747,-2.03057668267517,-0.114797490303587,0.611982848206171,-0.262286121672625,2.78785697801293,-1.0620396912458,1.34344111028078,-2.57054090656766,-0.0901164172161835,2.22891680473632,0.136982958067158,0.74817168695444,0.0084113625723454,1.445102682349,-0.0874717138279152,2.08814681691989,0.750651899696932,-0.230518594884035,-0.876947570665953,-0.320853000022109,-0.854518023442746,0.547668669564538,-0.305753624827548,0.129714820991278,1190.0
79486.0,1.06082930697468,0.0788315207035855,0.202007129456719,1.32609073306136,-0.248608103438714,-0.59258833275139,0.295920447560066,-0.117731931750859,0.142922226859001,-0.122074775513619,-0.179477968076586,0.325476158812114,-0.583615849116416,0.391475793832302,0.306932523253521,-0.779736543284713,0.323176521061238,-0.926014715988911,-0.57326147846704,-0.109521997014843,0.047031245918564,0.179702552093295,-0.12832283102347,0.422737142242115,0.694559677681718,-0.272693775706555,0.0135936321414766,0.0233356122224974,63.96
81799.0,-0.919898238203673,-0.356502251980389,1.12782144155804,-2.49473231978648,-1.00385864893252,-0.538542867409117,-0.443255825286888,0.389396947775534,-2.90976562644504,0.626096768863566,0.554377960397355,-0.272603609091894,0.824710313243833,-0.0318774227016961,-0.829597499517352,0.115614632699034,0.0413862111459226,0.827406889962872,-0.458586682287367,-0.225992463283655,0.146572269280746,0.450833932564915,-0.157821897492295,0.0082309909866317,0.292291727447763,-0.18267610981825,-0.0525587517740612,-0.0121882344438929,64.6
48097.0,0.240306494975979,-1.88576251663345,0.640169497778561,0.553165431181663,-1.22283463480284,1.05437055642468,-0.36772293907936,0.404477397757926,0.898792341964056,-0.494372344757083,1.2525737789879,1.14556403793484,-0.617393043462085,-0.0958558014444117,-0.426984526965619,-0.393849000569158,0.480768814896972,-0.892478820477806,-0.172912386626568,0.709138338909587,0.13034331576436,-0.341933383065261,-0.245602803758575,-0.209558488539744,-0.214970018042996,0.908387708662571,-0.0872111958174011,0.072199227941315,440.2
158550.0,0.0636994221648099,0.146511934187047,0.84374118765728,-0.532952020226546,-0.0063100908694696,-0.219382043232669,0.293401996648961,0.133294669897555,0.715519568419354,-0.857106493281793,-1.13587560597207,-0.151231028531252,-0.539067402114232,-0.090549248919645,0.344905373407787,0.35877090059684,-0.686359194307431,0.0504787203425906,-0.348672640242757,-0.0688545005723111,-0.129308634544024,-0.496560931555245,0.263993966999072,0.653535353553266,-0.305080475410772,-0.688664523603367,-0.040553369992841,-0.0653353907666949,54.99
127583.0,-4.07730401825524,-1.1237438016813,-0.909737845697767,-0.558431023771731,2.36421358495462,0.935329676479058,0.540064724063653,0.1844081849278,1.39028297376763,2.1080133151832,1.84947188219027,0.430173977349678,-0.789007563776936,-0.234245128216884,0.849271501598751,-1.05482128662282,0.120150490446092,-1.55183062847554,-1.49175756618537,-1.30216340710332,-0.419648704816902,1.99920594091523,1.32767733515171,-0.496525114581802,0.0325615038497988,0.675537241173249,1.45096544042647,0.514755757443495,33.45
137535.0,2.07151784388859,0.0859056086051971,-1.28193036563996,0.3601960201195,0.0646508478181691,-1.34593559180272,0.343199520274231,-0.476808765965208,0.411857507107165,-0.020981834946278,-0.479433440963237,0.947612430231064,1.28042214652072,0.246507424827247,0.606596804316509,-0.276132565181097,-0.569116701382794,-0.216852310349743,-0.243765770265606,-0.165298545561196,0.260509228477446,0.976351596569147,-0.014853898666416,0.11703438142125,0.307685750391878,-0.115420016293334,-0.011898516477129,-0.0556887452096956,3.0
154994.0,-0.0225755260237063,0.889516054782321,-0.439390652551027,-0.741552136147619,0.855750502040431,0.23530403480731,0.729547850680923,0.0265792756178535,-0.0528789072302044,-0.781324435456038,0.58912033898087,0.404662215405581,0.29021527470604,-1.32666344000342,-0.639251453497529,0.873171043871665,-0.0118769296854854,0.83931744762764,-0.0177261469665041,-0.115996356672111,-0.01640225774555,-0.0633433044529947,-0.0751088699231645,-0.0469409056155675,-0.417748971091375,0.293747223124958,-0.246990729953522,-0.0018439816829515,46.0
82086.0,1.2183324671503,-0.382436298771524,0.335966778420101,0.348092539710377,-0.525144556686997,0.194195704577216,-0.503181116210038,0.124687790844151,-1.22456993650807,0.986763292451856,0.930014150669315,0.375058315281714,-0.0294522972887525,0.425789864051952,0.439249550351001,-1.28324452996439,-0.307834176033312,1.46766837511489,-1.18717461781161,-0.515631974743912,-0.255944869679078,-0.310494376671091,-0.0380568489697778,-0.350943770813926,0.418285538029757,-0.297242402448075,0.0524529105342039,0.0168424174424994,34.73
83975.0,1.20534452467727,-0.294306994760822,-0.172585841235834,-0.0212684208870557,1.40618854168315,3.94482930568368,-1.30306881585778,1.08758406358386,0.564243393583845,-0.0053988573866495,-0.244174945123293,0.0462154583342043,0.249850105177973,-0.034973352024196,1.76175525587589,1.08690481259875,-1.2701899138558,1.03975482623243,-0.41953907236966,0.0365421738541327,0.204389520405277,0.491523083690139,-0.112467773782181,1.01399759751517,0.528378279468956,-0.240060274102555,0.0783064274049662,0.038132017549412,14.99
108010.0,-1.23167093498301,0.225556724499643,2.28715089505515,-1.92599186397247,-1.20712778166389,0.557948271885451,-1.27651412217114,0.841264443820451,0.666373396859191,-0.435181348950637,1.35610218963153,-3.09267939570146,1.00085028021107,1.05431520946529,-0.978107335432171,1.95406748551658,0.565511788897041,0.399375781469294,0.222459679237959,0.0911038777866759,0.324066425653428,0.970530594914994,-0.330121190164739,0.71380585035252,0.390928368716302,-0.0536430260811861,0.0266881935731318,0.0510718148469184,16.99
39378.0,-0.973942840632594,1.17106422751774,0.907219236590858,1.350711452422,0.251160080449764,-0.0156346235093623,0.608003584469896,0.431913541170185,-1.70297520423052,-0.207561550883904,1.48184460603511,0.867046744440533,0.331294162718385,1.07068154400518,0.963520268559955,-0.945655747716865,0.532456094460463,0.0793622688679395,1.51081478116542,0.215935766204038,0.240438435790267,0.48830224483649,-0.226887270948311,0.0482132107194501,0.498952373808354,-0.001600611928495,-0.0452871383337728,-0.0279638668166282,55.63
75776.0,-1.07818427504042,0.201606392594654,0.83962229027908,-0.494824346374221,0.507284345715839,-0.817663794577481,1.72382306205631,-0.27838784799678,-0.880732825501635,-0.92862987529271,-0.838703121101034,0.102402853165871,0.646276016759941,0.223666549987673,0.110598016746475,0.341069749455244,-0.736695719949861,-0.59499037133812,-0.275920084540816,0.465133812955331,-0.180392765262336,-1.06183119597401,0.403184036221582,-0.173165605466257,0.0992892133768626,0.0087456672618425,-0.0752408682749666,0.112548888886126,204.9
116572.0,-0.0603018544445645,1.06509322305841,-0.987420659335406,-0.0295669263015174,0.176375675350251,-1.34853873778122,0.77564426910357,0.134843223191443,-0.149734361017963,-1.23859782964672,-0.841133375918552,-0.586472388837541,-0.779619560269976,-0.436671254631116,0.747870869919611,0.266437282992763,0.703234120274037,0.916719418481688,-0.189966700503994,-0.169705933860406,0.355575901074426,0.907569764864002,-0.0184544448103831,-0.12626947334561,-0.339922557140574,-0.150285486710832,-0.0236339772764892,0.0423297321766305,57.0
100943.0,-0.118445284502266,0.358954843959466,1.19238242268839,-0.729443042036618,0.0305011649874961,0.736488312205605,-0.362578861757593,0.250601762048232,1.9361294750363,-0.664630343309533,1.18777661436785,-2.05318733718387,1.6024788248943,1.09188538845983,-0.952304969342376,0.963030639976056,-0.417954784308768,1.01633014168621,-0.325174472051664,-0.221337569386578,-0.01029640114368,0.17772985221044,0.117088151508662,0.172803174436021,-0.820513071674371,0.327716301065579,-0.256077460970416,-0.0169752518533598,14.95
83442.0,1.20786882974312,0.222844620554133,0.0666024589337036,1.19630778389919,0.327502490523379,0.316073000425037,0.122807719920658,-0.0158373118780892,0.213169927571477,-0.153356583046633,-1.13436556867019,0.726185481218541,0.9044434451359,-0.158969459039107,-0.129806307361199,-0.519708156646373,-0.0911524144571524,-0.812555635008135,-0.0607027620869072,-0.0894950924193482,-0.141471851633417,-0.141488788099559,-0.184375414638428,-0.733732036688409,0.801658049502008,-0.264073237108768,0.0430705261300533,0.0107936213007869,16.88
40052.0,1.37938886032606,-0.14944322531782,-0.674389804229456,-1.74689554048765,-0.0155586365545058,-0.994760859528522,0.235179129512176,-0.181062424502213,0.836896940653118,-0.821121938310937,0.783780217990986,0.606412217187079,-0.884728516933067,0.904142578773142,0.879039329595692,-0.27058955458467,-0.50799015904803,0.195101732700519,1.63273761723433,-0.120839835794141,-0.356950822993851,-1.02343999545734,-0.0341681090488266,-0.554686273061404,0.537737433351465,-0.250419108555545,-0.0365938469376909,-0.0134318441575317,1.0
154595.0,-1.04492603327392,1.28938152683367,-0.127798996744583,0.322831224816288,0.227628742405503,-0.262884067522063,0.118693949114534,0.793326026746614,-0.52769532461133,-0.897975438046058,-1.46305739607979,0.340604747789378,0.263916710760979,0.654377349477144,-0.244172191491037,0.199779692326484,-0.28107685932422,-0.0369864940690946,-0.570192289206095,-0.387740559050152,0.164972809216504,0.203343962940222,-0.137385695444214,0.584225025783667,0.177173365598991,-0.705496612797039,-0.282191940574968,-0.132795039882413,20.39
148676.0,1.86773064624078,-0.889283636592222,-1.79974886182402,-0.391518573006921,0.123349715012824,-0.324219075036771,0.231727286612808,-0.330805567267893,1.30281718369783,-0.493582123660978,-1.89668249774524,1.00696451658697,1.24185111375319,-0.443925978682543,-1.23710401606285,-0.844881148968825,-0.0213617604233541,-0.71335253622237,1.05742603569155,0.175524030106413,0.0698787960075141,0.402410658133785,-0.266252127951989,-0.889446753774543,0.317157951045681,1.14294487879574,-0.10517611505923,-0.0646304378951427,148.22
3234.0,1.22140021485006,0.156468144422123,0.202093898284009,1.00297729075903,0.277528621560391,0.609759003004177,-0.0939705037467778,0.100047917142539,0.107886092568655,0.0215425259155715,-0.0661091100711063,1.28648267983897,1.12598116456945,-0.155164243356487,-0.910065173258089,0.317712603794394,-0.892610830749368,0.257325559914413,0.787058985197763,-0.010645258152423,-0.289409518370547,-0.664388740769195,-0.159016381336491,-1.02515706841614,0.671850569634473,-0.466595796842878,0.0377240418977236,0.0083715440935093,18.46
146570.0,-0.818874322615673,1.03099525457409,0.660092107116686,4.45947703572052,0.0485192518269079,2.64144777101025,-1.33034402632034,1.6855714384072,-1.67613983437845,1.19175799692755,0.358638665714082,0.0075579812047267,-0.644307503149844,0.852254264028843,0.862599665978481,-0.223740142942953,0.962252318929446,-0.150726914794361,0.140431372988587,-0.183941535382605,0.460907257581232,1.14325268712406,-0.040995004971018,-1.4227335745142,-0.516386856135642,0.616179016779033,-0.26649518167641,-0.260420318408681,22.68
155662.0,-1.92861326665902,4.60150558710842,-7.12405297794577,5.71608803673092,1.0265785454506,-3.18907306708797,-2.26189690158112,1.18509635557546,-4.4419416151592,-6.64615382952148,3.8278680907164,-6.51864882248249,0.25113654845891,-12.4567059527055,-0.649166482109423,-1.28314500024635,-2.71855972503703,-0.0854660890712058,-2.09738547120766,0.328795983029392,0.602290585417557,-0.541287465014078,-0.354639278954951,-0.701492058320209,-0.0309729820836431,0.03406987758686,0.57339303199888,0.294686316081238,0.77
169928.0,-0.809194158345233,0.887938730201159,0.325268927618133,0.185912704803791,-0.440904148284689,-0.509048750132838,-0.142350128709292,0.214690950995469,1.09834054375112,-0.367065425421347,-0.481505254780602,0.424044558044065,0.902500994765164,-1.73432280025321,1.00005110567475,0.396956167143322,0.522390041044977,0.773072983626902,0.027215179473344,0.128872658957565,0.0284543356595095,0.503251437798946,0.0483800549559594,-0.102184271705664,-1.03702015006175,-0.468858253780618,0.0630109038349111,0.0095458844425101,39.83
406.0,-2.3122265423263,1.95199201064158,-1.60985073229769,3.9979055875468,-0.522187864667764,-1.42654531920595,-2.53738730624579,1.39165724829804,-2.77008927719433,-2.77227214465915,3.20203320709635,-2.89990738849473,-0.595221881324605,-4.28925378244217,0.389724120274487,-1.14074717980657,-2.83005567450437,-0.0168224681808257,0.416955705037907,0.126910559061474,0.517232370861764,-0.0350493686052974,-0.465211076182388,0.320198198514526,0.0445191674731724,0.177839798284401,0.261145002567677,-0.143275874698919,0.0
13679.0,1.25090196808312,0.0686418048780354,0.795901319772275,0.101393539486118,-0.517354150317546,-0.353502056667727,-0.46014557568987,-0.05810139281355,1.36771069038511,-0.379550546281307,2.19645870691333,-1.47079968205155,2.20203721126489,1.60697545459163,-0.186055173247464,0.77873628492375,-0.0807513052201306,0.394561987164894,0.168353949065631,-0.0591826404132215,-0.311140095743927,-0.669418169740162,0.111493189165185,-0.0013073498889232,0.0160797920642257,0.751373389789588,-0.0900312915269147,-0.0045495384747807,2.49
14488.0,-1.10253895751981,-0.300842467301268,1.6895520465039,2.03535140910701,0.408255548208304,-0.0064521123868693,-1.12049908831416,0.0660545601349793,1.83191386649488,0.332472669791539,1.45805160836714,-1.88793863466943,1.39934991146366,1.24938215451959,-0.52333514896308,-0.33975967921446,0.641913934421573,1.14994478446069,1.78396559346863,-0.619999296937562,-0.134786080720329,0.487382067562207,-0.347841862002918,0.0061697501554965,-1.52815116684038,-0.44525669433871,0.258996980507152,0.143692246724036,47.32
35273.0,-8.3134018411496,-6.27072017945119,-1.3338014291633,0.218198950695879,-1.10103136719025,-0.32710016525947,-0.677812011641866,1.07346749074011,-0.625128302133307,0.0123589495010588,1.0625042311529,0.0669897684368213,-0.670934330066567,0.584595524748537,0.126442635003156,1.78090613201101,0.90986973929117,-1.5408377197469,-0.179872117654734,-1.54276628761826,-0.107142387510678,0.310856142133207,-1.41596207324803,-0.043643864430505,0.226257716714016,-0.278380601390539,-0.411807417529152,-0.2893858544423,84.0
44390.0,-0.386835726832729,-0.701760873560731,-0.43451399333252,-4.5195087450514,1.79463445469879,2.79093031695115,0.0295611816751126,0.427494188829564,0.192987142080593,-0.786074820630888,-0.0938210615712464,-0.0147176643351423,0.193977940558227,0.0533520900167761,1.86912133055375,-2.32773926380638,-0.415427322465318,1.99952234787001,0.870988018342019,-0.226886848342302,-0.355981037483396,-0.447652241722617,-0.159429458159402,0.983600947512357,0.0834966170088243,-0.896496656860096,-0.0801191299410142,-0.0653760805375642,71.65
46212.0,1.47806458921507,-1.03012604669933,0.966802098377389,-1.24433149804143,-1.95986428830843,-0.980621443101122,-1.21749272874218,-0.18653841760533,-1.6855644385761,1.41402314769313,-0.147486964645533,-0.562367621556254,0.976186984332529,-0.567592680143274,0.767323535619918,-0.26580632004872,0.466510634264987,0.145772531418361,-0.567172258001307,-0.303402875279207,-0.0346689064356161,0.337715700417367,0.035758646281185,0.728505732197011,0.312603989447425,-0.125326529794318,0.0554128304999928,0.0314480272233255,11.2
155815.0,2.20967308816763,-0.84897784761183,-3.53909679862222,-2.00897746367061,2.41187393882885,2.69730982436231,-0.332790212554336,0.470968305790355,-1.13540648215122,0.937017227646131,0.182787948714357,-0.628110574893353,-0.114215780117213,0.577802277605278,0.348139544976612,0.360480971259506,0.272495839143664,-1.82889896223126,0.51949534388511,0.0769168421743618,0.361712388180384,0.881568409919839,-0.0524172538939083,0.767989732235504,0.476852358360037,0.0976800603242894,-0.0647530566509245,-0.0828717759116758,39.8
157795.0,-1.09524449799202,-2.08486258833577,-1.61282104198312,-1.65028590912733,-0.69943692831602,0.513547047736151,2.73329184994019,-0.284772443308236,-1.5750877294259,-0.246401417558659,-0.181472804964862,-1.02655085763717,-0.94510976484046,0.371276828671496,-1.75649263483503,0.854378647728466,-0.0874402403379363,-0.579409792095228,1.06566347983326,1.50284547037691,0.750287653327273,0.839512686258899,1.44625649225825,0.0320225941007407,-0.263077226122788,-0.259622976586242,-0.0652480312764561,0.265176912943714,675.0
152168.0,-0.672448027840782,0.491637667870908,0.735353036491622,-1.60440648166963,2.52307061624651,4.17459720371165,0.0731033063624094,0.984285565608111,0.196895445477936,-0.605256461514963,-0.0487729299729131,-0.0787971199914122,-0.240945283477865,-0.143477252972914,1.1419937386061,-0.207298585333659,-0.545435545633586,-0.122479096098911,0.287569079155929,0.294984210801314,-0.273838291675717,-0.586415312028574,-0.231397860112042,0.661985568384245,0.379673932922393,-0.406546444528197,0.171795520595392,-0.0926347830960615,14.72
60126.0,1.21487241060553,0.307969625075775,0.278628885051056,0.64298127751791,-0.185160761562376,-0.603602499369191,0.0068812511899125,-0.064238913970223,0.030872046281597,-0.325988092857232,0.152765124678328,0.313114992639154,0.192869623565531,-0.256773923609088,1.34720879876393,0.18660663416342,0.2737765011319,-0.746653387998993,-0.556363655876373,-0.115172395569298,-0.260681520410401,-0.71614803185825,0.159803767026284,0.0335164612831878,0.14316968939337,0.124258956919504,-0.0065060525983786,0.027226191624611,0.89
36537.0,1.34369889336933,-1.71024378917103,-0.83668112035331,-2.39474079397576,0.532274280677287,3.5455556785597,-1.75235515274876,0.846988470718724,-1.68558871085367,1.43003171091639,-0.310367250980217,-1.04676025821113,0.629017990823137,-0.396319196205727,1.0202555340059,0.195304482035215,-0.128502647654034,0.845266832240922,-0.135812889951292,0.0267504721977782,0.0075606371506548,0.0645091592232239,-0.162105453395254,1.01232490145405,0.493149862930913,-0.0432133247822416,0.0384238377521225,0.0394034796081268,119.0
27864.0,-0.106172123447135,0.921551234395363,1.5483041190734,1.27573547292354,-0.0178979083658334,0.253203352426213,0.333785861492021,0.0019718373924163,-0.507993045545243,-0.0417677798573577,-1.10013491735895,-0.141703665040924,0.986814165923854,-0.0271822143355463,1.91354462209019,-0.132911335417848,-0.322844626637737,0.788603830273828,1.51664334805315,0.256568332666913,0.219090268277298,0.739307474548024,-0.225168220669002,-0.407846556993298,-0.259046626044497,-0.0778533866376494,0.210453354936354,0.16236959612273,30.24
55957.0,-0.738415448109547,1.08758951828846,0.444006431394433,-0.550475226939108,0.627159684184823,0.843040039054498,0.146841446660647,0.776654439365951,-0.651068111049062,-0.407668380938511,-0.242885993352565,0.0916656375428593,-0.119252698556534,0.662768821378778,0.532845212329839,0.750336839368544,-0.802679126082825,0.351819653278433,0.590905713566892,0.0260690846330955,-0.216684677905726,-0.731773421957511,-0.126340802152282,-1.74366513017967,-0.0506020475767353,0.194018598299396,0.143004167262521,0.0270195451744831,16.98
78018.0,-0.938640830540071,1.96002834207662,0.702689970297071,2.99361050410375,-0.504392248379152,0.347759776399855,-0.362804770088863,0.94597578352352,-1.0223749215072,0.634980290841879,-1.54638657298897,0.573588268839161,1.25914821902102,0.0918969921389522,-0.36200234117481,-0.304828144693186,0.529001770805058,-0.0823322046736424,1.21051531824326,0.190052763885292,0.0123122694337864,0.268989909623768,-0.0704038206755922,-0.0675562594760362,-0.0419361641323988,0.294255878533832,0.233302510491027,0.0789315984380775,2.4
127812.0,-1.12277119445772,-1.78979421155825,0.391612708661154,1.53047899089486,-0.994141055918196,0.759142898607557,0.450284318254573,-0.760535017640179,-0.0503161767693588,-0.2900436596469,0.289173705428903,0.0345505443577003,-0.890042250609242,0.690948341629166,0.73080146766837,0.569016645724299,-0.703443978039323,1.39672169807602,0.264750731109181,1.256521120855,1.40373091384202,-0.0377681244723154,-0.998462697721484,-0.399068833495121,0.702190824038632,-0.321514600357307,0.0784057291315473,0.339235956546566,728.0
28905.0,-0.625124068531178,-0.314989391893898,1.33884183330315,-1.66571045943427,-0.299901304443481,-0.0963129571230186,0.876532288641138,-0.100803226201798,-1.32996696855629,0.195201170045195,0.775909693699703,-0.439636499564576,-1.51896041098153,0.192499119630479,-0.943147661981189,-1.73445683004711,0.0643852735168194,0.930106844711237,-1.07902964414787,-0.308615570751706,-0.286783367464928,-0.401023661969653,0.0431242703191262,0.0136738479490132,-0.0590381997050571,0.925153094778865,-0.202709217999394,-0.149107008870799,114.99
161286.0,-0.353354242107269,0.880415400061918,-0.467453032565807,-0.686384442078289,1.66367968385681,-0.401500169354508,1.26995170869338,-0.200069096335869,-0.889766841608712,-0.201223163557734,0.126781274874837,0.0600333737290292,-0.637174559170763,0.743428254591575,-1.01866117769326,-0.493185334018534,-0.423114747219147,0.193513078540972,1.05614314275486,-0.108439289897395,0.199550706979675,0.595125727163374,-0.495661844565986,0.278549591517693,0.233184618531314,0.725773695262282,-0.0765682773087513,0.103197452892042,0.76
113980.0,1.95805541554302,0.286332482507716,-2.52967502895538,1.45974385507843,1.00193782326685,-0.799036991970395,0.649964528539348,-0.260847852250939,0.315943660512403,-0.349230134176427,-1.01727304053758,-0.703460156033848,-1.38624418447213,-0.771678388808557,-0.168670732900072,-0.0778334249235113,0.959310782918734,0.284803732618872,-0.323403954443042,-0.192946768564187,-0.0433507279579856,-0.0807396846766354,-0.0570257256843542,0.260929410502595,0.464846899523959,-0.504522044308892,-0.01821138598546,-0.0194092942697168,55.64
58611.0,-0.16665481269707,0.75067304104471,1.12095172668584,0.164602525167576,0.672303779802818,-0.475997726368962,1.10851665473794,-0.303893377084884,-0.32522231372079,-0.298110359309143,-0.287443091471645,0.460737641152933,0.841301484367,-0.150295655471336,0.275187287385305,-0.102096591530525,-0.694885751201546,-0.547746603297739,-1.50887988246409,-0.0677828783414085,0.264992721736478,0.984378509492539,0.0346896050762527,0.0988939939747829,-0.880437162869788,-0.641099295945331,0.0828805098737637,0.0158993632967178,29.74
39870.0,0.967928604681721,-0.0695068574899739,0.311408189082768,1.12071209227855,0.469532867688751,1.69818889797006,-0.332693494126809,0.630606482707323,0.120485179550804,-0.0853426152790419,1.78030244588635,1.14242804921934,-0.953845700506303,0.491701531227644,0.119051995766861,-1.46678800541758,0.976702060405525,-1.89218023367756,-1.26677445697709,-0.317286045655268,0.0370009036547032,0.378213145914573,0.0268699878836654,-1.01621756766375,0.366493534105942,-0.229472354705751,0.085533026480327,-0.0060701955337292,13.61
43354.0,1.20266848770026,-0.0837929429831315,0.374643119278284,-0.175623614639687,-0.509645045621,-0.544454356562034,-0.192351037362627,0.075895746706865,0.07373218465496,-0.0466191203092142,1.73943846608343,0.576178581357927,-1.0272507974452,0.699303324791668,0.688233003591993,0.100659263391827,-0.106369166818402,-0.567578159137009,0.0276608092606251,-0.165322435902463,-0.150456505660836,-0.476506558934848,0.166250454909034,0.239872603506171,0.0088043458881888,0.85036011801578,-0.0802589001364117,-0.0097743838902396,1.0
69251.0,-0.783113761128989,0.653123068977206,1.43281810468297,-0.43610720036939,0.723339593529041,-0.851572237355626,0.582932575478866,0.0526931455119455,-0.418159234983891,-0.993713560453165,-0.184273897014673,-0.112635230065417,-0.259539692062736,-0.321118783565757,0.638998000177102,0.396246080489957,-0.0120307979665041,-0.616141090760938,-1.23666053564845,-0.0961112021447016,-0.134489003765148,-0.54819513450795,0.0532751701492772,0.0104625285255502,-0.41092950381299,-0.0839978708098082,0.0696185306440745,0.140379537047668,0.99
63099.0,1.43975518686222,-1.13243339982949,0.689557583717844,-1.56614326372879,-1.38079473103446,0.192638590361315,-1.40232883324918,0.132130655377526,-1.92853914228844,1.5353362987504,1.21466943961369,0.0815639354188556,1.14809217001344,-0.414329769298982,0.34878576168814,-0.178679017904804,0.24694093943562,0.385713803136469,-0.390206209532566,-0.294126882472143,0.0030049682730551,0.45773799994204,-0.0293026568584459,-0.286978193841025,0.302776749721797,-0.072964234043975,0.0684298123340124,0.0114305752043552,10.4
79375.0,-0.36493616011849,0.95654906009353,1.67899478424747,0.544639779160983,0.027153230933338,-0.430589087925071,0.802472394409026,-0.008072009124988,-0.617927690962891,-0.532111224326834,0.118297278639379,0.394318232804392,0.358899401928991,0.183790743358614,1.00739427443088,-0.26196545931321,-0.099866105077319,-0.7720760192937,-0.639476669145296,-0.0393344625558714,-0.087728877035062,-0.295088765532951,0.0840861267060846,0.364623266846467,-0.15903876387864,-0.664095651091196,0.0604714188479341,0.0382933627776487,31.99
74944.0,1.20977577291084,0.154296217481227,0.282584848713051,0.597371913740386,-0.492958035041918,-0.794217614083013,-0.150978202695183,0.0572787423027241,0.0770752199256546,-0.0553545877914515,1.28752047373174,-0.145779728249089,-1.86727625200367,0.309052467571118,0.614285215675571,0.770141750653118,-0.142150147818062,0.44381906170395,0.105311963212106,-0.19586663524044,-0.258453712169025,-0.883133641282311,0.139631500496704,0.234248539190249,0.117921197098954,0.0837247112887129,-0.0402567541741098,0.0165122815241559,2.99
143166.0,2.06447558161541,0.0562216887186286,-1.03025272987464,0.403974377515966,-0.0202512856111118,-1.18552025171541,0.280370724477022,-0.416307927398098,0.325281946016772,0.0318588561822062,-0.490168096160431,1.19931976262611,1.48719088531277,-0.0078177383486928,-0.117089328849441,-0.174756321379916,-0.366278449785635,-1.04754499150066,0.133434734527297,-0.135249909891584,-0.272847103649603,-0.580277738578339,0.325012708137897,0.0852753371412309,-0.251030302931141,0.19070437347781,-0.0612356840367539,-0.0569439699406304,0.89
41694.0,1.26439552674941,-0.0679960114481918,-0.589832845931017,-0.42613246160896,0.255629982141463,-0.426491437021354,0.299311402588887,-0.126415185637628,-0.172398158249203,-0.0209631101308788,0.433097893249654,0.330712865812358,-0.332816345646569,0.70060457350735,0.269392892688342,0.552867945285637,-0.795264026576915,-0.0599607126978934,1.06420672032991,0.0403586354208135,-0.385411789711904,-1.30283854307013,-0.043288397001857,-0.822449014145,0.297202385117914,0.788023753919307,-0.126869366249486,-0.0160574458187318,53.9
165488.0,2.01778278404135,0.627161948088366,-2.14424757415361,1.55333961899059,0.91106786197336,-1.15466546998546,0.730820336870223,-0.406123270122172,-0.0339207584924063,-0.384942085070273,-0.0674703953328126,0.605798121687958,0.535197092307511,-1.15148575779111,-0.449493524893126,-0.377172709965849,1.08495713386628,-0.197060560092859,-0.573116536464831,-0.194725359009296,-0.0087087201928835,0.239681070453088,0.0496291422529451,0.987403536071412,0.464532791178327,-0.547241996538667,0.0063878344612645,-0.0177063218981992,1.0
75286.0,1.26122948072531,-0.115456058387463,-1.72629301894459,0.334746082333491,0.658461520104392,-1.17569526603125,1.18193027323141,-0.729933717648797,-2.0314927234522,0.878499047763852,-1.22449427162483,0.0078550689524594,1.18185810927668,0.668399442692642,-0.0769308132296755,-2.25182341982698,-0.111490125732093,0.977110689539145,-0.62546240913514,-0.224041613873446,-0.0396057839117111,0.220663762862238,-0.650915179640213,-0.381787671761215,1.56505456248932,0.187847098049027,-0.0626318733942083,0.002288121003611,138.43
31244.0,1.08700226766406,0.0654586612400789,0.485043314687966,1.34387420439136,-0.283361031152261,0.0025198787456006,-0.0766647825507694,0.165383749401376,0.15186489891264,0.0655725461101882,1.19250482294411,0.810489768017429,-1.14578123826879,0.455425847433799,-0.710613315541088,-0.543406232461476,0.138989216641463,-0.438124509773357,-0.152541316545477,-0.223026675472364,-0.040723251098741,0.0160051731683353,-0.0480415372235608,0.208209397728401,0.571482253800505,-0.340377378717976,0.028643333520293,0.0076492724697299,18.56
96136.0,-0.870406669550308,0.740659389905405,1.4815790024467,-1.20605275823717,1.01059192197126,-0.315061567863121,1.0782564415272,-0.352116005895957,1.30464451568108,-1.23869986565057,1.23144099921359,-1.81404700749831,1.5087352748098,1.23107381926454,-2.42599550007129,-0.329474871547051,-0.0135907056247221,0.455545750736648,-0.0514693490972005,-0.145904683301683,-0.0831174299684866,0.297912754408481,-0.733450832916923,-0.32585493319303,1.02381663006017,0.15437068462344,-0.321331319077404,-0.221810008914925,9.8
157617.0,2.12851175648007,0.0100122429232796,-2.49033545165477,-0.312104320322701,1.04549676063749,-0.645536323537998,0.605366115075883,-0.289781836807486,0.0397129495064645,0.186940908474355,0.456394452216495,0.479683221673629,-0.494298124028547,1.05234977619291,-0.142077464516718,-0.27159276501105,-0.678917796658224,0.15761100991237,0.578846828101718,-0.208986901920748,0.154768500856792,0.501010351586805,-0.0898003793798586,0.0778118705008615,0.482350867037733,0.232930129361393,-0.0960494093654771,-0.0892812291799944,7.6
46628.0,-0.925240932130789,0.897583440669199,1.87414202962573,0.970998737005085,-0.385166068760598,0.329495534566777,0.081693343843615,0.277205716995038,0.576977819761975,0.150400401421073,-0.787323822808028,-0.156828456357381,-0.666644462446992,-0.310755595847182,0.543464183243992,-0.767325134492658,0.361254273762255,-0.14223135419353,0.182898017046613,0.154462281759863,0.146070888876702,0.841513945090711,-0.175191543965799,0.098912657388533,-0.084749625300089,-0.144432634842469,0.430700780258489,0.285853329126239,23.78
21424.0,1.15551245091689,0.0171696880196678,0.300475145239179,0.100259576455498,-0.021771681022541,0.112933219076806,-0.258074800957537,0.0789815642953518,1.16065350950975,-0.398162947589778,2.79545355475706,-1.61572557523899,1.33655072033403,2.03250521611149,0.0862473945180764,-0.241419926240134,0.784542467214247,-0.586770320799318,-0.636659375758753,-0.167903962866028,-0.0662780548247242,0.087403382534825,0.019467414741881,-0.279391528473977,0.176492885754807,1.04220599040735,-0.0912058841116724,-0.0228741598183832,13.55
111137.0,2.10368339073905,0.0305029416505572,-1.43868243444498,0.328225949511905,0.350530668408206,-0.731849294750171,0.0220854462509539,-0.319947712942269,2.15538404933194,-0.450025988249997,-0.158018298157508,-2.65590606373237,1.09026979122283,2.02315594143735,0.255378870382894,-0.181604763712064,0.117298982667324,0.557771664657523,-0.276774869620048,-0.302896582270527,0.0879413911288963,0.618465206100552,-0.00147033083971,0.418123923509208,0.344581857303995,-0.473182596834918,-0.0277841926407597,-0.0575675658497097,1.0
46736.0,-2.69700487856118,-3.45652055967638,1.36830370542161,1.1636577388326,3.15353333659888,-3.01480826717085,-2.22757763657464,0.234370361038654,-1.70326174966892,1.13763474795147,1.1669341036369,0.873632591952073,0.6686968963984,0.5466186249935,0.190144121353377,-1.77749374640305,-0.0803000250852449,1.79481190390478,-0.0506695196661858,0.625165447195885,0.0715227285519874,-0.464281234820453,0.881652377647137,0.463650394455077,-0.694408462206399,-0.577751902117867,0.0982363096327919,0.279536891656501,23.66
5667.0,-0.408406501803204,0.668479839089619,1.69200394412917,1.29809818662477,0.725949934119057,0.886787149192854,0.642480030781569,-0.351020070698749,1.79604143122584,0.761164796272321,2.26449212637035,-2.79500796406049,-0.556494552955894,1.28154133965745,-0.62595313974006,-1.49098048655027,1.15216185268386,-0.279601417314424,0.408176712439931,0.0351377393188025,-0.274927358914685,0.15359144064112,-0.203736495713935,-0.37532543712647,-0.302177684464362,-0.360291644568758,-0.565731874408872,-0.587496494881746,14.32
76159.0,1.53226152085177,-1.05843530216312,0.054176665573655,-1.56104750003796,-1.00601931006647,-0.0940559234544006,-1.03773460251244,-0.030288189103598,-1.71386200536711,1.41259072975686,-1.09337547527618,-1.34336106561653,0.109210556664091,-0.226235290204039,0.936543129594422,-0.425497365288546,0.512397078726516,-0.154322178848303,-0.284241749793732,-0.363783704406616,-0.246896128779712,-0.305583453313657,-0.0345804736694252,-0.803700650823802,0.408325328917422,-0.122886503615556,0.0417574191445756,0.0081778544585302,15.0
61948.0,-0.852968594416041,0.864940113527934,1.191680541846,-0.48412084712972,0.80905080607222,1.61933827784646,0.193145068170211,0.767112063484223,-0.303990357902529,0.0020121134355162,1.80781662151213,0.364370034216672,-1.09799315525331,0.573292208911504,1.39052775728849,-0.744670035633638,0.488171082094893,-1.58242428886402,-1.1452907293766,0.0410443861504367,-0.121926473843114,-0.154247431545831,0.0746242805663793,-1.40093994586852,-0.477917131839879,0.211283854452206,0.435962604808126,0.148841968503902,7.99
49473.0,-1.33207804914648,0.352081995823835,0.845219797989011,1.50729612538453,0.378844947819274,-0.887417954218551,0.439632014950305,0.343550972052011,-1.19588816316946,-0.432555037695998,0.0400321953911325,0.565363485628295,0.472079583142822,0.831467378679555,1.20179618589232,-0.725548494721779,0.542880102866188,-0.906335873096692,0.443156150235699,0.331789875525909,-0.043780644604998,-0.662395209710379,0.364147896676622,0.350467679337251,-0.574519934629142,-0.673017055737364,0.0450054798657325,-0.0291842774350609,86.76
117493.0,-1.08908789054764,-0.592121001933493,0.0508555100454179,-1.77162552679444,1.45957154895357,1.09310152050246,1.56772162799906,-0.121293142909716,0.81272774706368,-0.548822009995561,0.560603393896156,0.530860088004947,-0.859194440833384,-0.193994189827561,-1.18295159498898,-0.655797365230445,-0.5391061537601,-1.24997029993488,-1.54123652139356,-0.149428306436457,-0.103223570545226,0.338957448237356,0.0378603320712726,-1.63232854018918,-0.761127055824771,-0.350933834532841,0.0987488439530219,-0.212070310682275,219.6
122342.0,2.19892200114513,-0.544878702331577,-1.11109076453149,-0.722763436751307,-0.632334841865415,-1.53433040331874,-0.142904041457507,-0.477761762753872,-0.657002883016317,0.759646780350551,-0.111873939330437,0.255674609448606,0.988742807787378,-0.196085878891435,-0.411478849207018,0.39527207714728,0.543302252672468,-2.22210128908466,0.594158996392835,-0.0277260345537747,0.0659410712130448,0.305895314591564,0.245663112295839,0.437452351139193,-0.0459624793518688,-0.303984332096161,-0.028207578769971,-0.0588360251362633,3.96
38068.0,1.19508598966102,-0.0396262165029196,0.316307172722616,0.402772408908519,-0.299919867305524,-0.0700446228708199,-0.295558162434417,0.243370130963858,0.183407863307094,0.133003526428313,0.983897410660223,-0.297398437085101,-2.23740321343699,0.943230803222742,0.882173837932396,0.41981501446338,-0.371264200878827,-0.0816242536629653,-0.0474907303380645,-0.263469550207935,-0.228340142116805,-0.783149055180122,0.142975447712995,-0.382045435351874,0.0733844847625398,0.135520114040959,-0.0332346319666616,-0.0032394838027894,1.98
122710.0,1.95806768392851,-0.228600112532901,-0.896420367341104,0.124061231503846,-0.274014127419905,-0.2282698105212,-0.660040609449637,0.212707295637442,1.14797111121279,-0.525210592860745,1.18493197852702,0.460441134973693,-0.9878255620575,-0.91590504546421,0.297570412458194,0.808772968665889,0.295762976102605,0.813369852879096,0.0759004460568021,-0.213566846210378,-0.222140131980522,-0.579176948610761,0.419171706797636,0.545713977798399,-0.560592346581018,-0.329806115253028,0.013641635533559,-0.0154154701476387,0.77
125856.0,2.35189082773899,-1.09646226487964,-2.09809844720477,-1.68789763367422,-0.366428666210525,-1.03568405401202,-0.302165890267956,-0.442633927815648,-2.06584435919511,1.83520825400366,0.302530898722377,-0.218580112722587,0.415357966906124,0.17618322282446,-1.46340384091133,-0.975537680916249,0.372638422127167,0.157749536203412,0.520027359337622,-0.424993189320264,-0.0181309164062443,0.485644638336511,-0.0840743673509822,-0.455749912867765,0.424699747386319,0.119575626676695,-0.0497536879016235,-0.0907012219086654,19.0
159066.0,-1.55935653258074,-0.523267307516631,-1.76318605398313,-0.247172801246096,1.6540471970631,-1.81914654369868,0.0842796824030706,0.0340529610019752,-0.0389164194219173,-0.757245861527795,0.676623969163019,1.02025296355516,0.656620035620645,-0.44175357920151,-0.609701500980417,0.771943246442831,-0.180601413247486,1.13061631248806,-0.558763214573543,-0.711644524194908,0.428527414020989,1.36244200089704,-0.803381888138966,-0.289567520198553,-1.77710634034365,-0.534822478930861,0.439590722432503,-0.25236952744047,45.77
110055.0,0.110421301628141,-3.49389694781207,-3.78574873552102,-0.190308285749702,-0.348683019158199,-1.23168989111538,2.13473753769239,-0.881892193183053,1.70154852774925,-1.12236930193224,1.66631450617781,-1.89987972130671,0.713721421862953,2.91069461730867,-0.913615713914041,-0.935312508610291,0.598911825785057,0.482462181823642,0.519908081584169,1.85839326173267,0.795428427540605,0.308559023720622,-1.1741835272122,-0.297000191762096,0.286427599050223,0.535657508878658,-0.352222714320375,0.0667659320513379,1071.11
115448.0,2.06911328696763,-0.647445246261589,-2.17580595468443,-0.920957750309197,0.258031833031124,-0.468794512305476,-0.172649356673036,-0.188365315356664,-0.879733100806583,0.394521385889074,1.1050710669749,0.216376627209671,0.705835723802988,-1.22058625536166,-0.833973899973014,1.29351994532452,0.923237742386113,-0.812613431776614,1.01752360945407,0.214930167934059,0.0302711158180778,-0.047948911363714,0.0779252450624832,0.146309928609921,0.0206088406731377,-0.308265683610435,-0.0399460595292112,-0.0310045933970825,80.96
67982.0,-3.22063942165653,2.84603220580144,0.970488938420234,2.51979177977224,-2.07647212711287,0.557192435161463,-2.22026027958341,-1.84474128999704,-0.13812865739448,0.669082747471537,-1.25220754839284,0.0679546942758443,-1.19443155981288,0.637888928932295,-0.239954725930585,0.457898512249379,0.801941502638193,0.160415173487029,-0.293612113471523,-1.20489956446834,3.37107389620827,-0.81151239971701,0.666328282520258,0.82794726905287,-0.708841710014397,-0.140682183072092,-1.00135941599156,0.0164096170791071,11.74
67867.0,-0.589815087631652,0.946107554213644,1.52157328047167,-0.015439402648023,0.295574963488539,-0.7952895313801,1.40087487854252,-0.611457075712969,-0.178992718125888,0.316683064390886,0.432055756480356,-0.0648194100780789,-0.238672144666259,-0.149172250627192,0.888271825062975,-0.733695241600293,-0.0231294921948884,-1.00863796296942,-0.519795785207756,0.111344797854426,-0.0499817089204462,0.302011976180987,-0.141712513034034,0.633929788652738,-0.0420524211698182,0.261531042807574,-0.308602391811188,-0.350883930156732,33.17
60422.0,-2.09536365876054,0.919602864892029,1.62137486268749,-1.00639930396537,-0.840757137827272,0.66252836962291,-0.70534984007078,1.42743425093264,-0.127974560797386,-0.925730904157054,1.1773577028973,1.27940299601714,0.131090642272334,0.297156168903329,-0.104488612990659,0.342316614172026,0.190139743361965,-0.54685666250688,-0.906891004366747,-0.0243185902751942,0.085032950987284,0.231453508338494,-0.0183590714611786,-0.218754696727202,0.0921624231907818,0.948127756372675,0.151568703502205,-0.0359007506999018,29.67
69973.0,0.540095537684814,-1.74475275018712,-0.0225519242236121,-0.0145665087849932,-0.567651742566488,1.5044126860834,-0.458017855400744,0.417064250610078,1.18068915736984,-0.463370696226325,-0.598590997812858,0.221184562872999,-0.839608371084972,-0.137016825006463,-0.46075211360654,0.386554461305612,-0.383685043447986,0.178221281527454,0.938815247272331,0.633137961795887,-0.0591123206773225,-0.785352039306062,-0.425375106189207,-1.63449976576953,0.0934447936432839,1.02620385272724,-0.0994465147901512,0.0446381592469986,374.09
122880.0,2.02652990089377,-0.993196835842272,-1.16785150625937,-0.600631795452027,-0.414395490796589,0.191166938629387,-0.70671238850348,0.0698639528736644,-0.0033711230905442,0.741321057836431,-0.0534426752032891,0.39139974867466,-0.150560427138287,0.244243077889863,-0.184408084719952,-1.28247315032861,-0.65281812953189,2.08467729768254,-0.268363628675641,-0.511238477763702,-0.298261104384772,-0.398354229139447,0.14611928391168,0.0227854515892095,-0.0769301561241708,-0.692099394250227,0.0414128967188807,-0.0357004150172692,63.0
165770.0,-0.386683782475105,0.759089807710284,-1.56160291727167,-0.51877585265293,1.45154257441562,-0.674786540381468,0.161984484350681,-2.97587536161403,-0.577421144386577,-0.839037577331758,-1.48947764542323,0.0883873020468275,-0.343591268829638,0.855535869972291,-0.908709007462417,-0.330668670708004,-0.274857119842102,-0.443352472965689,-0.143807666022344,0.345093250966271,-1.06219157338796,1.23117497771764,0.506409339332939,0.522867543848442,-0.581923740235663,0.4799227873054,0.102320507897268,0.120940198313808,0.76
72877.0,-0.107349622196312,0.61874988587746,0.315207985390753,-1.4990392307786,0.325563410262283,-0.349822852452028,0.615545239009772,-0.228980508296367,-1.569894321496,-0.133246670820371,-1.08535414530128,-1.04175592286849,1.05285244123897,-1.32394052353892,0.563917777946347,1.66227012174415,0.484987824136169,-0.988407609570591,1.30785520214904,0.218530931113323,-0.338186156023645,-1.15162682636537,-0.0961985982914278,-1.12222157518619,-0.0309689439520185,-0.61031819267719,-0.0843092073272413,0.0194891943384493,46.65
149063.0,2.15250321943284,-0.561919163260781,-2.53213829563922,-0.571961518866153,0.315469142591557,-1.12602384093397,0.42352609780405,-0.42635004363106,-1.2981741099028,1.21458372653513,0.550575815090467,-0.0402173255833273,-0.960603086707828,1.06340257607307,-0.944195473977771,-2.03168872454133,-0.0145917093432811,1.23386591119786,-0.38447743385711,-0.589789496910692,-0.0451751903976419,0.319636760128509,-0.0827580611132687,0.814001317616906,0.444059560354315,0.963048689320417,-0.143041060679051,-0.0905879227410508,44.0
72615.0,-1.71754249665977,1.59983084995439,-0.520616718824157,-1.69983288018397,-1.19214904574259,-1.88577408725192,-0.116122108834547,1.06587501552444,0.850229860876313,-1.58678462954662,-1.05403647935554,0.333727817434658,-1.59602184245302,1.30262277098112,-0.0562746196397023,-0.654478570480373,0.522115019598987,-0.0482595812813526,-0.0029983408348632,-0.40650749547327,0.198594959882606,0.46454350705089,0.0355528652768399,0.68821133476802,-0.050306175517604,-0.835573853103269,0.0371732549679583,0.0978571781467996,7.5
135341.0,2.01950695917429,-0.436526424062332,-0.434141645299723,0.34101385624599,-0.49379759897416,-0.0677533001421771,-0.707456775087683,0.0402620470004732,1.24284473203616,-0.0019686699272126,-1.15527949950249,0.337889362594863,0.363837130049303,-0.321656184536148,0.387045016633135,0.394985186086074,-0.589274031118579,0.0746697583857086,-0.178724438327901,-0.152572488359075,0.141766977350358,0.612780001061414,0.176545155604965,0.637765106419059,-0.228367771654807,0.544868886885173,-0.0225321103431199,-0.0420024702454658,5.92
142690.0,1.99808964444044,-1.0756092703406,-2.74045504398672,-1.0403738851494,0.350645896863867,-0.905837762534932,0.42712562025953,-0.522578712813516,-0.908558568883194,0.853091084619445,-1.3747089905355,-1.10591782110402,-0.0672896570802933,0.411710115664774,0.0840612100567402,0.730342423851893,0.0621118085971329,-1.33901723825532,0.915017767623407,0.343514369149377,0.39290578814841,0.697381093587029,-0.285638944722557,0.0356260633618374,0.500895952390268,0.0757693900575769,-0.120529014961586,-0.0517835514628207,190.94
100516.0,1.91838882170088,0.778823678017031,-0.740754998116789,3.70508640714694,0.883833979631068,0.276497741223078,0.153857749972101,-0.129863460535873,-0.266207827567362,1.3119791684023,1.71993240119956,-1.71583387171083,2.5658046642529,1.84421192527945,-1.81870074739037,1.04534022549122,-0.505330568002234,0.451943770899635,-1.66377210752788,-0.232951612877023,0.137020972639637,0.625138910641214,0.0900718880290499,0.717090373478067,0.119219147454477,0.034632180214865,-0.0753542385212617,-0.0591173001224654,4.57
51273.0,-1.6104989769583,-0.494166236559141,1.77905485461077,-1.13894000613179,-1.22955661431562,0.585633591664964,1.27887497709475,-0.0448276093973444,-1.24798730414593,-0.304635897465178,0.229677758362618,0.298482644325582,0.218900456184752,-0.381842066428022,-1.46068600585963,-0.496431530033102,-1.09134768857369,2.01017421847125,-2.21394395866748,-0.650791813893092,-0.19374105420721,-0.0378562339842054,-0.243211194079452,-0.0036031653895016,0.720029980637913,-0.465115949661427,0.12530962429633,-0.0494545143050314,352.0
50522.0,-0.353652322886923,1.10262425475283,1.28750205475443,0.0685386117685275,0.0152910018363261,-0.988499432275491,0.707751030337154,-0.0658337840335639,-0.37501188523171,-0.509648251618427,-0.234298253349061,-0.151648337203864,-0.0178354279533296,-0.401331079204179,0.90934385065468,0.389186030541586,0.0164088748556514,-0.120515579214864,-0.0911311790708417,0.114872181423664,-0.262529023821866,-0.701089775992068,-0.0034125698746002,0.330085990141523,-0.163497621012226,0.0722062635784625,0.24324236263029,0.0984430696805367,6.56
148631.0,1.52403017809165,-0.25619613522599,-0.496220545846139,4.24203116240644,-0.0574045372090799,0.310274952863029,0.235311353892122,-0.0156328967565206,-0.214585004586628,1.13279243801692,-1.94166117428661,-0.0301667392522381,-0.563789021279815,-0.229152819153019,-2.52864567064721,0.181360343558031,-0.162113963048315,-0.993290472461305,-0.83272143825743,0.0302665591403383,-0.268023459295289,-0.93380304966695,0.125538673888614,-0.161614727152237,-0.194828424788882,-0.272002256278889,-0.0470656927365725,-0.013568302273515,193.46
148731.0,1.97363300056492,-0.509298652181594,-0.601227529191758,0.183163881898662,-0.274366381198226,0.424502012414477,-0.783822380901459,0.227081913024835,1.27432886422578,0.0032503815321077,0.169519877014585,0.812861447398115,-0.125185045122809,0.0062998910136166,-0.113229179109072,0.465485999166683,-0.950939263607929,0.935365103391269,0.269696215539184,-0.173897555168668,0.203503598231384,0.752200725631135,0.0771592792076983,0.210828807279822,-0.0473305921448728,-0.233161468493631,0.0299216084050861,-0.0448481498308447,12.99
138586.0,-2.98693851677911,2.11108743698354,-1.67251569774032,-2.10171091217342,-1.38154828474741,-1.21310016209179,-0.588836102194286,1.82745407545371,0.214091518292635,-1.64597905888969,-1.67231596376598,1.13569364328831,0.0976796198757472,1.14975725015995,-1.64263291550972,0.29306799992217,0.41025468426596,-0.571028891549988,-0.966113879691172,-0.656567070799888,0.341046319911057,0.522655536348863,0.080944037920325,1.23792127221692,0.0071028980922026,0.661396364625239,-0.728052312356139,-0.0896822012026657,39.0
72126.0,1.15244155996086,0.0473885453109505,1.30747703827796,1.33261865871729,-0.883447905671839,-0.17366849243625,-0.484410890159194,0.0282295697058575,0.724316703553419,-0.234497027214502,-0.601401554792022,1.06951638832719,1.13751951520659,-0.57922139281625,0.0572711966443752,0.0261043200113713,-0.310983525026185,-0.197993832265539,-0.219230331970302,-0.0620093783722491,-0.0493218166772335,0.116819396674814,-0.0179557378424377,0.426276440071253,0.452056439229833,-0.413030890177532,0.0795728458851597,0.0408229578450051,9.99
112715.0,2.09692285797977,-1.029668242322,-1.77287216908649,-1.1692363682468,-0.159513555232839,-0.432954071844052,-0.363974026020811,-0.229456042860312,-0.705064561412276,1.0057854168382,0.123004700302723,-0.225610673353401,0.44327672867727,0.127210916710389,-0.263751233682705,1.43434169287507,-0.516377493219264,-0.410632194192458,1.06950139150126,0.186992995653261,0.478810312674779,1.19738112919632,-0.232774420782612,-1.02826679969202,0.277468509730063,0.113805467341009,-0.0555487893412653,-0.0710699645017299,95.75
144923.0,2.12827991126901,0.45489711084374,-3.65172455066992,0.375166506204507,1.63859178791347,-0.708305753415448,0.537214914373944,-0.122903389023245,0.166734557634063,-0.819400840520351,0.493739560219491,-1.12259012720871,-2.33320114861335,-1.84021263469385,-0.336581609250724,0.868356015232538,1.73557297211481,1.56151304714646,0.316957402246284,-0.229667444957639,-0.10513953429937,-0.227408858595678,-0.148748930872143,-0.587373266100943,0.418997756668799,0.737584959963243,-0.0979765407646888,-0.0387030434933376,0.76
3747.0,1.41550731889774,-0.447728430901468,0.682413614664839,-0.445584725578003,-1.22019206146978,-1.05470220594885,-0.776943563302711,-0.164495876557016,0.807445423844835,0.299267650207457,0.434012533212034,-4.09174554303134,-0.144539655569346,1.67198145424805,0.291937823377189,1.29777638167508,1.06302109847037,-1.06762693821402,0.419037649854668,-0.109222889844336,-0.270662779861377,-0.740872173909618,0.173875267085479,0.243853352240983,0.14124560984057,-0.512672236784483,-0.0286442513963897,0.0113350282990038,5.0
1433.0,-0.782672018871256,0.897196420396139,1.67051785243719,-1.58332550577006,0.0152477160431421,-0.744538395564921,0.942616561330349,-0.475990338787427,0.971462995427243,1.09215091135561,1.44578410209077,0.0289945399364206,-0.934279297029871,-0.568549156195157,0.0336503312359235,0.569175969690017,-1.23715514614398,0.086606418110254,-0.545027880194124,0.569904759671059,-0.307641534113109,-0.196698990690849,-0.117828159307457,0.33750439931166,-0.237130298550898,0.636227429981584,-0.0071505172829888,-0.434779255705079,1.54
40806.0,-0.0615774953808911,-0.30666508179394,1.20863512053753,-2.44203993192399,-0.104333569081092,0.633934809836172,-0.167036308562946,-0.122471802598217,-2.54499864695178,1.40936296734561,0.48697483572743,-0.431027406041953,1.38604236639967,-0.680039964713326,-0.0703995298512476,-0.397747804416091,-0.0303587003554401,0.412984395474689,0.293982760982472,-0.158149470499308,-0.162863620429188,0.081944365615511,-0.27918691638638,-1.15377274860297,-0.0289301681153785,-0.206020741529226,-0.193542951104192,-0.19137661741873,15.0
38314.0,1.02481773098075,0.358815410190551,0.0949320149186366,1.48392859358159,-0.16700280948682,-0.73836121672186,0.169806658903669,-0.0762979103484675,-0.0726334547127465,-0.537307905848425,0.510358204609148,0.15917927955447,-0.0923656970954642,-0.882197029528199,1.3679072329278,0.268067156263394,0.868045915381585,-0.169273081806553,-1.11494119068603,-0.0133769410133909,-0.0544808744816048,-0.242548871167565,-0.0054588990845376,0.284099586331811,0.362235199280737,-0.445550502501927,0.0426910068324101,0.0658355092364674,69.18
74396.0,1.2247375361139,-1.17177325885365,2.08847711461412,-0.0596744269186677,-2.12937866309988,0.700970465635633,-1.87373587074493,0.404237153022066,0.926565296330153,0.129560044459531,-0.717580028511056,0.567366351073095,0.69568675757292,-1.78829107506375,-1.54217246263022,0.0848492575806612,1.3263164619954,-1.83268586325002,0.494401216078633,0.02778709499072,0.317371797460913,1.45366649676864,-0.101296522347172,0.518803531410974,0.447184140317425,0.105578033461129,0.129357808580881,0.0306573713439179,1.0
88396.0,1.74932584439297,-0.392479677844718,-1.96867142269809,0.645189058901557,-0.0323606656901937,-1.40857304851623,0.415721570627801,-0.367782741564895,0.746664601677025,-0.516178320189062,-0.664463008947636,-0.556876574143957,-1.03658387103301,-0.48371493581211,1.04860290888285,0.318221300759741,0.410028017151317,0.714922806741829,-0.422107775818337,0.0632920275241416,0.272968974249436,0.538432720924077,-0.170481154558589,-0.195450042358049,0.175792798684273,-0.108194246352853,-0.0407228263456207,-0.0063275614732901,167.83
57366.0,1.11860160294188,-0.25334842238744,1.33977451795407,0.805368466167561,-1.18931575359917,-0.115293832484754,-0.756681499797569,0.23640639723456,0.741058193295743,-0.056360517303795,1.05477091525621,0.902422372308134,-0.631238068348457,-0.0868366694146838,-0.455116432856722,0.325539452732523,-0.318547285509162,0.26085662159185,0.174725434376074,-0.126918478961737,-0.0313588323836043,0.034084272557142,0.0481933336757753,0.556365410813585,0.177012318378471,0.288478628770199,0.0093108364680849,0.0183563049992185,11.5
154916.0,0.371828481471616,-0.407062672049804,-0.708617859227172,-2.61871817296149,0.0363447017323453,-0.80098176537153,0.675251238609049,-0.34070841617841,-2.76143680579379,1.10881386381145,0.174833601791873,-0.643714007545988,0.0829080820801727,0.113729116694879,-1.84175129847827,-1.01411539564421,0.349135939462925,0.225429893930482,0.214996912215431,-0.318185431658503,0.089735569138833,0.655208320687655,-0.194292802324766,-0.447962206682954,0.16487522484865,0.0454782367381744,0.0099211293041499,0.0057042453427593,60.0
138969.0,-1.24915682532764,1.32313907628735,-2.75128232289121,-1.24110662946218,1.77870946768946,4.73704975826886,-0.201077825055067,-3.69161525365314,-0.493906779207715,-1.49685224761602,0.152377644329777,-0.0076428576156449,-0.511155817782302,-0.106498774700209,1.08508360606246,0.261871543971056,0.607587489461247,0.61356058926272,-0.45650406059824,-0.109218861371703,0.45384337501249,0.691559207595905,-1.14937880209966,0.703472169942644,-0.7937550104432,-0.158927377772603,0.673230738330063,0.166556301928606,423.88
141893.0,1.98243836696634,0.668518459625035,-1.42292210330805,3.67283788027975,1.09314547018626,-0.0379598971018945,0.646259217749988,-0.244691921816924,-1.13777474209282,1.45091159350992,-1.88068947479726,-0.279513636043461,0.237188039003277,0.308515324932639,-1.305393773844,0.46044439347674,-0.74115165208275,-0.678561506167776,-1.06751082665702,-0.261708071113206,-0.0557170207626147,-0.0591018747539452,-0.0034051937920403,-0.786811619912366,0.314333773224619,0.0685111110466553,-0.0597579584947139,-0.0660393749115211,15.72
70243.0,-0.533769266510014,1.07811794120261,1.41217465062807,1.35971238147149,-0.0362814735093633,-0.165519515302347,0.587253977569396,-1.09477542878682,-0.758440001328117,0.598491735482838,1.54414848032478,0.496908984755731,-0.129060294080849,0.405249645041851,0.917728326387221,-0.621737665272262,-0.0495782814038708,0.643228940952419,1.61889325108397,-0.057074347051481,0.91991319504093,0.471958676434175,0.0008704534684146,0.552122775883123,-0.364519787562835,-0.22862756211925,-0.0282125432672111,-0.0781395312879613,39.32
116701.0,-1.38403297975486,0.0039287243661782,-0.36348754214548,0.54419990334553,1.06424984088287,-1.79491464441119,0.208622305105175,0.203749003829262,-0.518182436247879,-1.17866171262739,-0.664806798986885,-0.324444389135759,-0.225049848814031,-0.27876523132706,1.18896041159847,-0.122009293077281,0.954990468535496,0.927077459983309,0.573157013003542,0.34814072097243,0.460637951845735,0.815730131891681,-0.257845915120352,-0.0039273381642466,0.0150425570102668,0.0264931433473,0.0581932058674574,-0.0715462625678826,44.74
72786.0,-2.25984369640374,-0.136737227027999,-0.635191870472077,-0.718010750557573,-1.9023919350355,-0.393258123221069,1.78963735080916,0.485809854390294,-0.556636488081038,-1.14705015933731,0.826439759309694,0.958637985102374,-0.269327342673654,0.822454868799259,-1.33910729803362,0.462448885406325,-0.192881761450589,-0.0807853393649085,-0.21762078959982,-0.206688215875751,0.132498091235396,0.380388086987184,0.688734861611728,0.619845051539769,-0.351925837998284,0.816893870210149,0.232055913827523,-0.323837487693108,399.63
154412.0,-0.110545286721995,0.609112699886993,0.154592723155587,-0.726381336687665,0.691263621643032,-0.6645745263391,0.899003558753071,-0.0429129141786423,-0.299421577120026,-0.25406514740504,0.506001882396388,0.791973559351747,0.115433380265863,0.273219505060087,-1.08741247267719,0.192250811725007,-0.782029651698855,-0.150695636757472,0.320450975311657,0.0786812506912093,-0.203145555141004,-0.517385920236682,0.0986130271754098,-0.342865029869131,-0.456691013233212,0.139511686077764,0.23054294990845,0.0887407525763953,26.99
152663.0,0.112933898180146,-0.372187937001966,0.753244364054726,-2.37815983014379,-0.352901611156977,-0.264404236305254,-0.206943454595494,-0.143965309342383,-2.24994752646827,0.884270535012135,-1.21000487694519,-0.707367502507957,1.49075967482625,-0.735751718592433,-0.405394715964385,-0.756350602314307,0.436808843369863,0.0643945284481144,0.332462799263308,-0.187078453566498,-0.0937472068271151,0.213955879879612,-0.040089968881808,0.587679550471241,-0.505374367935147,-0.219260522718902,0.199944906122916,0.190432180437194,12.95
67943.0,1.19524405103531,0.218171321854789,0.854060864738558,1.25275867694297,-0.633149553333194,-0.613816103404477,-0.212199015704622,-0.0914263389734531,0.216665181465976,0.0263705816215817,-0.401320655650295,0.331024916135871,0.447842148906278,0.053407449571435,1.16991877401493,0.418196575303667,-0.628440855858218,0.189825886630547,-0.642229371754351,-0.0975309071815719,0.164868393405074,0.537410018003692,-0.105825680509467,0.408536998422063,0.55980396653943,-0.25328161503792,0.0438707383160176,0.0325195870305824,9.9
26458.0,-0.331975569398859,0.91788815349471,1.55232625467095,0.215446818989425,0.603356158693449,0.269325395491798,0.742299985836227,-0.0631812324563025,-0.561264522128237,0.0029611280959911,1.26025174345928,0.675800950721698,0.243478897084685,0.0969675493346745,0.403334651935868,-0.0023867546919209,-0.693972937005876,0.0724651228170259,-0.170038112201538,-0.0200681844031135,0.0277791207177828,0.202785175321255,-0.217042829128838,-0.321901708490535,-0.012480275504988,-0.511644795852773,-0.235700485735441,-0.208642791757895,2.95
42979.0,-1.20679771813186,-0.741500192625626,2.36318062545184,0.803353220255626,-0.693355415713865,0.0563876489114373,-0.334804258290164,0.428406561650077,1.3774430560617,-0.719031611049767,-1.7224210662604,-0.0038890863565091,-1.22123579150076,-0.910957077648462,-1.7784184027944,-0.660532229669506,0.515372638362062,-0.225176543594079,0.625410449152229,0.444689788846689,-0.0181533910162458,0.0562768265141401,0.353875752231863,0.394452487525912,-0.361971827600622,0.298616247372073,0.353773881681524,0.244746603097322,134.1
103025.0,1.92363523846435,-0.355877238885588,0.0984881996441452,0.187190925625618,-0.837421364604309,-0.385721979150047,-0.888349756100371,0.0298411049700512,2.55326111761035,-0.498475473559553,2.10219036199153,-1.34527811006223,1.68518971701701,1.64869101983929,0.173777600215069,0.53189578265757,-0.239293501583142,1.04594071944907,-0.326037291891127,-0.250127905700309,0.0016580159595801,0.336814499492922,0.293774287123783,-0.0758939638942336,-0.452249510021614,-0.763710784965366,0.0378374551987269,-0.0394207886067233,10.82
10133.0,-1.58544581155305,0.905019775323444,0.627689123490462,1.48284597170512,0.078538038244013,1.35757057303782,0.259394057654823,-2.56932770009251,1.15186245392226,-0.49136970300847,-0.343062607860658,-2.29974606856456,1.94468502374829,1.41392922238966,-0.434222338318933,-0.837093465857505,1.18405741977261,-0.178968919808473,0.857994976799723,-1.0623074670142,1.88703417259977,-0.843576218352122,-0.370631598162381,-0.775083298285509,-0.0529281841118513,-0.185650559484601,0.671924042284907,-0.0251578406072733,261.56
75011.0,1.01289488378245,-0.654327475397928,1.15915329584471,0.243955586866376,-1.33807445490477,-0.158383192410512,-0.674193851128969,0.186279018914995,0.968308015090756,-0.30874277781885,1.0371157111778,1.17655205555249,-0.43008839121931,-0.270958947769151,-0.976366165901727,0.0403590012220714,-0.0129337437374217,-0.158872884878956,0.657158663347425,0.0565514059258862,-0.127988266433297,-0.32564152752358,0.0324118550067258,0.618044001266741,0.0422350344736213,0.905277844133219,-0.0530241315524017,0.0183841432375477,81.56
155660.0,1.98907788528433,-1.33298336760601,0.173513338997253,-0.531956684204215,-1.63413564605994,0.305716488267177,-1.73617484602448,0.379668623063356,0.37068564563308,1.01712981645148,0.384286690505485,-0.218242483076462,-1.05295734885337,-0.0245781034459567,0.592901492812533,-0.280474718073286,-0.737353166500952,2.45058245860142,-1.03544091751877,-0.576710922662871,-0.091473495838226,0.13465065804211,0.363998412889722,0.722245786665834,-0.781801812111225,0.560371396070542,0.000959697709943,-0.0310062822441409,35.89
68506.0,1.13427511805943,0.111014536528005,0.277080061128595,1.20680538040713,0.0410634102949915,0.328234567280273,-0.0533308055945203,0.167312210962694,0.0948667477958639,0.0502110601339467,0.82139016279883,0.963285849226117,-0.433307124518742,0.298814964598116,-0.739421287423453,-0.417247435634023,-0.090642575312329,-0.340665101419622,0.0457521886378105,-0.175108742688416,-0.0715867183584282,-0.0299034052727146,-0.116494818778601,-0.294711286187626,0.665613593874873,-0.309555682240227,0.0327952927006526,0.0028874788360302,13.84
137789.0,2.22611580563461,-1.46179944354752,-0.533066190571637,-1.5854926786982,-1.38174395637635,-0.321796464571075,-1.32960624635694,-0.102242723881374,-1.08369209043178,1.47788547997549,-0.945898519550806,-0.378000125904593,1.27389498186361,-0.756202797812059,0.0408814992061046,-0.216508703596309,0.273009780576062,-0.180817757498721,-0.0992801951105849,-0.295993140304498,-0.39209996642676,-0.718384430899938,0.453709717871902,0.611427279414704,-0.562055237502048,-0.518012278162872,0.0321951473166346,-0.0222517391644677,43.16
71041.0,1.39365990249901,-1.14326851647573,0.189586890743987,-1.35423120520452,-1.39766859113221,-0.755521565406811,-0.804563922887085,-0.0709051875915876,-1.79115037391773,1.41707737521017,-0.429926021280893,-1.69002997719753,-1.43168250467799,0.275779577334207,0.958365028482687,-0.631737768965581,0.948874743248792,-0.79354280646316,-0.336972207851299,-0.392173357292902,-0.611878140516298,-1.622015393033,0.302765983815522,-0.0691769917952696,-0.066786684942907,-0.610308401186579,0.0132685873294286,0.0252640150362945,59.95
122315.0,1.62624169132804,-0.820035132322708,-0.346565151898644,1.36182817953443,-0.350867938082126,1.01220407870451,-0.636001231141844,0.334875108076337,1.17378174171241,0.0824806571235234,0.0050776331046992,1.23891928692861,0.0943129827341952,-0.308389476941156,-1.32911958103252,0.220413222108232,-0.647366906471778,0.290875774865587,0.227766685488016,0.0715377988293801,-0.102977782245967,-0.353085762466268,0.167590257877776,0.181978908480594,-0.296155455178631,-0.898291856458211,0.0472433669137167,-0.0075598095080833,150.0
81007.0,-2.25204451826897,1.23734115842236,-0.378932637613784,1.04393489729075,-1.88127939691372,-0.18566915239927,1.44386147063696,0.434369102488018,-0.441784306819118,0.0471427575289138,-0.713863983289767,0.053893575474559,0.117026347340846,0.739075678665645,1.109796835113,0.0757660479828377,0.0506043441966405,0.162666879172248,0.359727794021978,-0.243681020303244,-0.0335925624596925,0.441323673776108,0.167815904397076,0.421270000266759,0.0143322959262469,-0.291088118985753,0.612198198889142,-0.0916999049431158,297.15
83065.0,1.30237796508637,-0.606529308236609,-0.681986192919261,-1.90460339622212,1.32662310684685,3.43631244725031,-1.14512682747431,0.959147262092341,1.67130156362918,-1.02294602983554,-0.191422972651615,0.631027341487108,0.0319072703534055,-0.0314253812628428,1.44662697638966,-0.121820378583087,-0.651405237009102,0.617970476528782,0.927600044556072,0.0057566554189328,-0.0642082814806287,-0.0805870774450856,-0.0729910792746877,1.01813597043583,0.663574772480488,-0.671322844293718,0.0968009452278396,0.0286968782920849,1.0
2002.0,-1.5863782061027,1.57449476971608,0.857851037369253,-0.584066395627992,-0.0150412210298877,-0.333121306116946,0.397236925547095,-2.55686633055885,-0.218416909848347,-0.335940145088403,-0.17939951967449,-0.0339015733370285,-0.825083308170987,0.434396878793802,0.303318764616827,-0.133817929437223,-0.0055109649695794,-0.866246600621451,-1.31077233005092,-0.868661823783189,2.37437984677141,-0.554125487981641,0.221797797266188,0.369146232126534,-0.111907184233959,0.162693167501212,-0.0521764732332847,0.1164732230144,49.9
113185.0,-0.836430874065843,0.776086339250805,-0.287263516835258,-0.695564167130289,1.2316549459867,1.43401809612067,0.113247424428404,0.884349341071267,-0.492577328271326,-0.498271775632744,1.13882048977405,0.918126360848008,-0.468139935494936,0.870615811989219,0.26572193965563,-1.16235735670435,0.769317881056923,-1.88602630066558,-0.61561660131901,-0.397278085949684,0.0657064951385995,0.139115696774263,0.183922127446163,-1.75626974592229,-1.35624276056455,0.247733724069712,-0.159009714263743,0.108494072222154,0.99
66686.0,-1.12987532484719,-0.272797745964723,1.7094223831115,-0.382508252367281,2.08361817787578,4.60450837888593,-0.980036925048515,1.44715055685398,0.920835656376351,-1.08254965754664,-1.46812665357405,0.268078010193998,-0.428837788261774,-1.06694665550879,-1.95348822456949,-0.0617852630842235,-0.378997383214612,0.345231612917339,0.0882295422564034,0.100341403458616,-0.0313320902656438,0.0242981792671166,-0.326942744378373,1.03016357099894,0.745730263599031,-0.288957197111737,0.108891907759762,0.081823099193258,21.76
145056.0,-0.271359478742572,1.29843749482406,0.950946065357282,3.27292451025838,0.92350718819243,0.687484967282946,1.03873137611957,0.1857494421119,-1.97717019739093,1.09488637238703,-0.195272758737605,-0.693952072926637,-1.42971679710311,0.660017342581474,-1.38475637297837,0.511158336723567,-0.564455016821077,0.165972216470782,0.122451197938723,-0.0543017312468488,-0.117018528253619,-0.482080647965783,0.048268978714676,-0.564766787865395,-0.588247374478281,-0.165788561467678,0.133778089819001,0.17011801796875,49.16
110028.0,2.02742892868283,-0.108880481381469,-1.30480877855846,0.295298619129333,0.167642249749768,-0.542782723775284,-0.171421880380595,-0.0988344607540285,2.05665018333172,-0.25418141675603,1.68166066489743,-2.48811447746883,-0.281565609178153,2.48920713459121,-0.287808922937856,-0.083942507914223,0.114594244156761,1.00526176167374,-0.177033529792698,-0.387394113033927,0.153451528936685,0.715908449630426,0.048886768494986,0.615944998901144,0.213301484532876,-0.502171124573183,-0.0359956901442926,-0.0675405099602533,1.0
40132.0,-5.27507316783508,3.74372870191142,-1.36174249529527,-0.0130823296836348,-3.43467210788135,0.285985508028635,-3.47035328485302,4.35266879764141,-0.196853307017822,-0.783502054260645,-0.704353485526324,1.40275014500509,-1.06702843767606,2.39519836641843,-0.454236994132052,1.05644031043258,1.33968293774888,0.527107361740935,0.0895821684997437,-0.4960572044978,0.285720220648027,-0.15819220781237,0.245143872089262,-0.329994587813029,0.481115821662322,0.389857854431204,-0.954101425716601,-0.222336016582045,6.49
124151.0,-0.264227908342373,0.504424878802935,-0.51568299455078,-0.874779358775712,2.13662449605386,1.08675110044441,0.962710166544899,0.30920506028324,-0.397825513832032,-0.76480163518263,-0.379798020647543,0.135773666186251,-0.536212680799059,0.526438848566501,0.179912646816573,-1.85386732719666,0.982632392250373,-2.50096521180576,-1.43046246907777,-0.271213740787901,0.252953792391702,0.951374160859091,-0.014638577923976,-0.624359578523049,-0.741253188710222,0.567595230829181,0.182863750198278,0.187834704636455,5.0
159142.0,-0.211601761481912,1.17230511341403,-0.685269266298678,-0.47379899062046,0.510636317311972,-0.830757825263935,0.632353795205235,0.243814760157823,-0.136014993230146,-0.500685193896224,-1.26526327694322,-0.153742254308774,-0.242865991952174,0.787690727925017,0.507563805189181,-0.243778986772415,-0.352705143348117,0.315314504054515,0.092920253789422,-0.120883613648305,0.393892467853283,1.22331908259366,-0.0557438885404645,0.691107950864523,-0.743698229356113,-0.245377617774508,0.378114041472359,0.264016029362839,2.29
92949.0,2.03853337761417,0.0224071659738103,-1.03261022223311,0.41529731069665,0.212775334285897,-0.560964529070229,-0.0095478972329555,-0.241560019681963,1.53397142088498,-0.146510016047861,1.72246258130745,-1.2787745269034,2.02869945354134,1.82158505750652,-1.36566724466073,0.0823824033516997,0.11008202564937,-0.126471622674303,0.282199764695458,-0.231048650217345,-0.400180134991725,-0.780148983944165,0.302092701496117,-0.446840578637737,-0.310493224916141,0.164265720214503,-0.0960613588278035,-0.0797945379658379,0.99
57788.0,1.10440751458132,0.489886077013976,0.885798485969461,2.29851560404555,-0.0898351915895006,0.145256934719642,-0.0689854997909467,0.0642312913661645,-1.00247883585558,0.780016694586314,1.09779488219391,1.13768420020327,1.20011014304549,0.132694337161363,-0.108152436483089,1.16044406516081,-1.14995817654842,0.139981179609501,-0.60296097800814,-0.002534184262553,-0.153818014748533,-0.552082583307415,0.0687058871706902,-0.0103344202853943,0.222041178137089,-0.262092599734198,0.0046184323346183,0.0265773898384756,27.38
168628.0,-0.343193989909077,-0.180382854590954,-0.617970729125842,-0.192112814630058,1.90274922804598,-0.789949733970642,0.0899068309172767,-0.0316192225424622,0.397316884178317,0.0460752454453056,0.555396864607526,-0.607659428732281,-1.98117283390427,-0.6473304284927,-0.276664844997235,0.430295238710345,0.213178380118831,0.54497619059193,0.620166524554607,-0.135877096902578,-0.41216574089911,-0.923858295330038,-0.0327800418896053,0.0924993034198915,-0.675665430416611,0.155457390819395,0.0250891250778556,-0.246832082011689,3.58
130479.0,1.97520497263387,0.148312005019332,-1.51727185695683,0.526170524987357,0.13735393294078,-1.1564427200016,0.201101692384596,-0.194659579665799,0.464712233847839,-0.429684112674195,1.36234208933703,0.925889148745469,-0.366770385625492,-0.64550076178177,-0.387438757610007,0.22846051513519,0.443179033075803,0.368363310556378,0.250239582135084,-0.208092379787643,-0.264159734421992,-0.648645914630367,0.270036363544869,-0.0671204615528145,-0.166545199460422,-0.608460332930127,-0.0018050469450313,-0.0308182152814333,9.99
77680.0,-1.14713876692178,0.413723268059483,-0.251763989005371,-0.428331775784779,-0.215798558016863,0.297908127613414,1.63158525614059,0.305459285837832,-0.485521352649227,-1.02765280261658,-1.37146507214687,0.439151222168546,0.922223979763818,0.182741262528804,-0.496129694142767,-0.0936886683397324,-0.243515207132351,-0.666660276830509,-0.618308951792168,0.527293662492722,0.23036684005648,0.33550517283442,0.533506959685121,-0.72014542856698,-0.160577203175577,0.364411326665298,0.148953362007452,0.181744598748106,295.72
70359.0,-1.18867273046664,1.45628816362058,1.03365311459435,0.990657562184763,0.0754394106652596,-0.332212882817502,0.28181700386806,0.354018491845016,-0.783840933727494,-0.0676219885082955,-0.257954947485774,0.382263639705201,0.644038460455779,0.489121969258344,1.45283394844868,-0.667185717335314,0.363926320101959,-0.367155644239057,0.3949994752739,0.0297773981004089,0.168972977805223,0.497624770608814,-0.2960438495641,0.117362407063471,0.13196385136851,-0.18631593170872,0.0340209087891707,0.0540130057032321,2.84
59372.0,1.31336424365759,0.0785074050277037,-1.29161017715527,-0.484039748617382,2.14033192024224,3.18117166924895,-0.506491527233482,0.805143169124163,-0.0739424458503442,-0.216917872898073,0.131560596266759,-0.0281910447578133,0.0112654570903958,-0.113167885293165,1.29987001707385,0.812663649777901,-0.495515788576404,0.166249784711215,0.175524358966493,0.0305143826062908,-0.343336709300022,-1.14792826774824,0.0962395414951102,0.9460653035335,0.370113137780001,0.110741922333798,-0.0216306540039611,0.0234485892419911,0.89
150498.0,1.93158416656575,-0.445098788921975,-0.350842770226509,0.298366932090848,-0.453154794863431,0.203555834271158,-0.744954842542324,0.179749132046932,1.13324707143497,-0.0243537946341158,0.835444136088978,1.37414310281427,0.442556461024083,-0.0885029759141515,-0.180745842469033,0.211644253665485,-0.729248512009908,0.580764315697203,-0.0169559351378885,-0.161485845790859,0.252117087710685,0.935502004159282,0.147748506433097,0.739630250016379,-0.113392696102629,-0.264709826836661,0.038778618467797,-0.038807895159469,9.99
137263.0,1.55872859414905,-1.64530983648987,-1.29478773657805,-2.21490844151022,-0.320740489356005,0.804779442463402,-0.644240926211252,0.329189006209377,2.3551212823785,-1.32010247584429,1.21675571582503,1.56286864466388,0.0285865220368039,0.381485398989922,1.95297599794421,-1.08064787577157,-0.0202534606304631,-0.0975709277254093,0.110232558792522,0.142809973906265,0.452475657813384,1.21416091822761,-0.105453100331777,-1.59041155119753,-0.202170394425706,-0.653311187195425,0.0843567452076534,-0.0288572611252555,208.36
140561.0,-0.63604500735749,0.586322705833873,0.412881414577346,0.746509323055757,0.672728529309506,2.53456485446699,-0.159810465710008,1.26926267108495,0.0558430206149166,-0.649939698010736,-0.208290130041761,0.108952768575498,-2.01576196942743,0.642937719440831,-0.695990730278465,-1.1203627440386,0.847855832132484,-0.880816055937764,0.711871595323238,-0.230395738229037,-0.280398134678717,-0.797495268179412,0.35806054484593,-1.07391082497844,-0.967853051230694,-0.919974552770015,0.151133096562888,0.130180734117829,59.85
67890.0,1.19794901470454,0.343805812348603,0.287047476606329,0.64166992982614,-0.114202611951628,-0.579018266315734,0.0797227614071539,-0.117484521711251,-0.105815775386861,-0.356532781825789,0.305637689793063,0.789834750972494,1.09014920956316,-0.432960604893659,1.25008462643411,0.145793415838969,0.22286450500784,-0.854675287277338,-0.56531721626218,-0.0392553899699527,-0.244869664439471,-0.647598626912842,0.14103249991565,0.0585057222028525,0.170133438490181,0.120287010369769,-0.0023703403933742,0.0307342464648321,9.99
121071.0,1.334529419788,-2.76106699327194,-2.1855966976688,-1.29547049273772,-1.13490174431844,-0.745582626728596,0.10879204008211,-0.498420513416046,-1.82932612464165,1.40735371821245,-0.802492554297712,-0.822614808101185,0.665349721790934,0.09015432271017,0.238427561769572,-0.583496358150378,0.456090447920145,-0.347914593230298,-0.274877167562599,0.660709993986804,0.0004760411209754,-0.803417996447804,-0.142130806555229,0.586634434119244,-0.345932363794524,-0.39264224157296,-0.123028238088014,0.0399010589969868,541.0
68112.0,1.35717774013325,-0.679945880437934,0.0870645339680622,-0.954968039548885,-0.593419972137629,0.0893151598271087,-0.765774890474913,0.163271497829413,-0.824956267364683,0.790570745435535,0.847597196126787,-0.686036435407843,-1.00119610211497,0.274349042017094,0.456658745123426,1.26630259801619,0.100203429644764,-0.962782421297652,0.713251471464068,0.0143003306436373,0.171690673539673,0.346468044933862,-0.106086601403439,-0.668625497827179,0.443056795132494,-0.150128961102564,0.0064182642737987,-0.0057154721567636,20.0
46164.0,-0.438604366977599,0.262266544264673,1.22379995893111,-1.42520707098035,0.0609800973866804,-1.0390477877445,0.890409939806691,-0.741313029937038,-1.47280184464514,1.17795577311171,1.65954010223179,-0.487756256679749,-0.350874847563113,-0.266649870065202,-0.386691222851612,0.575792920328563,0.0308316748617393,-1.05185888605958,1.04720197322901,0.134925976492579,0.253351092999149,0.869723687058098,-0.282406054796958,0.565372540751817,0.201438812578654,-0.24503432004563,-0.698065250470856,-0.403382075021722,12.0
131566.0,1.69189416675331,0.121546636683833,-1.20354667678578,3.69602305531183,0.57329988365108,0.0545610463402485,0.423105336397952,-0.122540382691143,-1.03533542874822,1.49586582127879,-1.42880131841141,-0.873152004344381,-0.617421821215478,0.569161490433173,-0.158704429300595,1.04720747413823,-0.973154717891853,-0.0002444336413692,-1.69451196145228,-0.0043223270371202,0.288956893706456,0.438595593552697,-0.0473386815509693,0.551333308524257,0.0935761542491753,0.0957350078984328,-0.0837941130611086,-0.0231896603564673,150.57
32345.0,-3.21754308226548,2.45386898165513,0.450088038079514,3.51323715050706,0.825451689430049,-0.168210651359426,1.09147813600429,-0.582235723714144,-0.186056157196958,5.23305969693761,1.39496193708168,-0.334004205593149,-0.434946466057184,-0.467179828281365,0.198246518998255,-0.131641615140078,-0.610046647261656,0.0977062332662583,0.513840553127339,0.56299142904632,-0.413716679960662,0.286533737037498,-0.0584813126348542,0.314777719171125,0.116800261017336,0.176101178161424,0.389827386210765,0.43172416810502,21.99
167643.0,2.07475092562516,0.0727923786233856,-1.99287254442968,0.122832174260516,0.854346440034123,-0.0538882389554728,0.0463884215911829,-0.011619308781946,0.296412150020996,-0.214147981259251,0.510457573787363,0.566254488098832,0.0157410362926414,-0.66853252013444,-0.384541196144581,0.672233573832983,0.017617806101144,0.348827109217598,0.547446445682627,-0.132994963920653,-0.356247990597304,-0.95084555940479,0.244486753594404,-0.305191346110263,-0.208431499288801,0.20508113480582,-0.0648857800636658,-0.048809973104465,1.79
123976.0,0.0374802513358836,0.719599365697357,0.0926082804575337,-0.802176007386165,0.59291059385703,-0.56169075915911,0.807465828903545,0.0408755498305536,-0.0836779207804064,-0.203046447787741,0.135805204631162,0.0136071138409767,-1.22529552156591,0.525661462485727,-0.933725819747328,0.299383649496963,-0.761706126062023,0.0527073122934724,0.393921121560243,-0.0961744713849515,-0.255634702083207,-0.647462552846945,0.007897069059978,-0.533086172406797,-0.49850711339948,0.154555489621158,0.235450368175375,0.0796020189934544,0.89
44545.0,1.12020865115649,-0.23833068516015,0.182675053488624,0.0159476315771187,-0.646738316181941,-1.12433359905523,0.15321157745909,-0.303415534073679,0.17076710057885,-0.234717575593916,-0.181833910353271,0.411595791888682,0.543023924490459,0.172965571337827,1.05599539135584,0.182389299086133,-0.30743439000466,-0.426041056771377,-0.0106475356318703,0.15151788205297,0.0778553257670927,0.0748390426503841,-0.135270724972871,0.498765057872568,0.358413682532925,1.09061676255134,-0.101772940303374,0.0175320542593033,97.99
74734.0,1.18248522016288,0.219430768464226,-0.297657441051693,1.01549136447758,0.253124767406205,-0.226792736466289,0.239447996481738,0.0751210708177028,-0.261104723238245,0.283482190944528,0.885999363320136,-0.279357524420185,-2.18589804479791,1.19427556072686,0.454747586121226,-0.073184404055395,-0.296454369399715,0.0404944628439406,-0.242063898988402,-0.276435441592187,0.0432845111046971,0.0425613098506515,-0.152187692117196,-0.34646622464131,0.709572441033909,-0.242260442126451,-0.013684052195559,-0.0080947721073487,14.99
81372.0,-0.88525408859895,1.79064923163963,-0.945148961205205,3.85343274655953,-1.54351007486649,0.188582114329739,-2.98838275644296,1.34405855095688,-2.29453470924744,-1.88617599041763,1.90428359307622,-4.00241403073237,-0.936955588407958,-2.80191542309724,0.798328052783254,-2.34873992555213,-6.42673430721498,-0.827308425201024,1.73238175785046,0.370040520565647,0.746159905151139,0.550802011985416,-0.0348823420887786,-0.56760840448119,-0.528317952733951,0.258782456503747,0.506892694941992,0.176735548819463,7.57
53857.0,-1.19774091651462,3.16685731993329,-3.47676405906825,0.818768043871216,1.31058000045141,-0.44506615155676,0.384112923087249,0.497863681782292,0.552898239153869,0.946504853548993,1.61805147376493,0.457160649530186,1.05147496419564,-3.80278494131018,0.689843390585045,1.049463669644,2.39846899058162,1.79505637504657,-0.18812506033918,0.961592624341668,-0.293748562981011,-0.264981045845048,0.0904169308255409,-1.69117739063959,0.0329259122674095,-0.285576403674332,0.752377874213277,0.345595201020345,0.89
126064.0,-1.50078108252648,0.311474062119335,0.0779218422029115,1.94445250691435,1.50978528391855,-0.697625877029205,0.689735313401698,0.0490308479674255,-1.54025734900935,0.537476359640289,0.601682989259289,-0.348987127399255,-1.08888243041286,1.38629166712628,1.14113932596307,-1.19613976310639,0.422603589292439,0.76580622806031,2.86935490121853,0.134588212693234,0.15415115984333,0.5313204336291,-0.0931976381781457,-0.391075051626384,0.974323935957525,0.0765374794003944,-0.287979486437804,-0.300276684746253,10.64
127091.0,-1.72015498801283,-0.168951353677805,-0.141200113036479,-1.07814962610979,2.65809433625565,-1.86752608704707,1.15172424831286,-0.2919009062312,-1.11182596055272,-0.50460013571787,0.342812426623186,-0.118706927622102,-1.25112847573705,1.03841041668745,-1.29703220224467,-0.369293339042164,-0.537451490276799,-0.0343902416647235,-0.0718378879148728,-0.0502228887366858,0.339780238076062,0.696624991154048,-0.688139566217441,-0.300044475642641,1.50530402397355,1.05395899776253,-0.381039676995498,0.218156814213429,2.0
48000.0,-1.38376365438879,-0.809139132383493,1.71850121781372,-1.50121825333677,0.0809640018356104,-1.24542669376245,0.196919239969649,-0.016326092240454,-1.85804730893823,0.0691645519584024,1.14299495179584,0.261738512605248,0.0316233846595829,0.269154307412997,-0.408969164692208,-1.04282814366472,-0.396655413857794,1.46370317422543,-1.05472673769271,-0.0284100133602446,-0.145307411977954,-0.496608896086851,0.144089593276557,0.550861433741555,0.30522499497758,0.922950939941229,-0.117964435093179,0.0614437498829081,105.4
123550.0,-0.698370013057327,0.560528989004724,-0.106866358441911,-0.516067184662047,1.7907034462174,-0.515475142831843,0.581168918380961,-0.347205545067729,-0.207144733149305,-0.103016647318056,-1.3118609178602,0.738515580607394,1.91550413105207,-0.279079090333118,-0.19851900508119,-0.17480483779713,-0.64197255691384,-0.637383466994839,0.834396406410646,-0.296751534462823,-0.232203696702145,-0.419407170141678,-0.241509940247829,0.120491178321658,-0.943418876896083,0.11578756643026,-0.0581916111001605,0.140236747488149,2.5
75753.0,-1.08788635125793,0.903454274817666,2.25175371874698,0.994968090359091,-0.838809650704841,0.56402864129163,-0.0171955218721193,0.66505948703054,-0.381212492996397,-0.89089641744924,-0.546235547679876,0.581525839739621,0.813063268777334,-0.0853100463097165,0.993605989870805,-0.297341276186208,0.300359311342269,-0.131901056135355,0.143153919189158,0.123613103676107,0.172789438242003,0.425466174191047,-0.0276154317403627,0.0963886857517627,0.223455759009627,-0.239472530013855,-0.0030766242695343,0.0343875528698155,83.42
79127.0,-0.356652154702958,0.963161242216059,1.20019205341338,-0.21992505866842,0.276485601294975,-0.44535813834796,0.620827812354085,0.0345757148335663,-0.213602287657278,-0.284584858294275,-1.28792245502931,-0.75740714669619,-0.634430771449765,0.253658892060103,0.998617219959965,0.480514563505253,-0.651313254037197,0.0203253167988294,0.33589877809511,0.0699865346988124,-0.292924030026554,-0.81595394518063,-0.118762804671896,-0.49681289196229,-0.110062773745545,0.126019515291262,0.259264343940236,0.110761295700572,0.99
1758.0,1.11828159397591,-0.376210590839547,1.06876029475686,0.63510587612425,-0.820696072704134,0.643828086928543,-0.916168434534253,0.466360007789589,0.919572132312553,-0.0701987431475569,0.634988263950334,0.299444031607246,-1.51937705503831,0.0999265824133231,-0.0582782727020045,0.233729806543756,-0.1795161487741,0.10383071717309,0.0248874208805199,-0.208570585533972,-0.0517606054994224,-0.0278831106645081,0.026692836999888,-0.301207221044721,0.144228740729799,0.354133144494642,0.0192861710440714,0.007082003348221,8.49
129983.0,2.18077293918905,-1.84146747541801,0.0676143077813119,-1.57361504042346,-1.95422064319017,0.236662884044451,-2.07844750878684,0.164407984266207,-0.406160590692381,1.47352682859327,-1.40048358127369,-0.93823686865147,0.69623246882269,-1.03286530882557,0.575977496470416,0.288238443761516,0.0163848972467339,0.81983737875636,-0.472542599342398,-0.304043843987809,0.0619438404319551,0.622201143415506,0.241991305451337,0.463394894266862,-0.48904614443039,-0.11187861968612,0.0686253510176447,-0.0157056675747017,50.0
124842.0,0.344329796311509,-3.07282369093193,-1.05683587457895,1.33199156842884,-1.28543554999285,0.612568598048779,0.412026741427507,-0.129466247887601,1.23655545740395,-0.577243315435933,-1.04314631980996,1.45669973586737,1.74707401580889,-0.68066757518594,-0.650073144232841,0.0056623199917431,-0.22717055398906,-0.565697700085832,-0.12682800966139,1.60838720297366,0.26914487740407,-0.765341179584562,-0.368065161104556,0.691793575834432,-0.714157807471457,-0.0621216855605851,-0.140341135529655,0.115979690596637,845.7
113006.0,2.12932552441131,0.0409629635619814,-1.70527951969872,0.0155287383183195,0.629677049794782,-0.512780471507325,0.231489779316401,-0.319144682823523,0.618207944569464,-0.132970674487483,-1.13888757144881,0.702238316973291,1.35999743895487,0.198719524471182,0.81919003031888,-0.125472310714667,-0.861434706918114,0.185164877933,0.0603910612753731,-0.129057104127291,0.234082009537684,0.883998559411559,-0.0833518806602254,0.140602614099961,0.481840718073727,-0.416671112246304,0.0104780049796821,-0.0511378655015154,1.0
129672.0,2.31608124174562,-0.401360167994669,-2.63039002334289,-0.99623994974218,0.513575883508129,-1.40633230649834,0.482722055608493,-0.643818418332597,-1.12668218516244,0.920439359396324,-0.83330101933969,-0.529508722460092,0.424704859396484,0.318499291281381,-0.535825393391106,0.120019521090637,0.429388607544973,-1.72257308014693,0.834148600439643,-0.0017048948068541,0.465853378067394,1.41682824803963,-0.22719240857555,0.692179594382831,0.826193719091445,0.274689734591944,-0.0980712967619244,-0.0864358296405882,15.0
76447.0,-3.57703566341068,1.96287508650791,0.960830836304195,2.1757872692755,-0.788674654581413,0.650015460299415,0.246953828326413,-0.414936649700449,0.928336432913121,2.68558225416751,-1.31560978397454,-0.481249416618129,-0.124758881873562,-1.05178188177396,-4.79216265256432e-05,0.0768840419802138,-0.339371864766897,0.086165523765051,0.190332928711364,-0.757447008070952,0.238082420948833,0.627069319401447,-0.0350990546476073,0.0613426372339797,-0.27482859273999,-0.0505239336290671,-2.67161251186361,0.403552598685607,60.85
118473.0,-1.14943124450624,1.66533529287781,-3.11037981725024,-2.20193695978947,2.89636329943363,2.607020224998,0.329522507037638,1.48655420671465,-0.508440683758177,-0.287002955719597,-0.396975402305794,0.221340617840951,-0.348292848120089,1.41607783399039,0.19350432454573,-0.537092487605723,-0.165091908712005,-0.459387518528761,-0.32765344949718,0.023598332606786,0.265092448229878,0.73553036630982,-0.0690593759976153,0.745107902648998,-0.119187976628956,0.12393825912129,0.378451381458196,0.255526067087068,1.0
39737.0,-1.07875885784135,0.257122211656043,0.961346418212955,-0.753250569924556,0.152068446753133,1.63333180345454,-0.413297657914549,1.07894051929932,-1.65274135832367,0.110098343007818,1.48383872374941,1.26719711675467,0.446386152546909,0.282547795528756,-0.368157054406903,-2.99276103364745,1.43985914502637,-0.620068346874461,-1.67010937663937,-0.447958290832081,-0.215744254817242,0.0463971612661446,0.114857820750619,-0.998933443365433,-0.457317828460466,0.420201020397956,0.298830648180121,0.0817409055926076,28.0
153625.0,-2.11109827249454,-1.77441661508883,0.762304964886327,-1.1081545274424,-0.609738054854049,-0.0378453324137975,-1.48720796745605,0.464109295964852,0.798406492327333,0.33828451386921,-1.58666643659544,-0.509589856795981,-0.075458236597002,-1.31868144665327,-1.13386491338026,1.20162916041397,0.449527309761762,-1.23924895122204,0.79662126781202,-1.45984772341661,-0.160904011544843,0.89837045294448,1.28174397029636,0.712288192940761,-0.0133868562118471,-0.215048523558384,-0.180987234854172,-0.37353521472428,3.5
30198.0,1.1680520500969,0.247527351793437,-0.221601102382546,0.754721293707065,0.70244668844058,0.603825515610732,0.20275900486714,0.113430244042526,-0.424868920746488,0.122315708126036,0.512316549586859,0.892630215980568,0.610978492117169,0.512410943277011,0.428905264692168,0.436826407495955,-0.90372716557456,-0.267791027276493,0.283374362460807,-0.0143685261643356,-0.454455887658535,-1.42055053922996,0.0360016694432692,-1.413635480508,0.33099316623392,-0.745395605973341,0.0177982635530279,0.0097777864469971,43.4
109663.0,2.06342260042213,-0.0848322202408253,-0.595907501520521,0.247027930346271,0.0888719998949913,0.079969438181502,-0.529464101662937,-0.106960061452142,2.47581955060222,-0.636221963004623,-0.265922018700094,-1.68510401550231,3.0195778985319,1.22144268040777,0.301332781599982,0.384455741919001,-0.286308984841289,0.425713257870788,-0.0637352372522343,-0.159711928826985,-0.31046353679456,-0.48875134101394,0.29409300362429,-0.0583783846243378,-0.233223371260872,-0.956388792730113,0.0339843197056788,-0.0312375696135131,2.12
120108.0,-0.666511417548688,0.24210576421626,0.0472242250858652,-1.7366100019607,2.32017680533295,4.06735423118586,-0.348417095242534,1.15663608357827,0.396441153292329,-0.488179919954972,-0.427901916703511,-0.066924752172797,-0.201812477087761,-0.203562643879529,0.386250418975967,0.188119471892421,-0.645066538894336,0.0357763706813372,-0.487778770631623,0.0996282484907142,0.209554727236238,0.694091548236757,-0.136460035364265,0.756545205807029,-0.295020649518477,0.561607041199618,0.25449036517257,0.227736146533317,23.0
133128.0,-0.0263616010789548,0.769763084952026,0.344869909483855,-0.681094009591864,0.452884415712091,-0.78714677499179,0.857535509363491,-0.0213543814611955,-0.265502915620061,-0.239026932064599,0.848579395804385,0.723081872334735,-0.380438267092003,0.377683369066504,-1.03026663047819,0.0326869091826035,-0.555360825934456,-0.334135342875666,0.104400639335985,-0.0524839552599609,-0.199767409744624,-0.444498071404759,0.0787219354936723,0.0032291614598535,-0.555044590254811,0.12174113270694,0.244469808273972,0.0872457790731891,1.79
49447.0,-0.935252481224276,-0.433137017039432,1.64721871960516,0.47868352589204,-1.74548386370578,-0.0347539983416759,1.49063841457863,-0.244520823644087,-1.92653670833616,0.10108788682934,-0.199252795648027,0.205252173113684,1.47324569410707,-0.129717667975777,1.05475877699746,-1.57573367353338,0.0027507565338574,1.32613961440533,-0.508930657494612,0.521196251348404,-0.196396002180022,-0.740371132150568,0.956072801594892,0.620579702348666,-0.256637957427722,-0.600943408251492,0.0511954820492924,0.176510935565108,385.77
169963.0,-0.394229593802726,0.301113704491791,-0.951044794100144,-2.54659167208998,3.06590754725013,3.30501946959116,0.326641604114079,0.872501699897022,0.0676685636247822,-0.833279225010594,-0.462162969178348,-0.0083898146986079,-0.428558824259096,0.182115565744513,-0.562044249578524,0.368819290297539,-1.01708480235109,-0.585363793695558,-1.48922328830086,-0.280567231565605,0.11805973864579,0.228193099419782,-0.0055125468217635,0.729928453238475,-0.809819010603752,0.220645760539439,0.0284205222751194,0.20027463163484,10.0
27704.0,-1.39665462054687,1.49182169830049,0.672095404783922,1.06416451743738,-0.441201964845281,-0.725032214906499,0.0887454194983285,0.640928781731715,-1.04250595277056,-0.516661268629663,0.0737366188614745,1.00392546118076,1.0883851209652,0.755161498847363,1.06836973050013,-0.582673908597751,0.540625176398775,-0.577956703489765,-0.122584673581599,-0.298967705710456,0.325587892924696,0.788607012613681,0.113663195190528,0.653714422988458,-0.317641063103351,-0.357260967978499,-0.281338915085604,0.0105098831955567,20.0
147901.0,-0.0304059367701706,1.97199103133344,0.449777294172964,4.41439578643103,1.14658818162445,0.261143050696087,1.20651054614386,-0.233401163098566,-2.39743551607834,1.77756919620423,-0.637672333431417,0.282078058831522,1.62117551975219,0.110335116441946,-0.350831896412193,-0.990841857071363,0.456516651431109,-0.604259560440787,1.26704389204616,0.357165813876183,0.112807161897125,0.616413423891139,-0.0849485373637196,1.20558103711607,-0.492303198420606,0.313152357932054,0.326325640948459,0.284113432089251,7.57
26585.0,-19.8563223334433,12.0958932259299,-22.4640827464876,6.11554110191771,-15.1480215209615,-4.34672408349599,-15.6485074722661,13.2768048056341,-3.97416161954102,-8.85919405880884,5.73081553744459,-8.08803351213651,0.230824969324902,-8.57897327333454,0.000946636693186,-6.94774606726094,-13.4728970076501,-4.94021082886802,1.23014255193802,1.58292955492187,1.75072984045421,-1.40963570908141,-0.809809278333882,0.121396659905885,1.35030007077468,-0.224291873525585,1.59762136835254,0.476919818025438,99.99
37491.0,1.06883319404832,-0.193956215236089,1.28007695265172,0.997882811927748,-0.940494592970693,0.224415700181481,-0.799821881739607,0.25346681643219,0.475995351711716,0.0832424340222949,0.917592621001154,0.806165669798655,0.259997996681246,-0.0068779764968185,0.855875688832503,1.03863664172878,-1.1231463467902,1.19619950746929,-0.375002393140797,-0.0038093993127017,0.30383462172368,0.830991493590689,-0.158230386563868,0.0285635975861826,0.374435844420791,-0.253935932380089,0.0665039055702386,0.0368351126432924,46.04
8770.0,-2.51028652876069,1.8476875679587,1.02914384109344,0.32577099966291,-1.23757225853934,-0.138524926963209,-0.543799747252162,0.996791220471577,2.09627947619629,0.0825320641846747,0.416731983251272,-1.70644321358268,2.0020367643018,1.21890752039192,-0.68491578058698,-0.440306220626839,1.26675798616344,-0.331480681620516,-0.72801651855108,0.335245753221077,-0.0912226864298571,0.584985658156437,-0.113648456722741,0.403586816763902,-0.0321593011981631,0.389849082621427,0.082215237014472,-0.188070766406525,29.99
143488.0,-0.060893715537577,0.820777362544349,0.0131037377723362,-0.767979924294623,0.758138033430121,-0.716198812535343,0.953711936977232,-0.159298896436173,0.0679207261642122,-0.584072093611813,-1.11656672238148,-0.751717818076971,-1.2285854272675,0.566716671265908,0.55701256037128,-0.178290900414193,-0.526482835681272,0.183182313755301,-0.418820764490228,-0.255155049876812,0.312592374873141,0.84135367483699,-0.278118990119945,0.672149742849636,0.112012397336642,-0.191768002825572,-0.0944090979228077,0.044260933552999,0.89
68695.0,-1.31371844985944,-0.46263134049408,2.20565207097211,0.595665657796832,1.63996519403856,1.17438886416534,-0.280100153611119,0.443844308662119,-0.0591190285702697,-0.512007379611062,0.259995322245263,0.680223860362875,0.305810149762054,-0.398083335945468,0.955648254039609,-2.11237151789379,1.47611759798578,-2.30494341092784,-0.461958693810165,0.293541448160444,0.105069680393707,0.568931770216967,-0.0674082790263725,-0.877824505691941,0.0958406326808854,0.642813627802235,-0.0811873428358555,-0.150532697114672,10.75
131240.0,0.135532787102109,0.883188422074018,-0.636914157627509,-0.771994843165877,1.12444732110301,-0.225910945918166,0.796432560045931,0.132641146483317,-0.10354708057109,-0.634785610952324,0.334194615335914,-0.198716465091404,-1.09190084328562,-0.632051299490114,-0.77819971884717,0.738738692850948,-0.0184094755583802,0.593544594043165,0.271661424322643,-0.0166341142747935,-0.336493058479215,-0.913173716301554,0.0367979666298771,-0.0431918876322337,-0.414995242747614,0.131947204073705,0.209477836988177,0.066549812566108,6.28
164093.0,-0.313431370343155,-0.965414005316886,0.212644284130528,-1.47701547749296,-0.39491603798625,1.81751190492725,0.846137400101635,0.34092804445995,-0.646306472345514,-0.552795859721901,-0.573949854553872,0.660627122213678,1.13274068686595,-0.451902420175753,0.16832156382839,-2.49026609529926,0.662296807638406,-0.60781747671062,-1.80862925025465,0.0363225587714586,-0.442193106916447,-1.0805645506787,1.08887173526768,-0.44994144814866,-0.867624286693103,-0.429108732628208,0.0189982391068282,0.0353218161843782,302.54
66639.0,1.20495840327271,0.23087675971995,0.627113426266035,0.549279760810909,-0.493116890644859,-0.777957430067732,-0.0164135200978335,-0.0893299910675343,-0.276409753585345,0.0939846836476883,1.71951306789214,1.29347325742376,0.510544306264452,0.385043970949087,0.281653176620661,0.424665830793968,-0.61754964788763,-0.152605711482883,0.0917297992861014,-0.0703935898034213,-0.189217088332885,-0.567949006594989,0.146296371150997,0.538961506441401,0.171100293716481,0.0635023021155705,-0.0303701885919021,0.0114353102125501,0.89
163194.0,-1.18794604785005,0.939032611109489,-0.549577921376995,-1.25588420327051,0.619614231494948,-1.34309934994923,0.690383594346235,-1.03835968164381,-2.51841403027905,0.197024274208527,-0.679094970934335,-0.281603588036024,1.22686278247435,0.459041244115508,-0.262075227569646,-0.390090945371592,1.15489899910019,-1.65926016744958,1.83570131183088,-0.0505988790176334,1.29927152298308,1.25421889915065,-0.692884213661028,0.0679125483966483,1.49329429991761,0.606280049320569,-0.208807051923867,-0.0620475028601864,10.0
162190.0,2.06410682423571,-0.0063006483979635,-2.83953230669774,0.0946347617701495,1.18488633458529,-0.906391090519592,0.973284551164135,-0.453408045689368,-0.0715726441114697,0.226887697032482,0.0306620588798534,0.438634524457822,-0.517819079920205,1.1260398749418,-0.663427536043083,-0.596173011013553,-0.623084848446065,0.251130997534148,0.665916155046435,-0.17102890478293,0.309982799010311,0.975690705467924,-0.38264318724242,-0.971962596576067,0.8832216965797,0.164851177045371,-0.0898304344558298,-0.0986249569341703,50.2
93025.0,-1.04410825203136,0.764589188424404,0.717019854881966,0.0535686730621894,1.04650487598591,-1.15705587900076,1.34993251452433,-0.437801623994441,0.433072860109418,-1.81611775290524,0.758807672275272,-2.14305228910005,3.08841202776624,0.363866893937045,0.0442199090691655,-0.126098793325298,1.23130763238643,0.863823636501886,-0.157139705309165,0.43358816968632,0.172106279869912,0.54921825940712,-0.30919006903608,-0.0414620047361422,1.07649899883735,0.0540568855266842,-0.0342460383631694,0.0888008475469972,120.84
138022.0,1.89827436969699,-0.0627601953804157,-2.05815843065023,0.293769846783744,1.2579012725203,1.28777097867328,-0.298000738602391,0.405568623918742,0.498009410957205,-0.664749380433865,1.50276739512686,1.13961759302789,0.265856132647935,-1.55133181998813,-0.286680289880263,-0.503147704783893,1.6769115411427,-0.663134053378606,-0.815007729233303,-0.206898893605188,0.0770400009624627,0.614438455147633,0.0983413556161291,-0.785465970868741,-0.0788130384613975,0.707830529636644,0.0073025788361413,-0.0484376630560356,1.0
97376.0,2.01040408052505,-0.374336624229551,-0.183839807399947,0.281383389202843,-0.285098871637894,0.420564651081276,-0.925641319655935,-0.0052770690207144,2.47486238179513,-0.446738020100464,-0.355192900473402,-1.63281490827403,3.5229788166388,0.747735399228006,-0.0387254337944834,0.808125227078705,-0.284966985413095,0.392159474067748,-0.23591841039618,-0.0360165743296799,-0.144676690168652,-0.0073896769505712,0.242922501255912,0.039656023827563,-0.456819117070946,0.446266640070189,-0.0377348310464463,-0.0386614905398257,24.95
63998.0,-0.785804339769554,1.9470760851616,-0.943265967540855,0.746881821846613,0.161121848527972,-0.766355363902872,0.330066244520031,0.556005066516421,-0.695886171642789,0.149315001417864,-1.38005746682709,0.540624986248825,1.2301616176865,0.774362787642494,0.562958210013698,-0.148044674668221,-0.1856948954479,0.0821019234037033,0.655619926864062,0.0253904308248905,0.161081486131962,0.492640821881327,0.0268919208552884,-0.431184615290885,-0.478369376173696,-0.369413678052823,0.170158795484255,0.145784077344045,2.99
52834.0,-0.67701972970484,1.17792444782635,1.74098607697543,3.59880295188962,-0.307167384047409,0.477159063323934,-0.212999419159893,0.6114169148658,-1.28744515218415,0.441712559854909,-0.567045483333045,0.237729546413529,0.242009496268283,0.207043000465395,0.356727505460166,-1.17851242153115,1.27505858190849,-0.600549189202637,1.34247598682443,0.113203516249585,0.153257808876012,0.547358424543132,-0.0461146694757636,0.458824957762883,-0.396965528624284,0.374870774329398,0.0843238870354053,0.0579642732321851,9.73
149582.0,-4.28058383167792,1.42110000741665,-3.90822884348162,2.94294608011161,-0.0762053360306411,-2.00252600045019,-2.87415473251562,-0.856005441485914,0.963674230223562,-3.23543895742654,3.34180192747217,-7.56286042898412,-1.8474434271558,-11.5714234295766,-1.4815558418284,-6.18091869945618,-9.28518598266033,-3.92172214129965,0.685510860299876,-0.198962780003302,-0.140061995134615,-0.90772022005271,-0.680107948583095,-0.349169892929711,0.0562758915123628,-1.14992266869478,-1.80988612030864,0.723051433275673,1.1
142840.0,-3.61385045502803,-0.922135693038651,-4.74988736419275,3.37300132781874,-0.545207025424103,-1.17130106266974,-4.17231457141019,1.51701594293521,-1.77583268078792,-3.75405392305562,2.73157578227581,-3.48937464729063,1.54738008909916,-4.57126773103714,-0.517958568740869,-4.23908653141223,-9.25063451000699,-2.4348278029986,1.98738627690236,-0.320540972806239,0.7867870185412,0.893064859228385,1.03490656705841,0.097671080445461,-1.34555112500186,-0.788328913242689,1.05544197476733,0.0999714026087802,144.8
138050.0,1.88502881480948,0.344803326478799,0.236610126586851,3.8655416635282,-0.225954041662899,0.241646391519114,-0.445429324537058,0.0581029921849551,-0.379000184422528,1.36475760325964,-1.35349451245478,0.105829806524993,0.69881969412718,-0.37320697937011,-0.684820415270958,1.13346202309881,-0.954611700250483,-0.0152875744511075,-1.72280809633036,-0.254259086717576,0.206145891819259,0.7645412681359,0.14549353315273,-0.0234715622683663,-0.146644185738085,0.0736681559170242,0.0180241252436878,-0.0333129140598684,0.0
117238.0,0.0731382634479078,0.838664512626922,-0.0960530573299022,-0.947084358106474,1.03104263799904,-0.205600136529177,0.927365085511095,-0.0339495906527205,-0.338789279153955,-0.259410990728741,-0.0211475626920314,0.861013273990336,0.800694336419061,0.109112128605032,-1.10559445699271,0.367439239588011,-1.06961844882468,-0.0063513633030047,0.585551790495775,0.0480409964989512,-0.268347588645605,-0.589737240497333,-0.0796594321603006,-1.02471560894539,-0.36012222925065,0.18176445540712,0.246915656182208,0.0783747723837594,1.78
165834.0,-2.05096406036385,1.65026140048898,0.0737702911617177,-1.18703171962477,0.925928137485913,-0.675111450692772,0.738917798690789,0.424664230982068,-0.528096287383627,-0.673051384458343,1.13570812104179,1.01313163597286,0.527660827381294,-0.802739184044357,-1.13804125529867,0.679519017881188,0.182099395345455,0.108458406572812,-0.361075201534254,0.150862899196444,-0.377256143288225,-1.02549960582141,-0.444515647580554,0.696868015225746,0.713451455443488,0.194674015097443,0.238216031246091,0.0710252026724881,9.23
43249.0,-0.497267146512649,0.544434407717133,1.7210153657714,2.83488132052492,0.789900521785959,2.42568060862592,-0.239162549316714,0.892307556586803,-0.986532498312202,0.596620895742144,1.35543813468568,0.124574929155939,-1.59443233000833,0.445086526430195,0.303656862240128,-1.65334683203698,1.48586319642308,-1.40588292941545,-0.108394759971074,-0.0622577548171868,0.235961443967486,0.903634066888634,0.0776681173106399,-1.02932728344796,-0.863629181803426,0.331711332787356,0.250410458217174,0.153753851096189,18.31
41505.0,-16.5265065691231,8.58497179585822,-18.6498531851945,9.50559351508723,-13.7938185270957,-2.83240429939747,-16.701694296045,7.51734390370987,-8.50705863675898,-14.1101844415457,5.29923634963938,-10.8340064814734,1.67112025332681,-9.37385858364976,0.360805641631617,-9.89924654080666,-19.2362923697613,-8.39855199494575,3.10173536885404,-1.51492343527852,1.19073869481428,-1.12767000902061,-2.3585787697881,0.673461328987237,-1.4136996745882,-0.46276236139933,-2.01857524875161,-1.04280416970881,364.19
67721.0,1.23732242241178,0.243815008776127,0.172439695809657,0.505730193974084,-0.215365858412307,-0.574753568550438,-0.0732641613452683,0.0060475143321873,-0.0942862372876865,-0.0917598546909131,1.21008280851849,0.427180311508834,-0.526622775392813,0.0334776323045014,0.497525593740778,0.806319058427193,-0.335907679572088,0.39411570261868,0.22201150221531,-0.106397496229545,-0.266507086635041,-0.838153936408804,0.084792308358834,-0.0623952966462547,0.206152085938657,0.100143594610232,-0.0319826244344257,0.0156131566153789,1.29
143545.0,-2.48340373490075,-3.40446675548313,1.8385153257429,-2.55635215461098,-1.49816059235136,0.0341588061566801,-0.256935358537781,0.362230044248511,-1.77132466832532,0.472930639045885,0.108645706419714,-1.32570481402511,-0.397689774341647,-0.50629698994869,-0.0189278482294404,0.949505559372428,-0.571220137975085,1.82235100095519,-1.01821064396552,1.23553273518835,0.475648733686309,0.421936791492162,1.07123010993373,-0.456168963713265,0.611596036381885,-0.0709244091862499,0.0877742608057279,0.179821579022516,512.65
151085.0,1.15283489303481,-1.49830436112229,-0.71455193233839,1.4977752578284,-0.811126648872326,0.177352966237584,-0.0709867322714299,0.101160218880332,0.790272113036739,0.165320543222016,0.367371219872802,0.490036145262058,-0.901402292915303,0.449475083925974,-0.0348569021179786,0.703061297691389,-0.904572719006466,0.580030888379058,-0.236572995906507,0.500270974764116,0.0949044119669052,-0.572360887199379,-0.0151620073285004,-0.47666248963774,-0.556723865836793,-0.972735252096663,-0.024426972662928,0.0287025292074777,402.9
156028.0,-1.57483760727305,1.47259303598664,-0.761726352257284,-2.85894684457913,0.567334124436381,-0.559027362990374,0.458537722996322,0.816614366794546,-0.122063068451229,-1.0748529132699,-0.687701224206134,0.512732141441829,-0.170170998530005,0.868788850326984,-1.11934603291174,1.07518642720623,-1.18339174589212,0.167301706498252,-0.049488068016893,-0.183538369426047,-0.25410965058462,-0.945792512263212,-0.146962374940119,-1.39199127876581,0.147047421344195,0.435425291301918,-0.0548728406552136,0.0695869108435058,4.0
89667.0,-0.884742093470821,1.07510844117609,0.759846201669522,-0.0753141680197815,1.29999980340987,-0.98450632769462,1.68989959127097,-0.263284742591263,-0.824379379037134,-0.903595406152736,-1.30318711408922,-0.32971990324188,-0.759959603228494,0.460201770095459,-1.06426153175336,-0.537334630375518,-0.343209238528211,-0.493454174007724,-0.739579083211147,-0.164884992788978,0.0615153731845596,0.154902857177626,-0.593394722583365,-0.0923358849240567,1.3426774639273,-0.445378238885963,-0.0192536669549817,0.0360069975785624,22.54
136059.0,-0.385765715230746,0.737560812038358,0.580338307688624,-0.804499793060771,0.900553336849544,-0.401195691107418,1.46667892427812,-0.430917255270995,-0.0636183580543683,-0.490061907196492,-1.58932144839937,-0.549798328397216,-0.505015112791983,-0.0272120117198232,-0.384073838155454,-0.23516835975677,-0.514003272148898,-0.55413749144648,0.393313346590493,-0.0652135821425872,-0.262620516023254,-0.567258829941221,-0.247689860676618,-0.708185989380477,-0.0888870014270431,0.289609949122179,-0.239780216484578,-0.110796380962959,45.47
164776.0,1.94773700343437,0.0098985604915075,-1.24477625978929,1.30238272184611,0.0401331236992915,-1.06737876714112,0.301814254310297,-0.311473418515331,0.330880646375584,0.328188849515155,-0.865231301670732,-0.142368374030166,-0.600555403657974,0.643363317794206,0.646477613565317,-0.0612641739102352,-0.526809204070663,-0.0090011484176451,-0.695012487663288,-0.237873446975326,0.279370362680685,0.832768506007805,-0.0269096738467028,-0.0204746020223488,0.268849762526168,-0.42544900850942,-0.0055985500078531,-0.046730211301177,42.8
134871.0,1.77139215081808,-0.411486375295684,-1.52107092519206,0.446260024980825,0.0286298565985963,-0.972148859165321,0.499075129987418,-0.292811274004202,0.319490762352029,0.040037501693848,1.03535211471582,1.22254822785797,-0.149947711186269,0.699702189429721,-0.635650310383127,-0.440359006557406,-0.379298604634866,-0.22566595658539,0.320952268172099,-0.00560950259613,0.0370252585591684,-0.0099029065156665,0.0401623598142883,0.0247342761863242,0.0538219806992595,-0.410090431082482,-0.0510855906645993,-0.0475843429050816,127.9
86681.0,-0.0659554004037257,0.264279724547807,0.323563628319391,-1.16012302973426,-0.592617188687657,-1.0549492883362,0.2943273330002,-0.439836001619125,-0.243930722269416,1.43684789622683,-0.606541792768968,-1.30489094970466,-0.950269329971392,-0.392072727455766,0.183840329186346,0.164434637471419,0.639593562953248,-1.35138118933679,1.29590424889952,0.297961767972512,0.285454193603102,1.18463519598736,0.137296544487631,0.357264848781581,-1.37906491445455,-0.256727581869686,0.2178900573957,0.195709612094671,20.0
145059.0,-4.89074686856126,1.31577674046887,-0.691896796840775,-1.15361413555423,-0.901448450154683,0.436713236838694,-2.79896162530658,-6.83229803859442,0.0609565034128119,0.946896106871004,-1.45540030181348,0.422907548305056,-0.111991875040252,0.376497258227887,-0.0119299142731336,-1.3983047653369,0.566022623255154,1.34991000959212,-0.991190204427776,-3.08307364542423,6.42275946321371,-2.57687519976376,0.455528426077712,-0.115530001973082,-0.0024505094784927,-0.350401296578653,-0.495335188045418,0.219754777759751,25.44
132815.0,2.12334146543277,-0.257764411794925,-1.46673137763052,-0.71422455519747,0.0266850534069292,-1.04902482676273,0.0960773962919837,-0.281467675795956,0.837886373840318,-0.21348493422583,-0.710654370842022,0.216842850848789,-0.204543488444325,0.416301427019964,0.662811352003789,-0.0730858248833812,-0.315796101497177,-0.76180709536149,0.51427588388487,-0.172806400579136,-0.306539643397724,-0.838143053345594,0.384607582973095,0.675921437297101,-0.370398921599726,0.51290830709763,-0.109321375099457,-0.0613768339208145,4.0
149280.0,-1.28593685596642,-0.221973817486479,1.69599283485607,-1.02170336264899,1.73360578918414,2.34800063861641,-0.450478300395442,0.955286295849214,-0.162116121184878,-0.963654980491625,1.12633305411006,0.865465119792857,0.131348140175362,-0.0721965739014664,0.544716165834622,-0.734616190280497,0.322669217586853,-1.10334504090952,-1.27470885316752,0.0556731613130039,0.384415756168097,1.11912335256862,-0.28854882019685,-0.996144826420873,0.336818927537324,0.85127686316531,0.0454685545071405,0.041872993531257,12.6
81853.0,1.30179753039177,-1.17003224269508,-0.244465729261431,-1.51567457503887,-0.870002330368384,-0.295976111352906,-0.535384560536111,-0.100750308379849,-2.44168741749493,1.53629762473003,1.24975515279593,-0.142037101272733,0.392930427610519,0.175151617829096,-0.118222084798044,-0.646322426600666,0.562520740994352,-0.394186551849598,0.0573419367124973,-0.157470294983372,-0.390949842053984,-0.998559380799438,0.0465598883921948,-0.351427028966352,0.247605867256221,-0.427378433929668,-0.0022593668217029,0.0151414319220596,108.22
77290.0,-0.334008273377635,1.10196272264705,1.72404257766415,0.81173321242658,0.285836102347607,-0.617785954598078,0.988943833352141,-0.44483966382296,-0.598279982165618,0.0182339856197186,-0.179722938471733,0.448626276362869,1.26169989069164,-0.206340057064364,1.0468233597022,-0.353731407059553,-0.40578363811777,-0.08987337452847,0.451798183138107,0.12979873487019,0.0357811010676941,0.335361701387325,-0.145053278941776,0.417880205113959,-0.230639286184995,-0.460263128142309,-0.121290027943091,-0.0770317869679404,7.49
24375.0,1.27830340464522,-0.787642853896472,-1.46612849809481,-1.56112628868208,1.72575108783555,3.04049724535937,-0.670727003131158,0.557800926248175,0.0604639092089485,0.271611031974822,1.04106163102649,-3.16791462997395,1.76684651273661,1.65709759768825,-0.0268177965166003,1.24288328584866,0.599471207913799,-1.18204407737508,0.930712995318282,0.368636985394645,-0.341554544364058,-1.27244635663608,0.0091189236536304,0.917565540678744,0.44483754518579,-0.564782597322193,-0.0609861363830195,0.020116727074257,121.0
52187.0,-0.836237803261074,1.15742638684187,1.53216629609586,1.48990836830527,-0.337317736421534,-0.28362123229218,0.22601333320788,0.490198942596146,-0.632491760022346,-0.566824848596719,-0.350373494030865,0.269487670505807,-0.554061496810072,0.469627754702936,0.222292661933436,-1.23186233387453,1.04009349399019,-0.763320752951565,0.585322983873612,-0.122258840343836,0.0662961366356833,0.253719608844045,-0.1192176593785,0.625308379730426,0.0605197068176185,-0.221448324586159,0.0256126367373258,0.0392675057293181,6.87
121971.0,-1.05017081195094,1.57840762023948,-2.61778012269827,-1.54438957137465,2.38455566290312,3.2531857254111,-0.629456084772955,0.998999876915218,-0.237847501426016,-0.872167814920353,-0.142410858391707,0.23613549300574,-0.325490146772764,-0.163924459075658,0.0778094760836659,0.447881810060267,0.743008875895836,-0.302891977813178,-0.454543099105398,-0.218021671544457,0.479227716577016,-1.21338821466646,0.330836748278755,0.574773435117009,-0.308243647092224,0.180025167124539,0.146958046944645,0.0019577993513211,8.98
89734.0,0.531383224059498,0.520865468884132,-0.131098466405188,-0.353633742661708,0.431301784530696,-0.610174994853156,0.656578863247662,-0.0365063972439277,-0.124605964757662,-0.150172781186502,0.343569194593413,0.201320820802089,-0.990499319343196,0.542329985778307,-0.739946101814649,0.112471998719825,-0.57443067014432,0.0235261881582663,0.749831937203528,-0.207213657004411,-0.183325651743947,-0.510505634675866,0.153974137245348,-0.367158056838007,-0.87025473476843,0.150686075746242,-0.0198292778073598,-0.0294168955269496,1.98
150451.0,-0.065308579222949,-0.808773342188516,1.829013136304,-0.450300353533288,-0.906837033881957,1.61947221526097,-0.440664078652585,0.514711245346693,2.16500923227812,-0.669834159489842,-1.54774750196919,-0.581114972223036,-2.41566840397812,-1.05446727471643,-2.2769782927883,0.430072982852792,-0.627523106763452,1.18094297656966,0.727592648296755,0.0243781917167988,0.110954281790017,0.667545109194264,0.0155406221130684,-1.08692190237876,-0.59174451298124,0.688494445177058,-0.105564099980055,-0.182886228064794,116.25
144486.0,-0.739189809577599,-0.134901868571278,1.32633665935623,-2.4209387683305,-0.0511971674021922,-0.247113142830833,-0.255727753598174,0.237748842503435,-0.760856838678289,0.22700889894983,0.650960737371137,-0.382124851841485,-0.565616071345244,-0.34320725264636,-1.08900861063691,1.6543213313859,-0.396099000256307,-0.851763317396729,0.254089313679688,0.0873220714810051,0.0304958703043287,-0.028931719814187,-0.0076249775565334,0.717636723822293,-0.446000522250167,-0.644180079509931,0.249163299571059,0.215877215671526,11.99
128733.0,-0.895189391724357,1.49124385780496,-0.548949559756581,-0.542847345496608,-0.273443059852314,-1.25894994984301,0.29442890405764,0.654136747096796,-0.190774633411363,-0.553083641264218,-1.18905138192096,0.477199942009111,0.144252865157349,0.674635658030773,-0.46457773052804,0.130571935910697,-0.0780339097097434,-0.691378128084321,-0.12863960683901,-0.120531529851324,-0.203556088558888,-0.618293347758664,0.183749270612201,0.0353413889458483,-0.392345449064126,0.14644689513055,0.106535173856377,0.0231422401325097,9.99
25362.0,-1.1925467001019,0.715833372427566,1.55615330591986,0.620500440358398,0.210861437090318,0.0483267131361571,0.881362430081939,0.113031737938419,-0.409085390549753,-0.183695630327529,0.428334261319583,0.309464774601964,-0.846312030087621,0.175002282121728,-1.05110458206025,-0.230738622129669,-0.303313926327819,0.332602722050891,0.63206228345591,0.0753735499243299,-0.0886141740544993,-0.114110368218701,-0.342898352899674,0.006336143067856,0.712229820675553,-0.297095557991804,0.192253157143175,0.129073512229236,92.0
150139.0,-6.68283191622627,-2.71426804459821,-5.77453045690806,1.44979237466742,-0.66183640822251,-1.14864974026029,0.849686456067088,0.433427022470355,-1.3156463890999,-2.79633153858609,-0.448793725596362,-2.56260240774572,0.243482526844698,-1.18166939064494,0.004372871675287,-2.3025956900034,-4.446191868553,-1.71046314846621,0.982728632705372,-1.92852719254856,0.22052629481591,1.18701320438743,0.335820816532534,0.215682964100827,0.803109991522633,0.0440333423786634,-0.054987627978561,0.0823370925160337,237.26
37976.0,-2.0454844779655,-0.603428324671649,-0.386027636815471,-3.27817897569745,0.840525206600142,3.86859332661694,0.785816243142269,1.18395253398648,1.00914997211841,-2.47964614138354,-0.794848416113749,0.432498232081936,-0.219923605580121,0.0041716679325237,-0.203773490439521,0.317239865158858,-0.914543908024241,0.641046154191347,-0.491827744168128,-0.125064113403226,0.147327312851871,0.24374042215785,-0.357663240905057,1.0526862698374,1.11268129533993,-0.749815444305487,-0.0057141513747824,-0.173155965734943,350.0
56650.0,-8.7620833940977,2.79103028235041,-7.68276685719257,6.99121396498416,-5.23069545140333,-0.357387950702527,-9.68562145610769,1.74933494530821,-4.49567886484426,-7.86450647898838,4.77414774007074,-8.24589788162945,-1.33349186005079,-7.97425052332349,-0.39879894749855,-7.24434047432354,-12.7600939511044,-4.82474022298701,2.83699299496563,-0.460389538640294,-0.0905267878788197,0.34858962816605,0.0511323900482543,-0.41542987238242,0.219665266254896,0.330020364891881,-0.0282517554687547,-0.156270272972183,7.52
9346.0,-0.573353408411607,0.559349494318169,2.17075976822825,-0.217554587407808,-0.0258825472153339,0.195946560908857,0.302353398732729,0.0917777251967398,2.01174364786868,-0.732383612404911,0.914386861368646,-2.64976044530985,-0.439180838766673,1.10100880285291,-2.72965998437573,-0.0841047881340908,0.368636080892811,0.517880877742248,0.0366027481734691,-0.0911543290752797,-0.294803175688695,-0.146817023205373,-0.305018960565315,-0.0557030029364987,-0.0316052325633166,0.315505293243396,0.120885375340689,-0.0723373727390103,0.01
145178.0,0.128588052252157,0.883679876263834,-0.596103350796082,-0.759732888820714,1.10865549648255,-0.200723831305442,0.767026875182348,0.158831379718094,-0.095781899812842,-0.637619213487584,0.452366985066622,-0.19823728140873,-1.20928292570348,-0.602129850605742,-0.727517004743122,0.656565954508382,0.0778602054703832,0.484181027192471,0.165884993263181,-0.0411625977241247,-0.328015351065437,-0.879644943480379,0.0468906600075392,-0.0018492031331183,-0.447535906000353,0.131684923849593,0.213564782706708,0.0663946193594196,2.58
139319.0,1.71995247239113,-0.784659234497442,-0.859475107229888,0.218170984129996,-0.225200378634783,0.289499542162623,-0.360711009267796,0.128130287498691,0.967710719051957,-0.0595698736484699,0.412122530344464,0.988237720047548,0.0954182780920364,0.205215846410854,0.0366142155920185,0.559999233925593,-0.989565340283555,0.463069209793017,0.420189279663892,0.115975414548202,-0.130212726840922,-0.631677440487337,0.225649886909595,0.147434265346061,-0.43155231485958,-0.698757984929736,-0.0061492271045469,-0.0154435744290176,149.15
45258.0,-1.17925527578152,0.184406678463697,1.58332293033806,-1.94796178449142,-1.01252313052312,0.18726327658067,-0.768071103753616,0.811160666920827,-1.02457976095107,0.12687047347193,0.733797643857832,-0.744117072630391,-0.999347542696782,0.102290142174548,0.160364238870629,1.80109333512401,-0.0567668420124038,-0.432220287115361,-0.285820005057241,0.0125614661252462,0.519689413828419,1.24709309174195,-0.239028815138308,-0.312127943895933,0.0462996982997016,-0.156994287255838,0.0999674964794616,0.0789711622467105,34.0
46410.0,-0.444126859958498,0.902031799419563,0.396834497822767,0.991228559494173,-0.426954334937004,-0.45386067570934,0.762914631847014,0.242295902431358,-0.727328941148881,-0.472863774367508,-0.956531525114323,-0.0474133040249832,0.227845058327191,0.605815811256636,1.00864493990997,-0.0211575502182639,-0.183069770094914,0.277843506174496,0.44832274260816,0.13465538850106,0.220361640017305,0.350430970100397,0.177449138349579,0.0226449720465475,-0.0358488069730366,-0.309563471151507,-0.0850883496468881,-0.0131411057997184,127.69
37177.0,-0.208393266692668,2.39628900677694,-2.59022089785322,1.36192260489953,0.690602544762842,-1.47442102907662,0.436488386069141,0.364469216444427,-0.134096803204681,-0.311197051152676,1.98777293733357,-0.0546076238893015,-0.48776137987251,-3.17760443230726,0.446442085034246,1.20194884907554,2.61684517640646,2.14705588187094,-0.0934873070546105,0.377046717272351,-0.166099919479799,-0.217258463994755,0.125264172689442,-0.366037066379021,-0.279569206500522,-0.381114868601589,0.44016393626615,0.118570602767757,0.89
55125.0,-0.391128406506541,-0.245539891457449,1.1220742968905,-1.30872519799771,-0.639891140047357,0.0086780487729283,-0.701303618716238,-0.0273152180810641,-2.62885398152764,2.0513119311392,0.575866440345067,-0.594036626440209,1.09788035031698,-0.338340143537802,0.617523289267047,-0.756389942993804,0.535140720219398,1.01670375383744,2.13382830557166,0.0657158454480811,-0.133485328557116,0.117403426988999,-0.191747896279686,-0.488642102118747,-0.309773631982889,0.0081004405864411,0.163716130219149,0.239582023422834,15.0
23129.0,-1.15392850560639,1.90870475397212,1.56324451967156,0.868447116407569,0.614446339618787,0.483946150085479,0.5996772944524,0.0474341390081264,0.91400197164114,0.289992562858777,0.350441173111719,-2.17335922544069,3.03643600387953,1.17800581884295,0.868153574415954,-0.442810248318285,0.510205037162375,-0.251285941351119,0.563723960988807,0.53961964296369,-0.598167365360465,-0.947512357503078,-0.192214230474245,-0.850049594642655,0.253977715438711,-0.519699886498316,0.0908647370380416,-0.25271390372228,1.0
130437.0,-2.6511415991458,3.00529533221244,-1.7694280853624,-1.49358111485357,0.802658297219298,-0.351614455694307,1.0324549947947,-0.0549372728975136,2.25449206509266,3.4379384942461,0.967440639683139,0.529344750717246,0.259880185107806,-2.0621673421959,-0.690244647705351,0.302940320639825,-0.348658653612678,0.184464774435959,-0.0914185925085113,1.6833211360302,-0.805947294311718,-0.999620750988543,0.0729129770698157,-0.0517514267008811,0.195549859210091,0.0981328807133083,0.837414394984747,0.150827173123982,10.78
77574.0,-1.61649705375291,-0.528674293900182,2.10090480117443,-4.40332891479383,-0.536147451735485,-0.498528829141885,-0.623193174352138,-3.32779766958711,1.22646500782036,-1.50386652240795,-0.970588870705065,0.198041766762912,-0.280746613018156,-0.803618531001104,0.433768721156895,-1.78219976172406,-0.664316010739016,1.64564603833567,-1.13350869305127,0.0406957728673767,-1.78514854282944,0.124686824297641,0.0628075598507414,-0.0262401911458724,0.551350454825901,-1.12636894632798,-0.660297971723742,-0.480919966686878,14.0
156521.0,2.00143194538885,-0.0361240144726577,-1.03062800675337,1.15904292687799,0.136617139293934,-0.22579850075872,-0.124444147977646,-0.0716672944678406,0.406109383398775,0.424350600119269,0.237749088331017,0.853257152205205,0.141443541622991,0.306626384194404,-0.588014351018548,0.188202092159158,-0.931909276566335,0.820242306340536,-0.135795609597646,-0.246988437050046,0.422439701219528,1.46237700231998,-0.173323731592183,-0.446033149000299,0.451611418876191,-0.234999255193559,0.0224077271049842,-0.0651845463087905,0.0
26666.0,-0.413295339434859,0.666216176454729,0.935259850748778,1.06667646744205,1.18346092295346,0.772896264229588,0.543389095726061,0.106298189480915,-0.469134404708999,-0.324081309728122,-1.7122996979069,0.262874920958747,1.16229618878875,-0.230151891450948,0.206430781688905,-0.856612624592442,0.0665037659685615,-0.330365112216321,1.27475850457263,0.213064367334663,-0.0344077840446708,0.103028605717566,-0.253570468413108,-1.27455627090708,0.0871272375742262,-0.158578339110771,0.175937495239784,0.137319572758667,26.62
38035.0,-0.653911445788036,0.433756181369592,1.84550736709883,0.144894492703757,0.0540579374094748,0.0801071350309008,0.393689387365864,0.255620307471757,-0.343478068469079,-0.5448782595682,1.24295191944368,0.966385263322394,-0.32168786781953,0.0659169869770898,-0.835258905871215,-0.46578627378327,0.119888324860019,-0.529695702243248,0.252586964291855,0.0173112017075529,-0.0666410113374523,-0.162146848709862,0.0920852998391584,0.230700304800214,-0.471070433463904,0.103291757422896,0.0999415996262219,0.128537294368497,35.95
63847.0,-0.319180928733057,0.418794497048919,2.8911114609272,2.56851208027867,-1.05716956246347,1.08464473323536,-0.519522365528501,0.511748121641844,0.173915555867201,0.17116517214046,-1.02175926994889,-0.318626046275575,-1.11622983671448,-0.702898715695843,-0.573006863101792,-0.939811334940051,1.23015134642375,-0.682888904030164,1.14142551658331,0.0678604647561191,-0.0111884097751475,0.331247134185222,0.0760236697403656,0.455849283134674,-0.880763607014927,1.14891834033156,0.169697289134262,0.156988847426644,25.33
109252.0,-0.914699427582452,1.69273391882366,-1.09895457176169,-0.623242549119239,0.56916028534667,-0.431554659767552,0.285757905921048,0.528678514387133,1.66974832211461,-0.285751189507516,1.30239209633529,-2.78522188004928,-0.0789957511680801,1.0498944394847,-1.45195932794015,0.735063652504596,0.976654113792106,0.858604513101462,-0.109865018400251,0.152429977913585,-0.532276008259935,-1.18827844554777,0.163332389226615,0.101346613902203,-0.31330928071778,0.0972247989153808,0.372027439063647,0.18916241558925,10.88
72694.0,1.12925894818249,-1.06213674348529,0.101914127653995,-0.665587694478975,-0.88313757595555,0.0286872850865321,-0.623175680676289,0.159253144419531,-0.626117793273853,0.66936202885097,0.892648268128135,-0.625346145573218,-1.58316223444497,0.242657993296326,-0.312335975785802,0.822039221158307,0.548403873890827,-1.31423378078697,0.848795047093405,0.161688086115435,0.1149549111358,0.0292650273653843,-0.12821960055435,-0.313966357963379,0.385231900979896,-0.227576598238124,-0.0128671425098086,0.0118456362800242,119.9
153216.0,1.64137010973903,-0.675760714976045,-0.658490623325779,0.995061647742386,0.221721218152224,1.59498162052122,-0.712119271210783,0.533339858689779,0.715210049402967,0.224605663594458,0.786002848223526,0.815976585086228,-0.190122150870539,0.325854532015186,0.931062491599187,-0.0043663321691938,-0.423642528410483,-0.240353191382365,-1.33161329056613,-0.131533971411871,0.371946255959851,1.06443924922405,0.0480530074517538,-1.65011782741729,-0.295678389835479,-0.459141134758443,0.0815183112564115,-0.0405017388595833,105.0
32617.0,1.01717215587921,-1.81161489856028,-0.322945596727945,-1.26332319499169,0.506536012269466,4.28309689928153,-1.72574942889526,1.10799022180234,0.341236834646003,0.277284664298698,-0.796863760567654,-0.291924523466946,0.0529827120283767,-1.04403764057258,-0.915103090477465,0.97261890579231,0.323377490410534,-0.951850151624734,1.27538207130832,0.542553276537632,0.148962297700744,0.151371003347008,-0.25570558137699,1.06957066726731,0.53717800127504,-0.122966635180964,0.0418397030697554,0.0522828824594776,192.63
68792.0,-0.607480987986128,0.530847988722116,1.10764051913923,-0.5251314253306,0.39926731137428,0.0296717500582941,0.552214669435504,0.165873836689718,0.0859687841001852,-0.495079557901438,-0.269375084134475,-0.192458498121278,-1.59766390403578,0.20997373401481,-1.38745064961906,0.39064729741706,-0.739180549543273,0.340154435615405,0.26469029229115,-0.255276314274968,-0.120369613208879,-0.364314464109374,-0.1795519305492,-0.54187737797388,-0.321758213783017,0.0678722886705658,-0.0301397198785094,0.118679144398686,24.67
55786.0,1.15963629648693,0.206907837430177,0.30723517944566,1.18901098020209,0.121362426242045,0.341644944291085,-0.0189518687241946,0.12758947182779,-0.0183728507146557,0.0339323453076294,0.950449592160287,1.3658180899611,0.322267441073775,0.145083752436432,-0.82418720021847,-0.454490811122088,-0.134330908000859,-0.436276631448914,0.0447363745774963,-0.152700170424165,-0.0706532750968749,0.0389407042252725,-0.114274252881552,-0.274620485233943,0.695970858171689,-0.310725922110755,0.0401757118480916,0.0022794546394537,1.0
41768.0,0.873553941009571,-1.37751021440628,1.07203129318284,0.898335056199892,-1.37767734218766,1.1341181119011,-1.04950509839334,0.303593246528786,0.391174678156379,0.30645706157889,-1.74332056201875,0.496823246907654,0.582594013119008,-1.04298111816545,-1.09304763035534,-2.15804820205749,0.552883029565036,0.941659626723935,-0.878165967036597,-0.188112036138337,-0.206446493695106,-0.0208600286360115,-0.294525977933785,-0.419986418387049,0.530461547583973,-0.0953143171911623,0.102469833198419,0.0613929441495575,192.08
28880.0,1.26301701304644,0.230351514354701,-0.309816998794324,0.668856619578389,0.793924315522049,0.921090054032421,-0.0507998480677438,0.170147557979451,-0.228779056429119,0.17772379607336,0.0336991117287663,0.617604140397821,0.700356603314792,0.35781626583613,0.564728973355338,0.536482525222565,-1.0999025650449,0.484970455426449,0.103577185435454,-0.0691992416060349,0.0434161857909854,0.19730116887171,-0.314271102777799,-1.68131872605356,0.815909783874438,-0.163543216018385,0.0309568185579208,-0.0073769188797621,7.9
70581.0,1.13515583010566,-0.479541252344245,0.300655190482504,-0.619022647623076,-0.945925791421204,-1.05154031893386,-0.0606337770656032,-0.146172530938027,1.69315537042282,-1.12392072928166,-0.620211382889907,0.475284304717552,-0.932201458434613,0.183704053459077,0.605004939201024,-0.936086226030941,0.224104323686505,-0.290596704722716,0.942045144596702,-0.0516689013292245,-0.222797045795962,-0.55939523648962,-0.0527217540215408,0.377421264906519,0.563092433276476,-0.846815940465156,0.0493550639120628,0.0360153423181095,72.6
27843.0,1.23431656641436,0.391659497417323,-0.158349485359813,1.06570297645116,0.145266450952989,-0.745113934233466,0.414071750296981,-0.167146541013518,-0.149741804040559,0.0274011373018694,-0.289654192419877,-0.164745105287664,-0.900239082617992,0.766561517859059,1.02999054666331,-0.468547971859758,0.0159932339842858,-0.711973921258816,-0.605404044171443,-0.244331030786242,0.020156485352875,0.109597209871888,-0.104659174586481,0.0710380822610612,0.75036176217616,-0.263744535267475,0.0029362521969879,0.0055632038858811,1.0
30974.0,-2.91310224949334,-0.834002897856094,1.03131550611335,1.2696721249286,1.17273008753512,-1.13718123431071,0.794714412818635,-0.645003389082916,0.766241917179705,1.56245450044562,0.152809990237754,-0.718742145192576,-1.13637629724476,-0.241191683472249,1.73103301141691,-0.677890508585802,-0.0946683807598941,-0.48103563472688,0.19622817212886,-1.17145164317008,-0.538902379994044,0.840044721224475,1.26040044308879,0.411347675575044,0.117680922250027,-0.264764590854256,0.585968030240978,-0.335770344368747,10.49
165136.0,2.01837063099978,0.0638501646089478,-1.61780599283167,0.352242768154698,0.321795365942997,-0.67963098432213,0.0408732892196127,-0.063150366898795,0.323614656032418,-0.189783946599691,1.1833614725165,0.538324912947111,-0.727762675571405,-0.502318907287374,-0.434920552606547,0.489849659549227,0.329388712963491,0.20933641933292,0.276342628068988,-0.1941131854693,-0.308345273543494,-0.852952610873638,0.358594076680161,0.651329351120244,-0.336055967442387,0.144833717112619,-0.0706849198303262,-0.0401738191724283,1.79
65595.0,1.32873186609568,-0.581801024066962,0.307399579766707,-0.491634681352777,-0.786678835059219,-0.400280058449665,-0.466810255166781,-0.109662397074767,-0.606909689144723,0.440225101976478,-0.291921895490891,0.0258255963851698,0.565172105315086,-0.492564876993908,-0.375889771043488,0.152688123395075,0.965864336627874,-2.26998370964466,0.568933537192348,0.0814578045006633,0.0969483922882857,0.41265722484765,-0.0959205249235083,0.14666886406632,0.627491648090637,-0.120186485348494,0.0229171379371165,0.0093328855442243,26.9
45575.0,1.09902522611895,-0.312005341257947,0.839617505053802,0.0170072439342836,-0.873734539864982,-0.218167282184238,-0.546135024378294,0.217963575822161,0.30235761034821,-0.028864797985234,1.68728638585203,0.524508599923266,-0.972179764520703,0.491819689269725,0.962802691954336,0.466714740503529,-0.277524227953934,-0.247714175825458,-0.224881013788155,-0.0885026216147565,-0.0556814355734099,-0.286742956810591,0.167360725316113,0.248008928384423,-0.159002526793241,0.820588299146206,-0.0581801903567454,0.0072072789679859,35.35
132121.0,2.03474670109191,-0.314437429153138,-0.804101057332363,-0.0128140505022863,0.0901464740273974,0.485639021272692,-0.635463467345948,0.133622372667232,0.901373576180436,0.0394985852238517,0.248716264432293,1.25158666644804,1.22469918813453,-0.0797412025654307,0.291368574354838,0.713680184825333,-1.32158949043974,0.981732830610424,0.246821796825941,-0.0980702350776502,0.210535929150771,0.777021253678166,0.0503862089489638,-0.109713973878445,-0.0005467489296183,-0.246121078429909,0.0316488159932893,-0.047139753565532,1.4
149788.0,-0.866550659520504,1.15136742659666,0.822670446573043,0.0309911583347762,0.613230034492246,0.338690098151521,0.603120632781403,0.574190394237978,-0.378492818883582,-1.10979263916503,0.0184262579365486,1.75575617680155,0.640759089997795,-0.089914527329941,-3.31053056291545,-0.386350124487948,-0.269720184616422,-0.3833303799662,-0.0631035447884392,-0.289399917783477,-0.165031008917005,-0.34370345798463,-0.140286883791264,0.755560437654934,0.17289949742944,-0.982583463895426,0.0288465624631954,0.0799343843417714,5.0
158491.0,-0.502523203910449,-0.252303209096643,0.122093877057329,-1.32788493384097,-0.667378882374449,-0.072215711608957,0.0987196677399098,0.457139840503608,0.363121258160343,-1.12016398638951,0.435488912108466,1.40675891180165,1.2544310009901,0.0646604257955914,-0.126826773457735,0.263499446997597,-0.597981578842232,0.799687768442889,0.705275681416791,0.296617391553639,0.551814292818537,1.34738688518399,0.277167891059176,-0.359331444582821,-0.741665296158412,0.756614755575966,-0.0547811700767691,0.0029440990937871,160.0
20329.0,1.0984177990865,-0.443084606008526,1.00086919134106,-0.724004624917936,-0.746183108028505,0.484721866872625,-0.933337876099331,0.328263447409737,2.88872694389505,-1.36545269314961,2.60207388670277,-1.08307565642334,1.13582513735214,1.60987520386193,0.379274420987025,-0.848750906112306,0.919340503309758,0.0943746355339732,-0.0829340710114736,-0.221714516686603,-0.0523822025568373,0.338629454558602,0.0184905161590614,-0.332702170046793,0.283946455573175,-0.683349954095288,0.0920140807389717,0.0130751009008158,11.85
58746.0,0.836846235846876,-1.43867007345008,0.49967251676101,-0.551059393991607,-1.08865373315419,0.609127250918506,-0.762926049353051,0.251782739437189,-0.685785035473291,0.503291263302201,1.67805486458185,0.529862011327818,0.267325216835341,-0.246252564612002,-0.0563052997280686,0.573396244745917,0.738510581649944,-1.74761833948439,0.132513590651577,0.459654806206997,0.405802263128616,0.778601932113522,-0.215764291658516,-0.232609357533866,0.258817864056762,-0.122795801157288,0.0177264585037577,0.0397876293565731,224.88
130247.0,-0.333136747644462,1.01885367798046,0.0482913407347247,-0.948121239460386,0.700387914841521,-0.533471710578093,1.06847755866547,-0.208747614306542,0.318848830689063,0.596822656301177,0.413143159909663,0.377975997595251,-0.42691552944498,0.0117073329829024,-0.961806058480764,0.139346359955372,-0.931538023697546,-0.107206634857234,0.332338862106088,0.280074618512554,-0.3601964780938,-0.596837265213509,-0.0079256997129898,-0.517927569745747,-0.391322054930737,0.133112986728574,0.293457994968632,-0.0207937788017774,8.93
21662.0,-18.0185611876771,10.5586001882538,-24.6677412485732,11.7861803616399,-10.564656569212,-2.64568119936245,-18.02346767268,2.69365540308048,-6.21946362785238,-12.7447607871859,9.31813768535999,-13.3778574339457,1.02192386777466,-12.7843458873548,-0.451145843251939,-7.55136493140559,-11.3259968724596,-4.70125277749548,0.516317073274611,1.00770320533757,-2.31947946208034,0.908838783150801,1.35290370698024,-1.05922233762791,0.185750941504222,0.687037383632165,2.07808058379956,-1.42951702264525,1.0
133975.0,-0.721338402497797,1.23174798701547,0.400299985120399,-0.878036493016038,1.03306711250098,-1.17046400281825,1.51610412041237,-0.256366084074347,-0.351117450256648,-1.69819899675942,-0.864939455394766,-0.644491756346783,-0.844590928294939,-0.880330954930426,-0.292554287926185,-0.0680292973935888,0.549824161242485,0.525761790225131,-0.86292894429503,-0.166982288795792,0.297937878101111,0.961437174958331,-0.824279946393248,-0.126728604075681,1.40113352241866,0.161602637425329,-0.0033439264962075,0.0531208421419695,11.69
106926.0,-0.554836179015412,0.673631914091115,2.42582416152412,-0.186168669105651,-0.0067247441597403,-0.101281185653244,0.379748313836388,-0.067494945122536,1.43318402261643,-0.939242263571947,1.83050241593558,-2.54450590047546,0.327178554238907,1.69862618310399,0.0287229982000254,-0.04663883643936,0.150736504437288,1.14032436349755,0.801975748238842,0.0090186413316377,-0.260654903232704,-0.406306461399947,-0.269650152852167,-0.0608739737541404,0.184044180323405,-0.74929792468474,-0.0946344087641231,-0.156978480527828,11.27
87948.0,-0.903482382481317,-0.0088713096979342,-0.18308712116626,-3.31326193801846,1.41871681841968,-1.52191670549047,1.67572462201263,-0.817623201478003,1.67896496413933,-0.917680032334517,-1.23036609793377,0.68172000859168,0.76168170741976,-0.62052902489649,-0.668408182632715,-0.638800396531636,-1.08634156875698,-0.595939495416351,-0.0101142210614495,-0.0214708049749805,-0.358841492105882,-0.078805006811232,0.257187358413552,-0.637663230538797,-0.227141289697898,-0.717317320403904,0.13818306380433,-0.12139170231576,14.86
119036.0,1.95482028170438,-0.185916923125864,-1.84597830450352,0.310642045783385,0.421885054816653,-0.809946524589754,0.481854585119696,-0.32432086764232,0.277831103595172,0.109261801224653,0.617641846549293,1.14638302392146,0.213770711951037,0.614877733228055,-0.737581006163679,-0.524248158408898,-0.511839868427613,0.185419235038015,0.335914194202335,-0.118964271459081,0.35362358842276,1.16076332232805,-0.230754061464014,-0.312424381015688,0.561260788097,0.051685790377657,-0.044998619003723,-0.0746480308001069,56.89
143905.0,1.84727840636871,-0.49472011412462,0.0893792730482958,1.41160021798083,-0.989233093497076,-0.222898870045376,-0.821067891560421,0.174956627144189,1.45130622496488,0.174377504129363,-1.31158352755295,-0.585333275731829,-1.63222527762888,0.144775382166743,0.892832097603542,0.615272727575059,-0.63540475853096,0.420294197656256,-0.714642053861953,-0.288051644701262,0.0563713267538043,0.167201946636603,0.263721528773947,-0.175521529351129,-0.420075886524319,-0.745486500553375,0.062514037170434,-0.0182911625434088,45.0
12597.0,-2.58961719821269,7.01671438495857,-13.7054072869097,10.3432280604117,-2.95446103475574,-3.05511578527804,-9.3012886151434,3.34957336071614,-5.65421202641103,-11.853866972601,11.6692047358121,-17.2286622386187,0.0555715664836118,-18.4937733551053,-0.304172113519045,-10.6294973901353,-14.4412111342765,-5.10548646597228,1.2702262705049,1.48885519236896,1.88773772551451,0.333998184533223,0.28765904061745,-1.18640640906644,-0.690272670076388,0.631703772210546,1.93422076005943,0.789687172212655,1.0
145496.0,0.0088371412003768,0.6015182835489,0.218807527683136,-0.029022835644257,0.377471045734771,-0.577433844283138,0.720843503675841,-0.097051111378854,0.718795554507788,-1.49143934974095,-1.09930473990951,0.500348865341022,0.374908054894612,-1.82382513609736,-1.53969414570797,-0.588678977991254,0.985240760509686,0.278822841722713,-0.205456582176093,-0.0938483468678655,0.278354029631021,1.23352935600772,-0.328197296272318,-0.0199668941145401,0.188529867309486,-0.0028909163139615,0.110220854254771,0.068873896548669,29.97
152585.0,2.05388881489721,-0.719682839251907,-0.668342114160906,-0.780278349473256,-0.63926147897993,-0.281198196954155,-0.763716619401776,-0.0004606564883123,1.79124906384447,-0.44358913394157,-1.16194306470303,0.361830230068505,0.197563135578763,-0.28850149769822,0.724616598346917,0.133144753956388,-0.473432964676224,0.181088198599968,0.313856503036248,-0.118643476238996,0.188929435737478,0.769590628937865,0.1151186902888,0.565532580092883,-0.186570082125105,0.777441442532037,-0.0363539129751052,-0.0483948594393643,14.38
149397.0,-1.14219856346726,-2.98877259144954,-0.29809280607502,-1.37921008463005,2.58814881449766,-2.36829964824376,-1.41726856650062,-0.0124583695603824,-0.536214761723343,1.04153998418644,0.449317314338258,-1.15352502373606,-1.88719759304177,0.415744464903042,-0.651622710778954,1.15385846174367,-0.336598799615448,-0.32508680091835,0.424393130365895,0.599568141122225,0.79094344821052,1.5181317683345,0.708688539473152,0.736076589253625,-1.82468611876699,-0.480341919275772,0.070206325646307,0.173133114279786,20.1
77461.0,-0.28233317831608,1.06484676501834,0.686465191909086,-0.319379619011384,0.919118980344722,0.288906315432441,0.610537295976587,0.145036783929578,-0.330242223507744,-0.557384399194088,-1.21065840778186,-0.356779669065178,0.528497371232792,-0.522085861923853,1.22761390137352,0.489195658567003,-0.232538759351002,-0.15441708800346,0.0773967486219516,0.134998159016853,-0.327203869593977,-0.817269750137926,-0.16520178998712,-1.37424845430621,-0.0411194845737837,0.18783937051327,0.26218911975776,0.0809376233646043,1.29
80896.0,-0.992750021459434,1.22966397978656,1.46309783870593,-0.137670596427947,0.0496036628905953,-0.15662482057217,0.522092739222199,0.138650382956154,-0.0691574593775565,0.132073133247268,0.351233376854737,0.133417754842291,-0.263631637355597,0.117335399564017,1.38291786623829,-0.524625788504921,0.278073790317125,-1.37211852386586,-0.856853167407869,0.108400838278344,-0.14709023482315,-0.34190530155835,0.116478076865115,0.0647891408791749,-0.361113644843072,0.0895314004966759,0.123997872663843,0.187483593741701,4.26
66883.0,1.21772427452892,-0.627781182317182,1.1942833179904,0.605758479046562,-1.29052066486498,0.380356513383686,-1.09442608955678,0.269765576613645,-0.39771945229836,0.839999178174622,0.295282277370183,0.51400673450094,-0.12589572158203,-0.251582560464149,-0.64157192491294,-1.07017726667313,-0.353112663549583,1.93130483759935,-0.612779711589835,-0.524200568830147,-0.393476782515184,-0.544247242132135,0.0214428437901598,-0.0605209830407918,0.293121981962513,-0.387737532228316,0.0878677763427217,0.0306242153113783,21.1
127633.0,1.54578250833726,-1.92805412526179,-1.65914714478329,-0.896445683432123,-0.199732643024329,1.00708874534208,-0.530369817268285,0.201949871442748,-0.119369427887278,0.518319892980927,-0.580742011304163,-0.715807367493563,-0.430910392396859,-0.0006173195600346,0.86702861548043,0.199540706527526,0.984507467159286,-2.55546946611892,-0.37801242511985,0.447335456781801,0.410252687335437,0.633955316190003,-0.0212644614339809,-0.539243957363524,-0.330689864970232,-0.112302566101575,-0.0306728718324294,-0.0150847636053505,300.0
115580.0,2.0389058307178,0.0509002854045936,-1.79406821807387,0.244805178677655,0.568379914253587,-0.350696619774645,0.0248720570435618,-0.0164734980683557,0.334559457287591,-0.200930757939405,0.875115563984024,0.476735979151172,-0.54945651564529,-0.543465179729243,-0.368562267686349,0.549199884963454,0.226270338091978,0.244750131901388,0.362607507908345,-0.179389378553327,-0.328830436748595,-0.898219669689738,0.311717370335493,0.181323147275012,-0.291241060813196,0.175729162635228,-0.0673918143103349,-0.0447445478222419,1.98
93774.0,-1.39405116020957,2.00848007333968,-0.646772587706705,1.06044760204056,0.441337670086531,-0.903433954348773,0.893998299943033,0.146804415918483,1.37276553196784,0.572853436416565,-0.47025625409883,-3.1670183538971,0.127813495880304,2.19491794651083,-0.862901957385535,-1.13274996011023,1.07996698095489,0.0633597546460569,0.493944320039624,0.218850471853191,-0.174144022631512,0.305789394751831,-0.27218403821452,-0.169967592712589,0.105074766503757,-0.44530029105873,0.152356540631548,-0.157840307334238,15.18
79229.0,1.24645772345963,-0.383810690060858,0.900681381769255,-0.720236958314934,-1.25380681747053,-0.836985972268089,-0.605590420436253,-0.0056234460907222,1.89509046684857,-1.06553503829784,-0.521005522496798,0.482353003255289,-0.528058595972353,-0.0518342562280406,1.32554583625536,-0.419802058184019,-0.116865127168127,0.247298104296643,0.559112907496208,-0.156962150321002,-0.0179115758169131,0.174505030603373,-0.0297700566923643,0.396191528867445,0.483659020844886,-0.684971160902071,0.0904656564617266,0.0342538194717505,1.0
153030.0,-0.374595560625692,1.21480297806446,-0.54859846559097,0.872440538832208,0.939002348639605,-0.20503878961892,0.859184361577865,0.342360730081019,-1.12007352328443,-0.21109879804326,0.38229568484179,0.555194356966418,-0.586401442127977,1.10127881151392,-1.02089358986607,-0.849566307450795,0.101914918116759,0.249809710174514,1.04765531339569,-0.148258464462274,0.28113232974314,0.768556285410874,-0.137396247286311,0.713777388297587,-0.253588636424698,-0.482793477745136,0.0884332663822212,0.125849477737273,17.2
9948.0,0.271351891561146,-1.7405217687478,0.772038692815137,0.759880915647976,-1.58109474004051,-0.223862455016143,-0.0887944314129055,-0.20115242827503,2.22244615608742,-1.00688655278481,0.417591195481028,-1.69126607567446,2.43318168237261,0.969873344273311,-0.449548916966225,0.167279104205417,0.636043033439715,-0.0947810483259977,-0.132551393907658,0.934442657147572,0.0363826972580133,-0.540242404490322,-0.368139115772921,0.455832665623696,-0.0697485308927527,0.896705803963501,-0.149523056869153,0.0969714954375164,500.0
41413.0,-15.1404496225073,7.37804241221284,-16.356367356494,9.19493491430021,-13.4661632895942,-2.95843050082103,-16.1655386244192,10.0752539455532,-7.90182112627786,-13.0094028057641,4.82823533219729,-11.0584014244364,1.99812557552295,-8.59204740189288,0.540385309176116,-10.6157452968661,-21.0178983428443,-8.39739305199317,3.18355894967976,-1.69148198782553,3.14742810473234,0.341677595071206,-1.15016247089952,0.795189734964946,-0.194542181109758,0.145963568626439,-2.45868034756574,-1.18988788135128,106.55
157288.0,-0.0752525677412789,0.53469763727782,1.09030493744424,-0.513815026967629,-0.230395893498768,-0.502573552745537,0.449278534075765,-0.0301718480040697,0.653155207112856,-0.756365794082933,-0.973993092954736,0.152298319135288,-0.100470121166609,-0.168401422687497,0.274590088083382,0.15735213047966,-0.606706206445609,-0.142132883849399,-0.341435703988669,-0.219332541603815,-0.0857370698748479,-0.200780059982682,0.14581702200437,-0.0662335281853776,-0.705841451265318,-0.705524154482177,-0.0126181060279449,0.0560940817114116,29.99
62761.0,1.18497964234194,-1.56244691628378,1.6366601332863,-0.119947130410906,-2.21581756832084,0.667240501380057,-1.89329324653797,0.446548718314273,1.36955073184911,0.217239900828324,-2.11608122721462,-1.16118648178673,-1.71098498166743,-1.33559846226507,-1.44124977783432,0.748530212715347,0.897896773352569,-0.78292385782687,1.15807937369902,0.0673516356578588,0.24943921778505,0.937778718668137,-0.265218242882918,-0.063138443879003,0.516223437246237,0.128005699071521,0.0812985648137229,0.0326919103243418,73.0
166013.0,2.04974397705414,0.0819256356845157,-1.78195879639863,0.561270974996224,0.0232163722456867,-1.50839750809972,0.121655838380163,-0.252126629445694,0.901708476074512,-0.460263849322761,-0.623845826432414,-1.04585536851852,-2.1004510093768,-0.411917916868553,1.18441134047836,0.274784158615665,0.652166344201656,0.711679700903037,-0.505200339816873,-0.347305249935323,0.170656305582058,0.579845919587797,0.0113743410854556,-0.143046717693988,0.168359957029373,-0.0910880460607781,-0.0112216442150742,-0.0342105235512069,1.56
1422.0,1.23712731517794,0.357114103444814,0.20713531440089,0.492048137081031,-0.0772068269893742,-0.540064367690184,0.0349781856452859,-0.0844218087334052,-0.33455266228711,-0.138521592354652,1.48516527095203,1.27141431809439,1.05640193878009,-0.281293567614477,0.323401105755305,0.730469386263052,-0.424387672222541,0.198081970663803,0.209067204971578,-0.0040772750989413,-0.247628313557602,-0.707677898249326,0.0660257623710451,-0.0134479460669351,0.258820549310853,0.0944384910028558,-0.0217154401675913,0.0191581932161662,1.79
79342.0,-1.48080335247665,-0.728415439578412,2.39256807777938,-1.65455975626669,0.423588870536508,-0.961232130574227,-0.567451801366998,0.351149024344163,1.39156869060352,-1.79186365575535,-0.643659808738427,-0.041474681204055,-1.32244015320795,0.0028837784772571,1.09284409223039,-0.548718444073809,-0.0047899387968822,-0.0010831407789419,-0.300394262309835,0.0391293583188888,0.134693475106468,0.212248489489716,-0.129705702591779,0.052726492096314,0.440945658684289,-0.74097741221895,0.0830420891153905,0.0907905908808671,1.0
57748.0,1.11276424189233,-0.833054095186118,1.05060829895319,0.587764685629065,-1.38949581308971,0.271418178391924,-1.03590084451981,0.277936017734784,-0.411910042699204,0.893719047197128,0.272043069253238,-0.0764601639344494,-1.01307980523558,0.082987439064379,-0.0985723891209963,-0.838625790496772,-0.445179282287667,2.16547137041298,-0.763798569821799,-0.456456866299594,-0.328187873472011,-0.600524706256123,-0.0123410013994584,-0.0707388805058324,0.211298258514779,-0.39690569581785,0.0653737541733237,0.0396314898370917,80.0
56522.0,0.946740379047276,-0.684428040070551,0.0750620041052619,-0.951736026850548,0.0008316277964974,1.24148642525664,-0.453546126540463,0.579618544856808,1.34401040487757,-1.07995612332976,1.98023331219237,1.36847306377598,-1.33556837879836,0.579548963533781,0.919219734196511,-2.04521548256003,1.2251585299362,-1.73815884275585,-0.326047702212675,-0.220983835529189,-0.0029542383783673,0.221293437294165,0.0227008862558767,-1.01294357223421,0.300069429902855,-0.505117953221051,0.100422582802481,0.0017968255600991,57.19
77253.0,-1.59029994886918,0.320177955128387,2.33504846401941,1.61291546637507,-0.0417115139647006,0.694172236095312,-0.545070624564124,0.527662034116633,0.870398817166642,0.376559307067604,0.623890170467583,0.94869578669226,-1.22950579419578,-0.570377194552947,-1.8850047319923,-1.49347382406388,1.00964303064204,-0.587630059357283,1.53394674264581,-0.0401884220232392,-0.390724970726028,-0.447417261046276,-0.19693078390419,0.220932878759749,-0.128461446261438,-0.410560185153616,0.342000957252064,0.306616597543702,7.82
150854.0,0.0626276388825214,0.883758000393021,-0.177729143601725,0.0077892559946159,1.37374913653756,-1.16563638925602,1.749138769417,-0.548850007978542,-0.184600053057015,-0.309724835666926,-1.39598521411225,-0.366684559965879,-0.946106186778652,0.326500090997157,-1.33825225090973,-0.592760004833019,-0.591572047516956,-0.49534434040131,-0.945619579986017,-0.306356586333154,0.157300382038248,0.758282381813569,-0.186111192137324,-0.100088961031268,-0.552604256735725,-0.80713521595029,0.0711375303955499,0.0225593117558066,4.66
162886.0,-1.53497602650422,1.10807839699427,-1.22054629971794,-0.752443330589012,1.03327803030085,-0.35856267837018,0.727634450571792,-0.007094936361684,0.328166094390331,0.329280076097785,0.703801080401177,0.63524448268545,0.348901611903829,-1.11924251994337,-0.822255803154504,0.646263607379904,-0.0769126144331267,0.327432413124893,0.268436219655245,-0.229058749338877,-0.367692096675654,-0.752851116834176,0.356967137859831,0.0942289474446554,-0.303482858739202,0.0384074545056085,-0.810176702495491,0.114247523978296,16.99
153317.0,2.05880411837992,-1.25962441441342,-0.817921241768827,-0.996264299045557,-0.919433394074627,-0.288044637803376,-0.946464445194511,-0.0629135013291923,0.194777746777551,0.719885119069639,-1.66039712373846,-1.06440898112398,-0.0404216600035756,-0.35268717276397,0.702862448021559,1.76804862864964,-0.351254491995384,-0.917101722897779,0.836417184376241,0.154962768998354,0.0243646583984183,-0.163854325197338,0.165098686659202,-1.0361995785422,-0.418875131584837,-0.382561914171468,-0.0066103007693594,-0.0345020062990167,100.0
67080.0,-1.26875563164113,0.861042407443569,2.17272685374191,1.1881916113882,-0.659995315588611,0.232837175058221,-0.369823650107632,0.760214032864365,-0.411819751240119,-0.382595629763634,-0.443773448736564,-0.0771220872482673,0.024332922921859,0.298570426958625,2.06710716107866,0.0178300214635016,0.1677332917216,0.256165165700125,0.0836310441369822,0.253235614706104,0.227583949294507,0.532747807294601,-0.0978983986282616,0.0723361020664413,0.146387888416299,-0.134300462546875,0.254423946918715,0.0541061276958733,45.0
171162.0,-1.23994427474348,-0.452182220130358,-1.37421742199726,-1.20855854333416,3.1261933726765,3.38047668231998,-1.53975406393219,0.129587414587044,1.19792839071132,-0.199963870258946,-0.0488848107633802,0.0355117277088607,-0.0575191784579503,-1.4796468620211,0.709517513617651,0.943378112134722,0.0022581015409259,0.477683791729141,-0.769655054954509,-1.04673014491677,0.785194758132931,0.311419403467799,0.0199198119225445,0.675951269945189,-2.56172771778607,-0.0043897954309912,0.246261560614611,0.360032567242287,44.36
34928.0,1.24884630975994,0.231076222071218,0.113185897825706,0.880484268677689,0.165066102977671,0.066443747329335,-0.0345265286661042,0.0317640559078382,0.192374434502043,-0.0412537438684668,-0.974066031989727,-0.1432074247882,-0.173507813218818,0.349752577877998,1.33324798575396,0.129043797500343,-0.471350630157155,-0.283535069762229,-0.412566762933565,-0.169174465425929,-0.0704497648593629,-0.138293347190303,-0.0998404265496256,-0.791002420854203,0.582564983928344,-0.336085135067557,0.0375423147633987,0.0126820574568128,2.94
33003.0,1.21101951889922,-1.55958244695801,0.910833021493018,-1.20260942469372,-2.11701626128974,-0.629891250248511,-1.21696489118363,-0.121651527766851,-1.52173840966088,1.32848123273727,-0.463859803152029,-0.748837303743363,0.870072953873799,-0.604903057795255,0.940526659692815,0.0112919636392805,0.3091511485391,0.318582735967432,-0.496787654390098,-0.0141932107391894,-0.055405061912846,-0.069710229765753,-0.0388005207466944,0.383742956322691,0.126382850970846,-0.236164582443876,0.0392101604916085,0.0589943159018556,152.65
75079.0,-0.618902081378052,0.545430054770641,2.33631610112946,0.687458209940739,-0.362395775998268,0.302596225491799,-0.132560662377576,0.343380528015678,0.540006166627759,-0.539322380117733,-0.913375674367296,-0.337600226552819,-1.17327297217071,-0.247355466626953,0.347674933701642,-0.284502435583457,0.109348771359653,-0.210910416224162,-0.39144691902083,-0.193176636750157,0.0498465396911947,0.237068742553962,-0.103759476283972,0.0350069124392399,-0.169094216427416,-0.429149812278557,-0.0103018849414959,0.0883792768871784,0.01
128262.0,2.30691014123671,-1.23909737176669,-1.92538903404678,-1.72691391475376,-0.378703617141309,-0.476919770007901,-0.561609796275256,-0.251104228049755,-1.84319663911312,1.76624654222396,0.291003601127542,-0.226140730142168,0.264532647272089,0.0288295191728825,-1.51250499240919,-0.883843727698561,0.409623718058352,0.118898288849137,0.565884762924048,-0.381838974535595,-0.147933438401071,0.0446936222733855,0.0657082955787677,0.359119491026919,0.222387835699175,-0.0736940185950546,-0.041211227219583,-0.0731486863064362,31.4
47472.0,1.10877978062959,0.245351230322562,0.501858121165738,1.2923179368195,-0.303095583357924,-0.579863404311874,0.128648270145078,-0.113816039376283,-0.103273163962223,-0.0047095259530169,0.163301721882802,0.575339886025758,0.365830545537461,0.303577642344082,1.12443890015799,-0.253348157729757,-0.0970359198461714,-0.668348112983037,-0.969053611472653,-0.0965481917866986,0.142594886258596,0.444958816538325,-0.0714422921049838,0.416409437750157,0.559291725291258,-0.275576073373396,0.0320440069631073,0.0280792608110286,34.9
149364.0,-1.98317261007472,2.46294790591957,-1.89480509086919,-0.407259530918551,-0.700775098474015,-1.20268668311537,-0.393363338605194,1.49419182191883,-0.24712256165919,-0.289274507684631,-1.00063977966651,1.04371622061215,0.817957362253694,1.37026692323972,0.347504773979236,-0.176419182189869,0.299705188450794,0.0198433017193916,-0.271759995414298,-0.0208815984672111,0.478773669092969,1.30585766043682,0.168657991471283,1.13006033638261,-0.56904648815926,-0.253438487025258,0.333400778548879,0.253132950061466,8.99
145819.0,-1.98524685769174,-2.23354507233041,1.71889967092887,-2.03785486302205,1.54183216028416,-0.596589411853961,-0.491299446421545,0.0406130188819313,-0.730392973549734,-0.24806625787303,-1.40390796773356,-0.869584013935202,0.661120056277627,-0.889897432083546,-0.15454214861553,1.5138034354062,-0.432334956261646,-1.13400348141757,0.225384271248384,0.987379758514229,0.142198577184216,-0.350759805346633,0.326139146666375,-0.0132975386028471,0.610789142458871,-0.426135316408357,-0.253921569295459,-0.120028332176882,156.6
131542.0,-3.47688754607748,-2.9636940528131,-1.81406908172524,-1.234103437928,-3.76353063536014,2.81460684967903,5.43196610749544,-0.664426480248251,-1.93565262510015,-1.12998103695406,-0.0277674768230611,-1.14628570140359,-0.042573688539785,0.186719803924909,0.791404690408503,0.289841637975626,1.10058282267771,-2.72958877850993,-0.649991886879122,0.11647968583751,0.260632651686722,0.932646969474055,-0.121511712936542,-0.809822747145264,0.837040119557141,0.168959315934829,0.497105922353883,-1.11866233971913,1383.76
144449.0,2.04994249827818,-0.0647360603954377,-1.0441367626788,1.81295933576877,0.109552611082159,-0.174765490807208,-0.218773485406785,-0.0237945957042143,-0.295475810195759,1.20734458497044,-1.43166391320835,-1.19103058657222,-1.42905090497235,0.310296055132079,-0.392525708993902,0.917959285710099,-0.399205310917,-0.554843241698511,-0.930534286166285,-0.262585371366467,0.168412570534992,0.486963322205912,0.148533619527613,0.698748928229898,-0.296984202251492,2.46895163802014,-0.215293567062096,-0.0862530130995357,0.0
75389.0,1.25814093919374,-1.23678745349278,0.81949728329739,-1.22381978093329,-1.4734493818497,0.29822432494257,-1.12115567552282,0.0582355554210473,1.34139780865521,-0.55634649749976,-1.82673349016823,1.24931650486121,1.62195906604532,-1.26006008928793,-0.798703355502639,-2.54741990620532,0.350886980758499,1.46987594924168,0.529104748244104,-0.323729206875765,-0.304940900424058,0.1010175636723,-0.304836051266262,-0.380091802609685,0.83852674629672,-0.368683513688047,0.142242610489607,0.0391558578298435,61.9
151910.0,1.96468350998243,0.110488883815808,-1.55644234925084,1.30786242341455,0.376046094710627,-0.886383227327426,0.507933695699367,-0.241975730487474,0.0366230563150709,0.442939987818177,0.687935382424687,0.685664939746955,-1.02956938810532,0.870185322292741,-1.15102417075315,-0.5352540570161,-0.308309602402508,-0.109191157249906,0.0361748849863437,-0.320849857437782,0.104099158315078,0.443553289927859,-0.0025091877436469,0.0055772854222231,0.391305670161146,-0.51073098875549,-0.0241649996687386,-0.0714594093110923,16.18
111675.0,-1.2104755863878,-1.18607738341811,1.11594940389539,-0.202103250544469,0.234418371122772,-1.01453676204811,0.338384649603078,0.0800205683549004,0.533067912704854,-0.97396585251411,-1.11669462757997,-0.405257400484153,-0.846176821433689,0.166103372610589,0.747668885965569,0.459407022992626,-0.718979812055992,0.280403572641957,-0.40615421651468,0.537181811639383,0.0899174624586889,-0.479130121054584,0.692103848922618,-0.132879982495323,-0.0751150670558421,-0.610494665686763,-0.090292023137925,0.0294324210326921,219.0
27485.0,-0.915128015521156,0.500570132616873,0.169310452181513,-0.839501385748506,3.08074831308821,3.5503442581646,0.456990733212926,0.626989537089893,-0.0942902050994637,-0.265482742283325,-0.685037967227502,-0.170380604045795,-0.414593936517929,-0.221110455886009,-0.724112070497476,-0.0407076817042756,-0.874621314233026,-0.0267186653169921,-0.146173532751309,-0.0961845573860553,-0.145187969298962,-0.312073216753736,-0.417837862827483,1.00642251421545,0.473066388459545,-0.529045041407943,-0.306823824391541,-0.11315992173626,21.44
80912.0,1.47889417191328,-1.08147737488685,0.408400831549297,-1.28792351746114,-1.63929556225064,-0.988931668631761,-0.967910546637698,-0.231074058784795,-1.73848491957514,1.45523297542967,-0.594350513819671,-1.11603491645567,0.163604917824507,-0.277132203649567,0.629232898715984,-0.399151984432207,0.515280815464023,0.234750027776576,-0.36542609981915,-0.305763046348252,-0.0024047402240453,0.361810557528782,-0.108405373103193,0.401158588624055,0.534318038722733,0.0030843968733311,0.0255315721715379,0.0209266233925407,35.0
113615.0,-0.315318862697635,0.971821023601727,0.393685837815145,-0.700989762805984,0.637649873188456,-1.22395260707284,1.1969197802549,-0.361325290580159,-0.206901554510659,-0.658882575636588,-0.922337073089368,-0.108420571845228,-0.0691507058036736,0.376884546227701,0.308295754950977,-0.273207830939699,-0.59128799858696,0.097510777218492,-0.318642214736584,-0.193883847546893,0.360988041960748,1.09268161194434,-0.315321864241323,0.0838891969069703,-0.0336986325272333,-0.189760200644745,0.0207360261185812,0.160978838507811,1.0
27320.0,1.21913578527428,0.535373527890032,-0.48266861202696,0.815778169837938,-0.0241917593922923,-1.2753123615075,0.240891031196068,-0.12448631942917,-0.281840160610287,-0.513226549774717,1.89590410041302,0.0546605880332119,-1.25863958306942,-0.879374165151273,0.368007926891711,0.736948504807094,0.920189078919896,0.823603080829954,-0.146413723617439,-0.13304657479767,-0.100900918306676,-0.321783706013209,-0.0580383005847959,0.394985751831594,0.477925656993938,0.342336136536011,-0.04109842198964,0.0325088382415304,0.76
143182.0,1.98737041912738,-0.410268120863971,-0.601077778933004,0.137262273866831,-0.256420783380498,0.22500747668094,-0.678090391245312,0.227607758647422,1.16068344217429,0.0244866228166695,0.332274805135332,0.59903197752553,-0.698716199908571,0.278847419265618,0.115861246212336,0.58388741264741,-0.933988506694366,0.580481464423195,0.400906188940528,-0.228583306403342,-0.174545463728811,-0.456089697991818,0.352714273948225,0.211880335543293,-0.406329949885451,-0.645134781282025,0.021019591341785,-0.0404987193382776,4.6
58222.0,-1.32278906321956,1.55276821126964,-2.27692070362638,2.99211739124618,-1.94706392017319,-0.480288250384527,-1.36238752318047,0.953242226598613,-2.32962885992389,-3.39355348115172,3.1284396921776,-3.57039373078107,-0.595198191474463,-3.98841505479623,0.995905842419722,-2.84378455855144,-4.82624611607161,-0.703883464864473,2.15221455770756,0.988493486888991,0.614968996752659,-0.195199717277462,0.590711261700839,-0.233377663885038,-0.164285286785183,-0.27749787053455,0.428610084734921,0.246393746180351,270.0
138664.0,2.02042135882088,0.116316604236355,-1.60258393999907,0.344898039802039,0.384071281269477,-0.663526997721539,0.0865547693358328,-0.102084006454282,0.219388909794255,-0.209646902498231,1.30084400163407,0.904711147338521,-0.0389382450553479,-0.639613012578474,-0.510612690154527,0.457426098819341,0.289994391672746,0.124644529966355,0.271946517785644,-0.151599878985603,-0.300908567975204,-0.796105552471396,0.351029556552563,0.670151622196176,-0.312450653264888,0.142610261453044,-0.0660298165374311,-0.0388334337879717,0.99
121253.0,2.13486511545716,-0.820925504022552,-0.76506550682323,-0.691699518601497,-1.02056300987611,-1.26787436340113,-0.54227901378751,-0.31422406861677,-0.247809141174036,0.752328403653217,-0.351523038838591,-0.210658709549841,0.283115625791641,-0.253627963357863,-0.0767284040452713,0.696664532244381,0.445504279718882,-1.73645178445174,0.414008663970732,-0.0232812025896987,0.232217198035297,0.725976192095823,0.18728073478186,0.384840275798906,-0.116735315505457,-0.18387855814834,-0.0137293156531388,-0.0506267531572848,25.0
169336.0,2.22610271893001,-1.52826640294867,-0.816557532167943,-1.64709469543581,-1.32604369275847,-0.268347085416546,-1.36262995057605,0.0373118856935526,-1.23713169171581,1.74353960996337,0.547459952068273,-0.570820510843494,-0.505539224520875,-0.137163145662854,-0.689030563748639,-0.247675403847157,0.260486607249476,0.577159184295448,0.102658469079276,-0.433489614395797,-0.113252454317656,0.063335384989186,0.28275281781416,0.719672734299852,-0.302745106950016,-0.232105993448539,0.0046511385095246,-0.0490441269187102,27.0
64222.0,-0.62177027264532,1.03744517149787,0.367376756811695,0.582815116254969,0.196312149927831,0.28930690893071,0.589374087893661,0.461990528920953,-1.01307102775274,-0.336576441963293,-0.0523807190269852,0.211818746389364,0.0241559391743902,0.833452698498299,0.381089547835184,0.356845580850346,-0.689078589988083,1.07821338874642,1.13812415947938,0.0885906259604682,0.218035039966581,0.377981553824956,-0.086147015291807,-0.848449751343607,-0.0834205966208111,-0.278979004888687,0.0152395402284149,0.085060105070326,85.25
50496.0,-0.606097484821472,0.85726073060527,1.61046192413606,1.1975803316296,0.348393215891244,0.493555121822952,0.782100083455707,0.108018324059635,-0.536887977393986,-0.456849449711715,-1.05080393407025,-0.130927457453588,-0.168426818237162,0.0329092769218901,0.364411034586198,-1.06122262297355,0.505262238064041,-0.483461994204227,1.00421065466359,0.150476537993154,-0.0468569318695303,-0.0038815041020565,-0.27659703424188,-0.417394254628876,0.533114990158079,-0.101529147518036,0.0885396452369271,0.0713638554100967,53.25
81438.0,1.34023256380493,-0.833991406883479,-0.278163361769309,-0.988108133425825,-0.0537674291222332,0.985750992418755,-0.70044981238259,0.210136811761426,-0.610152387207971,0.593640296885271,-0.200019526697101,-0.0705566439913938,0.358024800176255,-0.357357717894559,-0.817276878992389,0.985585010984898,0.0742672775454071,-1.16279216411952,1.50642275178382,0.18204567176855,-0.0265914412416595,-0.0757407545420131,-0.271177867527985,-1.66562286433576,0.67214580500275,-0.130549432969765,0.0162459050509261,-0.0095267599001605,56.0
138850.0,-2.23832481959966,2.76653406659904,-1.01970093752279,-1.52419112986718,0.455597052048122,-2.37470634577609,2.2268048779403,-1.06759854693607,2.17838848985366,3.56064837435262,0.282391090997855,-0.394274813610544,-1.27150778193998,-0.473553395387399,0.0882810119284354,-1.37356370260792,-0.440467972238355,-0.841524794170772,-0.78948297050027,1.47500395782104,-0.185795837291389,0.871067485201439,-0.102779432770058,0.919862139862536,0.0377597146972651,-0.0019364399563299,1.05146211024257,0.28986249555551,7.69
123141.0,2.18620698198784,-1.70502615259986,-1.01978699560818,-1.25781208172727,-1.24807216305741,-0.141604516934895,-1.14047654233659,-0.0248630311464142,-0.539256665192801,1.34791551932672,-1.78758175967554,-1.03864287073073,-0.961567270928814,-0.642295400500457,-1.87344454101658,-1.36460341929107,1.24615185428707,-0.714526764579877,0.555798191853809,-0.439072482096412,-0.520433950792376,-0.927981185600815,0.313057755471494,0.549168498794205,-0.201819117917916,-0.346236669894638,0.0057420756829282,-0.0423644268851885,60.43
43694.0,0.398712668615664,1.72482350935285,-3.79492535399804,0.528056305675663,3.16399282840455,2.33521565184228,0.0054511885331152,1.11066788466978,-0.572589650304402,-1.2409708648241,0.797052441415289,-0.687141238258744,-0.218388305113853,-3.09573316722207,1.2453704590581,1.2761493090606,2.48897126136145,1.99645195368249,-0.0398013583692929,0.0914696086323137,-0.141770831030878,-0.485936971654215,0.123842021367187,0.653565294205263,-0.286417043247437,-0.395777919506644,-0.0010244681799913,-0.0580183550426908,1.79
51937.0,1.2139986119746,0.296710178943363,0.275315360233007,0.644645177014872,-0.197852643806694,-0.606736928630784,-0.0019365694234816,-0.0565144789897505,0.0516889268532805,-0.322127285021914,0.129272057369888,0.23984763105376,0.0551475262511189,-0.229260767507226,1.36237741814294,0.193123000998732,0.2816624806931,-0.729665837181344,-0.555561087476922,-0.123186306400462,-0.262023438122115,-0.727644112674261,0.161105135171455,0.0297643220625803,0.138360504443458,0.124678051502489,-0.007482420525023,0.0269999028042979,1.29
2428.0,-0.322984131968254,0.711643600942309,0.896844368569247,-2.15272907452942,0.429933792054456,-1.21549068954998,1.17494872722504,-0.421006511206635,0.841764215948796,-1.15404065510274,-0.757533623232946,0.151177628656699,0.0422579502259905,0.0156962388001168,0.901189794417479,-0.443742116883789,-0.761340668356206,0.183879348428499,0.0853489372655243,0.0572454123163629,0.0296476511163277,0.476990938168687,-0.359697872707364,-0.104291613850874,0.145479791515898,-0.809105160283306,0.239336902260192,-0.0183675980487125,1.0
79566.0,0.963671068067598,-0.486650605484669,1.29434725790608,0.479322726980684,-1.05970614643522,0.380648853115089,-0.872957089957788,0.322970493123254,0.452545399125338,-0.0308613588774565,1.54759306911406,1.04747556583879,0.394719623060878,-0.0246883755489567,1.14464648370522,0.756671436278457,-0.664298558671694,0.435610984432436,-0.679189731360126,0.0826113120021821,0.347337825010735,0.891731795478113,-0.0827598695647406,0.080690601902616,0.0631984168296054,0.580622789078733,0.0131305703575427,0.0310228495138265,83.7
64028.0,1.19614063239762,-0.172655308243126,-0.0692387423020333,0.385646506265852,0.262495261648927,0.840890573358801,-0.244824927480835,0.266246069230054,0.387405027467076,-0.0583704834497714,-0.0469845689934003,0.464674557559176,-0.55052567519772,0.209173072841442,-0.487859169573831,0.0439999803709686,-0.388065952004387,-0.147752233520421,0.650057630554064,-0.0929115253083605,-0.234356778544654,-0.569362765215692,-0.146809350606449,-1.28851206227267,0.49927085536478,0.36357009706511,-0.0199185432403893,-0.011633190444705,29.31
60897.0,-11.7410571918834,-7.0937114041237,-2.01429885448211,1.3798151193185,-1.69934947609037,0.879000625040038,1.64281443030873,-0.531661060896866,2.78306081635566,1.86179938936308,1.65835397722999,1.07587409601337,0.139669960615731,-1.28952104452568,0.248594512255783,0.728645080168774,-0.147576659845428,-1.40812237317097,0.0130264955533674,-4.49752669290744,-1.74277999336845,-0.24011298443867,-1.51135563313196,0.102744250438721,0.0839390116391965,0.555228251368864,-3.87846533530885,2.7577989141404,120.0
155173.0,-0.541542733690918,1.59126592186705,-1.31779241366995,0.914144829761034,1.21249094746722,-0.0695124488522878,1.07980991083318,0.441074033923142,-0.993212098694054,-0.683962045073906,0.312592885649523,-0.285694679238212,-1.28661328198217,-0.337123680587377,-0.712591182573382,-0.196024254494992,1.13697945683277,1.15347365382511,0.994703640568897,0.0780498361928063,0.104454022211618,0.317556280428449,-0.173800424987595,0.0738431420653163,0.0848979535470202,-0.393216014552489,0.300986063047494,0.20742142915563,55.54
93581.0,-1.9229855523643,-0.50494607693397,-1.20120714744501,1.37693256058802,-0.0293643259537983,0.169823134049457,3.02287063547491,-0.819447595376498,0.502090136151788,-0.054194634917177,1.33927990945504,-3.33833467914856,-0.236798522827148,2.52549778766667,-0.53737167152084,-0.258999379403049,0.217676218826539,0.868802739529032,0.96718025134827,-1.51946365386359,-0.346873327714344,0.768965131846642,0.919210506087589,-0.444386755879932,0.114991422524616,-0.366782037857167,0.538270598628816,-0.229908763165117,444.98
59903.0,-0.86708607844749,1.05809575573284,1.5041577904371,1.89486576816646,1.17525909861782,-0.131358273512607,0.949322717761337,0.0844535340301152,-1.74234727273354,0.156839782516295,0.0316103722424561,-0.20017036635166,-0.270023798909893,0.535739354682251,0.51059643423573,-0.494001428044412,0.255099917713094,-1.30674792028637,-1.51734524785437,-0.0487056457273676,0.178048290955317,0.390435966928375,-0.133652206300702,0.0875747223846431,0.16376463383839,0.0857711704581616,0.0564527503241029,0.0968549392475297,15.94
37314.0,1.43845005461184,-1.10818642091788,0.765152066523757,-1.18335382735536,-2.05669474448339,-1.34516362362115,-1.04420783845574,-0.1479074429224,-1.59091326280584,1.46222979875481,-0.242669654876703,-1.62902345166239,-1.43803651573886,0.0933324398365358,0.825664621263186,-0.336101212797911,0.772680944801075,-0.183291288187733,-0.348117725169007,-0.429630676854501,-0.430672601442512,-1.03193569407748,0.286432652760196,0.79895471335999,-0.0212412889162666,-0.508494428079384,0.0210431478668891,0.032514581563394,30.0
153953.0,-0.718246536872308,0.0141993927313747,1.35235983514577,-1.05602059886836,0.998931523438188,1.97433118399226,-0.291510293446618,0.853691416661855,0.260762757754507,-0.804952244617525,0.563952554563142,-0.0223100730258517,-1.41978509693299,0.178218628766627,0.295250472118856,-0.241993252850712,-0.0058361252134693,-0.446072711679552,-1.04601659985096,-0.172687862230544,0.330743356308784,0.989290415528819,-0.165291722590606,-0.709385367028286,-0.370074156277364,0.643898551764681,0.12082054422229,0.112785003615234,11.5
123701.0,-2.1093100245181,2.11642110055654,0.589708998350573,-1.84614860833976,1.07713631048595,0.305641782902389,1.41960548077194,-1.05119675662111,3.06497784123796,3.19563794616309,1.58139238268076,0.0744100898152873,0.0336641487294854,-3.40088792106972,0.164625241002769,0.144287060704123,-0.793995389567964,0.606395086651527,-0.167864163420032,1.55993984404542,-0.781345762517309,-0.585637194518864,-0.220381091927375,0.0517204126756598,0.0497892272783378,-0.51688446365306,-0.870189281345851,-1.26336658643558,0.77
48501.0,-1.60246752497275,1.91473016551083,-0.314438456543586,-0.122071605457956,-0.386320975036474,-0.681551443719794,-0.225741419223857,1.07088326065359,-0.850004762239903,-0.707394508332212,-1.56343640372158,0.50069181826601,1.11147444460383,0.888394613599094,0.53421363542662,0.547873399261898,-0.218441494800916,0.124155592662802,0.232621747644798,-0.221957677943174,0.186958761806446,0.238991484520936,-0.0576271133385296,-0.404194666236491,-0.114600183506249,0.334094717509318,-0.275870282497578,-0.0205370209716312,1.5
132540.0,-0.552969145675907,0.358829807448088,1.36604963104899,-1.26432080689213,0.49204392982645,-0.222840880478658,0.242110378649389,0.148216949683636,0.283898342936666,-0.930663713631256,-1.45923699786428,-0.578710566472497,-0.462085953752305,-0.123916107136282,0.285210052156606,0.84344586932122,-1.01580470959687,0.361336121322809,-0.87251831330527,-0.117803893953186,0.22254216682707,0.555334185891017,-0.235639810404934,0.505635680547746,-0.178245544454528,0.540801538656517,0.0587844042774446,0.138887820046475,0.01
149558.0,2.05838581763838,-0.0628573657872103,-1.09633400758427,0.39269397608539,-0.0804585792245242,-1.0893998516569,0.166785283272469,-0.303120753484958,0.548885133630372,0.0656987559983003,-0.758229858561324,0.421084875708993,0.0456749832037541,0.28219070157982,0.0954813446098884,-0.14198118815367,-0.255771233181052,-0.932291684272459,0.100970687196061,-0.23012346144183,-0.28832850507808,-0.690630345819708,0.338555767191152,-0.0845195008262885,-0.304949191331942,0.205521205332836,-0.0678260212491333,-0.0612694878593398,1.79
99108.0,-1.1935577140897,1.60315321904599,1.46088024824034,2.89242329098249,0.539452972121803,0.949328614580029,-0.152325865787752,0.533829237828112,0.162927201453325,0.315576098782277,-1.06605927886675,-2.99769615941981,1.91303759288393,1.23362450638497,-1.68279585503254,1.30960125060615,-0.244401837734492,0.611885502802024,-1.85490625117587,-0.360092267973779,0.178522472756224,0.492015314471212,-0.150268768747497,0.397024775932337,-0.424747652440205,-0.110939243915547,-0.389285307841065,0.135585667368811,4.95
27699.0,1.21408745382597,-0.457960761491849,-0.433451021358944,-0.364814877981958,1.43733858455948,3.87350506137982,-1.17735658213955,1.03659958594323,0.681780910472911,-0.124320602458753,-0.410354003630628,0.151503703529312,0.0817543776691142,-0.163990284022779,0.830753254066209,0.654921720791785,-0.833110505858628,0.482466388559403,0.105221154289148,0.0691935641238945,0.0549286535915713,0.129037471724227,-0.109630881694714,1.06080554426534,0.504613580683353,0.480375465658986,0.012201938282315,0.0217419726944999,26.25
165713.0,-2.25143661972084,-0.769668933657511,0.674539331233952,-0.892419008955318,0.779051189677528,-0.34474712207429,0.300498963541306,-0.253465439345828,1.94180204929314,1.18870345592928,0.670862697581876,0.184674200776873,-0.870967409622113,-0.777177091980852,-0.342519256988446,0.20941949983382,-1.14876336514357,0.759526402595907,0.0355306093531829,-0.375422245720991,-0.163159888760987,1.26178092848289,0.912848684776906,0.775794664087624,-0.564073354098941,-0.0834283571360114,0.372784426808136,0.303952954117838,0.72
93904.0,-11.3206331107815,7.1919501426236,-13.1790825454686,9.09955188204157,-10.094748875094,-2.44011507020033,-14.1843372950953,4.45250293397358,-6.24196000276902,-12.618162687238,6.05731930477932,-15.7176066468772,0.117817409556609,-8.65374335706751,-2.50255377627617,-11.2313644545234,-21.5851521412337,-9.09089206099764,1.17118873250237,-0.180934725269677,1.08223532776525,-0.350562500439559,0.483043945803059,0.661132920850802,-0.396521511995203,-0.413315388408682,-0.997547797965388,-0.235035882545031,37.93
61731.0,1.36476934888354,-0.29812918248513,-0.0697484261692447,-0.558071074782943,-0.631675418852424,-1.08274777709497,-0.0222123512653256,-0.316905247486067,-1.27987657398778,0.671869304129841,0.106327873491695,0.246031898652238,0.588451072769386,0.302965097715074,0.7950691608049,-2.00198513700056,0.47480717370486,0.0521201544156693,-1.12656502274867,-0.499864295286154,-0.356046122868949,-0.483664815468677,0.0606105082885455,0.448889259768353,0.335047678262242,1.08046089378865,-0.0686045090350408,-0.0034163574711374,9.0
36081.0,1.30681709495439,-0.5418983696791,0.166025672779155,-0.632248303076753,-0.698126565040121,-0.418271477879202,-0.424042078182586,-0.0368906740796645,-1.06221747508937,0.697322045599396,1.6402547531313,0.444013709335939,0.0384010326297725,0.0051555355891562,-0.714247591557438,0.361305822763253,0.714338358403298,-1.7039940138317,0.664380154985907,0.0479301226013283,0.250819483883411,0.764576641456469,-0.132647861720525,0.281171927606311,0.660827022324465,-0.0668618696806751,0.003070726795815,-0.0056649439561774,20.0
132368.0,1.73834842824321,-0.830539804579204,-1.03597765685758,-0.0580831373525116,0.480441545188113,1.82275132669588,-0.666922962783662,0.591068555865791,0.921700453661188,-0.0594264285312022,0.707838049687004,0.973973919422049,-0.424974744745441,0.199107588523298,0.0469232200150615,-0.346873601262457,0.0885122287846029,-1.36833670447187,-0.271625409143479,-0.10693796098689,-0.306775280159361,-0.882621736841878,0.439390553761965,-0.973705646150133,-0.806524761321423,0.219389904199267,-0.0206493502886901,-0.0545788126928931,87.0
77328.0,1.20609155917713,0.413766688745356,0.557590917027213,1.09870948355656,-0.28354386694941,-0.851671342141387,0.217105717985975,-0.250929149970831,-0.159489347847254,-0.0655726127834865,-0.0891639028864065,0.984905653335668,1.38660248708956,0.0746620424618968,0.894396766472953,0.169432287101494,-0.558312257383168,-0.49817071214531,-0.301477541899178,-0.0290848303940324,-0.207425565280972,-0.567322162808539,0.0762754135510306,0.385201492324108,0.409747927474103,-0.636775167540795,0.0309020614676778,0.034866992849337,15.97
80193.0,-2.33050235366252,1.87542751611182,1.05640234085692,1.93434667947027,-0.760417992494188,0.531396785746828,-0.734146948920995,1.44982164168307,-0.863937605554913,-0.196848503863056,-2.29247105973542,-0.0730856037106765,0.214756183905676,0.339391925625309,-0.572171764039399,0.898565782707068,-0.112971576681926,0.409154647413166,-0.332493094475131,-0.276550729765333,0.18739723860145,0.240621842935702,-0.30451445174816,-0.426271736828198,0.658262836236254,0.21917288092188,-0.460472276629284,-0.0811454595366093,15.21
163667.0,1.97810301267484,-0.316145001844125,-0.399509288155342,0.152832074971594,-0.511120609104383,-0.339746129369833,-0.560593170029953,0.0692986943806436,1.10675035071215,-0.0520812486383652,0.670889487067446,1.01897945511489,-0.0710406030444439,0.27641706307358,0.401693965816741,0.516545582431087,-1.01620572013125,0.626700147231071,0.263955374397127,-0.233612526507491,-0.0894466172075583,-0.157260404210885,0.303377997033514,-0.398812863420293,-0.358955882856702,-0.923324049584089,0.0543576269994466,-0.0406105631861349,1.0
34505.0,1.20410843161655,0.165671174514797,0.608378788402144,0.558064338515846,-0.573148508784781,-0.799230887544391,-0.0770468062708315,-0.0384722790004545,-0.140805564494933,0.120244344414648,1.56677231252193,0.817132435317782,-0.385095042829218,0.563313495573254,0.379934703944514,0.466692478876258,-0.566364898479945,-0.0426988493383303,0.0977449694785517,-0.127575160889062,-0.199454380562611,-0.641354061736952,0.156958762848242,0.514444320313923,0.140758530233848,0.0664930476229939,-0.0362442127394099,0.0095291385411588,0.99
